{
  "dataset_revision": "ec0fa4fe99da2ff19ca1214b7966684033a58814",
  "evaluation_time": 246.6102797985077,
  "kg_co2_emissions": null,
  "mteb_version": "1.14.10",
  "scores": {
    "test": [
      {
        "hf_subset": "default",
        "languages": [
          "eng-Latn"
        ],
        "main_score": 0.26821,
        "map_at_1": 0.0385,
        "map_at_10": 0.09029,
        "map_at_100": 0.11478,
        "map_at_1000": 0.12759,
        "map_at_20": 0.09946,
        "map_at_3": 0.06832,
        "map_at_5": 0.07695,
        "mrr_at_1": 0.38390092879256965,
        "mrr_at_10": 0.4627242124920143,
        "mrr_at_100": 0.46932258323243414,
        "mrr_at_1000": 0.4699814438710793,
        "mrr_at_20": 0.4664338978252175,
        "mrr_at_3": 0.44427244582043335,
        "mrr_at_5": 0.4523219814241487,
        "nauc_map_at_1000_diff1": 0.23198555475413168,
        "nauc_map_at_1000_max": 0.3447709342352579,
        "nauc_map_at_1000_std": 0.23564870753343245,
        "nauc_map_at_100_diff1": 0.249587341149921,
        "nauc_map_at_100_max": 0.3354155906759163,
        "nauc_map_at_100_std": 0.20542993495749784,
        "nauc_map_at_10_diff1": 0.27462294532005116,
        "nauc_map_at_10_max": 0.29412432411592465,
        "nauc_map_at_10_std": 0.10621386009123318,
        "nauc_map_at_1_diff1": 0.3682854120400341,
        "nauc_map_at_1_max": 0.18022868933028452,
        "nauc_map_at_1_std": -0.037687216128902225,
        "nauc_map_at_20_diff1": 0.2664882646190907,
        "nauc_map_at_20_max": 0.310378316419511,
        "nauc_map_at_20_std": 0.14626540042897615,
        "nauc_map_at_3_diff1": 0.3068338303191343,
        "nauc_map_at_3_max": 0.21383958993614036,
        "nauc_map_at_3_std": 0.02189559523781993,
        "nauc_map_at_5_diff1": 0.29321928864824187,
        "nauc_map_at_5_max": 0.2521814313519583,
        "nauc_map_at_5_std": 0.04696481849352511,
        "nauc_mrr_at_1000_diff1": 0.3426798936695904,
        "nauc_mrr_at_1000_max": 0.41337311381016617,
        "nauc_mrr_at_1000_std": 0.2046880715124413,
        "nauc_mrr_at_100_diff1": 0.3427721593222072,
        "nauc_mrr_at_100_max": 0.41390423107769114,
        "nauc_mrr_at_100_std": 0.20524031170396445,
        "nauc_mrr_at_10_diff1": 0.343265638667224,
        "nauc_mrr_at_10_max": 0.4131523045040559,
        "nauc_mrr_at_10_std": 0.20481413792354392,
        "nauc_mrr_at_1_diff1": 0.3524047829726138,
        "nauc_mrr_at_1_max": 0.3736836229756284,
        "nauc_mrr_at_1_std": 0.14464714751076946,
        "nauc_mrr_at_20_diff1": 0.3422874123145242,
        "nauc_mrr_at_20_max": 0.41343263318585854,
        "nauc_mrr_at_20_std": 0.20490769261342215,
        "nauc_mrr_at_3_diff1": 0.3383252277056301,
        "nauc_mrr_at_3_max": 0.39080379340152094,
        "nauc_mrr_at_3_std": 0.17819168188033777,
        "nauc_mrr_at_5_diff1": 0.3419054407522194,
        "nauc_mrr_at_5_max": 0.39953636648037577,
        "nauc_mrr_at_5_std": 0.18515731844151317,
        "nauc_ndcg_at_1000_diff1": 0.2507817925595243,
        "nauc_ndcg_at_1000_max": 0.48139755066773793,
        "nauc_ndcg_at_1000_std": 0.37952324533150505,
        "nauc_ndcg_at_100_diff1": 0.2376098903551399,
        "nauc_ndcg_at_100_max": 0.40504787123245983,
        "nauc_ndcg_at_100_std": 0.29796874080960106,
        "nauc_ndcg_at_10_diff1": 0.22214807686853005,
        "nauc_ndcg_at_10_max": 0.38138579764765956,
        "nauc_ndcg_at_10_std": 0.26738443565833775,
        "nauc_ndcg_at_1_diff1": 0.36008160528156674,
        "nauc_ndcg_at_1_max": 0.3500403205105773,
        "nauc_ndcg_at_1_std": 0.13219237531224795,
        "nauc_ndcg_at_20_diff1": 0.20634132963659932,
        "nauc_ndcg_at_20_max": 0.3628339921945134,
        "nauc_ndcg_at_20_std": 0.2718123500004964,
        "nauc_ndcg_at_3_diff1": 0.2568556199084535,
        "nauc_ndcg_at_3_max": 0.33956170434724303,
        "nauc_ndcg_at_3_std": 0.1927857698586695,
        "nauc_ndcg_at_5_diff1": 0.24282914170509876,
        "nauc_ndcg_at_5_max": 0.3621384570990719,
        "nauc_ndcg_at_5_std": 0.21675248236529518,
        "nauc_precision_at_1000_diff1": -0.14767581345402908,
        "nauc_precision_at_1000_max": 0.05257808060203939,
        "nauc_precision_at_1000_std": 0.21904014703484545,
        "nauc_precision_at_100_diff1": -0.08669341547704794,
        "nauc_precision_at_100_max": 0.20472043873897475,
        "nauc_precision_at_100_std": 0.3764591394069262,
        "nauc_precision_at_10_diff1": 0.07669462883166785,
        "nauc_precision_at_10_max": 0.391444472983561,
        "nauc_precision_at_10_std": 0.38124967037867746,
        "nauc_precision_at_1_diff1": 0.3524047829726138,
        "nauc_precision_at_1_max": 0.3736836229756284,
        "nauc_precision_at_1_std": 0.14464714751076946,
        "nauc_precision_at_20_diff1": -0.00015656645467313344,
        "nauc_precision_at_20_max": 0.3200548849860508,
        "nauc_precision_at_20_std": 0.39060693944621266,
        "nauc_precision_at_3_diff1": 0.18798765550440355,
        "nauc_precision_at_3_max": 0.34986190195073874,
        "nauc_precision_at_3_std": 0.2556136588894132,
        "nauc_precision_at_5_diff1": 0.140083866467344,
        "nauc_precision_at_5_max": 0.37195535083264364,
        "nauc_precision_at_5_std": 0.28714218558831417,
        "nauc_recall_at_1000_diff1": 0.1225364126766353,
        "nauc_recall_at_1000_max": 0.3076992867999221,
        "nauc_recall_at_1000_std": 0.30058724937154174,
        "nauc_recall_at_100_diff1": 0.18734376721459126,
        "nauc_recall_at_100_max": 0.29443533073296574,
        "nauc_recall_at_100_std": 0.2326412085284122,
        "nauc_recall_at_10_diff1": 0.2324223801899909,
        "nauc_recall_at_10_max": 0.23925367907463327,
        "nauc_recall_at_10_std": 0.09502943617048257,
        "nauc_recall_at_1_diff1": 0.3682854120400341,
        "nauc_recall_at_1_max": 0.18022868933028452,
        "nauc_recall_at_1_std": -0.037687216128902225,
        "nauc_recall_at_20_diff1": 0.2117336180032677,
        "nauc_recall_at_20_max": 0.2303141764223447,
        "nauc_recall_at_20_std": 0.13889041923490866,
        "nauc_recall_at_3_diff1": 0.27252864617376316,
        "nauc_recall_at_3_max": 0.17257167814822294,
        "nauc_recall_at_3_std": -0.005148967000923668,
        "nauc_recall_at_5_diff1": 0.2614396561017738,
        "nauc_recall_at_5_max": 0.20938605089408366,
        "nauc_recall_at_5_std": 0.030389488882699666,
        "ndcg_at_1": 0.36068,
        "ndcg_at_10": 0.26821,
        "ndcg_at_100": 0.25194,
        "ndcg_at_1000": 0.34238,
        "ndcg_at_20": 0.24852,
        "ndcg_at_3": 0.32152,
        "ndcg_at_5": 0.29446,
        "precision_at_1": 0.3839,
        "precision_at_10": 0.19845,
        "precision_at_100": 0.06777,
        "precision_at_1000": 0.01954,
        "precision_at_20": 0.1452,
        "precision_at_3": 0.30341,
        "precision_at_5": 0.25139,
        "recall_at_1": 0.0385,
        "recall_at_10": 0.12652,
        "recall_at_100": 0.26269,
        "recall_at_1000": 0.58132,
        "recall_at_20": 0.15863,
        "recall_at_3": 0.0801,
        "recall_at_5": 0.09454
      }
    ]
  },
  "task_name": "NFCorpus"
}