{
  "dataset_revision": "ec0fa4fe99da2ff19ca1214b7966684033a58814",
  "evaluation_time": 2.984287977218628,
  "kg_co2_emissions": null,
  "mteb_version": "1.14.12",
  "scores": {
    "test": [
      {
        "hf_subset": "default",
        "languages": [
          "eng-Latn"
        ],
        "main_score": 0.01562,
        "map_at_1": 0.00073,
        "map_at_10": 0.00141,
        "map_at_100": 0.00321,
        "map_at_1000": 0.00806,
        "map_at_20": 0.00183,
        "map_at_3": 0.00097,
        "map_at_5": 0.00112,
        "mrr_at_1": 0.018575851393188854,
        "mrr_at_10": 0.03968253968253967,
        "mrr_at_100": 0.05120594459217202,
        "mrr_at_1000": 0.05293371553292829,
        "mrr_at_20": 0.04408379445341842,
        "mrr_at_3": 0.027863777089783277,
        "mrr_at_5": 0.0326625386996904,
        "nauc_map_at_1000_diff1": 0.043005311504927236,
        "nauc_map_at_1000_max": -0.00967171715042319,
        "nauc_map_at_1000_std": 0.018472863296709854,
        "nauc_map_at_100_diff1": 0.2080490174834923,
        "nauc_map_at_100_max": -0.15041505038928374,
        "nauc_map_at_100_std": 0.19935922406351678,
        "nauc_map_at_10_diff1": 0.286650723346665,
        "nauc_map_at_10_max": -0.23744530695193605,
        "nauc_map_at_10_std": 0.27936678014385996,
        "nauc_map_at_1_diff1": 0.5196758192527492,
        "nauc_map_at_1_max": -0.3444282276899181,
        "nauc_map_at_1_std": 0.4915694974558004,
        "nauc_map_at_20_diff1": 0.25159968291877377,
        "nauc_map_at_20_max": -0.1687858522182283,
        "nauc_map_at_20_std": 0.25003675470488523,
        "nauc_map_at_3_diff1": 0.4144898746120444,
        "nauc_map_at_3_max": -0.2927898846311349,
        "nauc_map_at_3_std": 0.39293106431782127,
        "nauc_map_at_5_diff1": 0.3270600672508209,
        "nauc_map_at_5_max": -0.24917741521654282,
        "nauc_map_at_5_std": 0.3097218629957015,
        "nauc_mrr_at_1000_diff1": 0.09971960157322714,
        "nauc_mrr_at_1000_max": -0.06202376514889494,
        "nauc_mrr_at_1000_std": 0.052002537651932225,
        "nauc_mrr_at_100_diff1": 0.09942031999956284,
        "nauc_mrr_at_100_max": -0.06213262631550587,
        "nauc_mrr_at_100_std": 0.05364778749502586,
        "nauc_mrr_at_10_diff1": 0.13969092438057792,
        "nauc_mrr_at_10_max": -0.0969716482544618,
        "nauc_mrr_at_10_std": 0.0910077386339446,
        "nauc_mrr_at_1_diff1": 0.26822030622645915,
        "nauc_mrr_at_1_max": -0.1440534513577557,
        "nauc_mrr_at_1_std": 0.22556266450026205,
        "nauc_mrr_at_20_diff1": 0.10332912960810671,
        "nauc_mrr_at_20_max": -0.07158411662339015,
        "nauc_mrr_at_20_std": 0.06083076805361523,
        "nauc_mrr_at_3_diff1": 0.18454534214820523,
        "nauc_mrr_at_3_max": -0.11209843511632318,
        "nauc_mrr_at_3_std": 0.16014260257211763,
        "nauc_mrr_at_5_diff1": 0.13993233187788628,
        "nauc_mrr_at_5_max": -0.09294193646775135,
        "nauc_mrr_at_5_std": 0.10793559813646594,
        "nauc_ndcg_at_1000_diff1": -0.052696741969803014,
        "nauc_ndcg_at_1000_max": 0.08332087967867631,
        "nauc_ndcg_at_1000_std": -0.11646824345957131,
        "nauc_ndcg_at_100_diff1": 0.03421284741621009,
        "nauc_ndcg_at_100_max": -0.0010478686406720252,
        "nauc_ndcg_at_100_std": 0.006312822742197053,
        "nauc_ndcg_at_10_diff1": 0.11212139813875319,
        "nauc_ndcg_at_10_max": -0.0498424849192096,
        "nauc_ndcg_at_10_std": 0.06377744014532089,
        "nauc_ndcg_at_1_diff1": 0.4366350471801444,
        "nauc_ndcg_at_1_max": -0.1926606359156728,
        "nauc_ndcg_at_1_std": 0.37045864058321326,
        "nauc_ndcg_at_20_diff1": 0.056054653042999794,
        "nauc_ndcg_at_20_max": 0.009657475189149767,
        "nauc_ndcg_at_20_std": 0.0217822326275417,
        "nauc_ndcg_at_3_diff1": 0.25538965685067866,
        "nauc_ndcg_at_3_max": -0.13543837909396436,
        "nauc_ndcg_at_3_std": 0.22527270144099393,
        "nauc_ndcg_at_5_diff1": 0.1650244429583696,
        "nauc_ndcg_at_5_max": -0.07670038340113879,
        "nauc_ndcg_at_5_std": 0.12295638529928303,
        "nauc_precision_at_1000_diff1": -0.17181372628694686,
        "nauc_precision_at_1000_max": 0.18616818191748247,
        "nauc_precision_at_1000_std": -0.23567798222248265,
        "nauc_precision_at_100_diff1": -0.0937347243584057,
        "nauc_precision_at_100_max": 0.1039414796925085,
        "nauc_precision_at_100_std": -0.122091431294951,
        "nauc_precision_at_10_diff1": 0.043793794012320884,
        "nauc_precision_at_10_max": -0.018034994158286244,
        "nauc_precision_at_10_std": -0.00685746905889112,
        "nauc_precision_at_1_diff1": 0.4366350471801444,
        "nauc_precision_at_1_max": -0.1926606359156728,
        "nauc_precision_at_1_std": 0.37045864058321326,
        "nauc_precision_at_20_diff1": -0.01592517125003112,
        "nauc_precision_at_20_max": 0.031079406745539554,
        "nauc_precision_at_20_std": -0.036037317624170256,
        "nauc_precision_at_3_diff1": 0.17767320612348045,
        "nauc_precision_at_3_max": -0.08903229487742623,
        "nauc_precision_at_3_std": 0.14919798582801758,
        "nauc_precision_at_5_diff1": 0.06294017959947863,
        "nauc_precision_at_5_max": -0.02388076329514791,
        "nauc_precision_at_5_std": 0.024809097872202052,
        "nauc_recall_at_1000_diff1": -0.07450114331926977,
        "nauc_recall_at_1000_max": 0.01747462466607125,
        "nauc_recall_at_1000_std": -0.05305289859597307,
        "nauc_recall_at_100_diff1": 0.06865020004195062,
        "nauc_recall_at_100_max": -0.01149697789670009,
        "nauc_recall_at_100_std": 0.049910807547996726,
        "nauc_recall_at_10_diff1": 0.15412183155731862,
        "nauc_recall_at_10_max": -0.16687032764588108,
        "nauc_recall_at_10_std": 0.14241919694947902,
        "nauc_recall_at_1_diff1": 0.5196758192527492,
        "nauc_recall_at_1_max": -0.3444282276899181,
        "nauc_recall_at_1_std": 0.4915694974558004,
        "nauc_recall_at_20_diff1": 0.028739118675268946,
        "nauc_recall_at_20_max": 0.11895202476336134,
        "nauc_recall_at_20_std": 0.0073493886609362616,
        "nauc_recall_at_3_diff1": 0.30717504463584566,
        "nauc_recall_at_3_max": -0.2160221793270587,
        "nauc_recall_at_3_std": 0.2756914392674525,
        "nauc_recall_at_5_diff1": 0.15179390385390704,
        "nauc_recall_at_5_max": -0.12641968353958813,
        "nauc_recall_at_5_std": 0.11611907879905808,
        "ndcg_at_1": 0.01548,
        "ndcg_at_10": 0.01562,
        "ndcg_at_100": 0.02851,
        "ndcg_at_1000": 0.11765,
        "ndcg_at_20": 0.01642,
        "ndcg_at_3": 0.01453,
        "ndcg_at_5": 0.01411,
        "precision_at_1": 0.01548,
        "precision_at_10": 0.0161,
        "precision_at_100": 0.01474,
        "precision_at_1000": 0.0124,
        "precision_at_20": 0.01517,
        "precision_at_3": 0.01548,
        "precision_at_5": 0.01486,
        "recall_at_1": 0.00073,
        "recall_at_10": 0.00365,
        "recall_at_100": 0.04193,
        "recall_at_1000": 0.3549,
        "recall_at_20": 0.00848,
        "recall_at_3": 0.00128,
        "recall_at_5": 0.0018
      }
    ]
  },
  "task_name": "NFCorpus"
}