{
  "dataset_revision": "ec0fa4fe99da2ff19ca1214b7966684033a58814",
  "evaluation_time": 2.990176200866699,
  "kg_co2_emissions": null,
  "mteb_version": "1.14.12",
  "scores": {
    "test": [
      {
        "hf_subset": "default",
        "languages": [
          "eng-Latn"
        ],
        "main_score": 0.16595,
        "map_at_1": 0.01594,
        "map_at_10": 0.04454,
        "map_at_100": 0.06026,
        "map_at_1000": 0.07196,
        "map_at_20": 0.05085,
        "map_at_3": 0.03028,
        "map_at_5": 0.03617,
        "mrr_at_1": 0.24458204334365324,
        "mrr_at_10": 0.3188043638508034,
        "mrr_at_100": 0.3279082355240014,
        "mrr_at_1000": 0.32889260878467097,
        "mrr_at_20": 0.3243750337808557,
        "mrr_at_3": 0.2941176470588234,
        "mrr_at_5": 0.3108359133126934,
        "nauc_map_at_1000_diff1": 0.16285656936705578,
        "nauc_map_at_1000_max": 0.3990359820211524,
        "nauc_map_at_1000_std": 0.25100093495272724,
        "nauc_map_at_100_diff1": 0.18173517658909394,
        "nauc_map_at_100_max": 0.40379873667116833,
        "nauc_map_at_100_std": 0.21958821785966873,
        "nauc_map_at_10_diff1": 0.18836207683902786,
        "nauc_map_at_10_max": 0.3782980321339913,
        "nauc_map_at_10_std": 0.14288762295361934,
        "nauc_map_at_1_diff1": 0.21114436434958733,
        "nauc_map_at_1_max": 0.33572331186719384,
        "nauc_map_at_1_std": 0.018836308873242405,
        "nauc_map_at_20_diff1": 0.19111872311887876,
        "nauc_map_at_20_max": 0.3861443529054413,
        "nauc_map_at_20_std": 0.17059534112691818,
        "nauc_map_at_3_diff1": 0.15489555123859397,
        "nauc_map_at_3_max": 0.3691762341784255,
        "nauc_map_at_3_std": 0.07611085079661915,
        "nauc_map_at_5_diff1": 0.18534460199408825,
        "nauc_map_at_5_max": 0.3735179472960882,
        "nauc_map_at_5_std": 0.1298816177223162,
        "nauc_mrr_at_1000_diff1": 0.1486261443278685,
        "nauc_mrr_at_1000_max": 0.37254166896051144,
        "nauc_mrr_at_1000_std": 0.18049795471416932,
        "nauc_mrr_at_100_diff1": 0.14876878282395206,
        "nauc_mrr_at_100_max": 0.3727532958643169,
        "nauc_mrr_at_100_std": 0.1807655554525279,
        "nauc_mrr_at_10_diff1": 0.15370785214613944,
        "nauc_mrr_at_10_max": 0.3685855408031904,
        "nauc_mrr_at_10_std": 0.17764022303398314,
        "nauc_mrr_at_1_diff1": 0.18216222273817922,
        "nauc_mrr_at_1_max": 0.34672112352869483,
        "nauc_mrr_at_1_std": 0.12316273609310152,
        "nauc_mrr_at_20_diff1": 0.14699950407100063,
        "nauc_mrr_at_20_max": 0.3706486018229564,
        "nauc_mrr_at_20_std": 0.1798574265181138,
        "nauc_mrr_at_3_diff1": 0.16259231207707966,
        "nauc_mrr_at_3_max": 0.3659613251865951,
        "nauc_mrr_at_3_std": 0.17683146931005914,
        "nauc_mrr_at_5_diff1": 0.15723058844072896,
        "nauc_mrr_at_5_max": 0.37400223833394197,
        "nauc_mrr_at_5_std": 0.18717189279819355,
        "nauc_ndcg_at_1000_diff1": 0.09861059863608206,
        "nauc_ndcg_at_1000_max": 0.44230163197586503,
        "nauc_ndcg_at_1000_std": 0.309537006581197,
        "nauc_ndcg_at_100_diff1": 0.16385471169300322,
        "nauc_ndcg_at_100_max": 0.41857305851020377,
        "nauc_ndcg_at_100_std": 0.2520817773919907,
        "nauc_ndcg_at_10_diff1": 0.14513275032397074,
        "nauc_ndcg_at_10_max": 0.3742355234862023,
        "nauc_ndcg_at_10_std": 0.2306478200098564,
        "nauc_ndcg_at_1_diff1": 0.1762217238255819,
        "nauc_ndcg_at_1_max": 0.32000077983960373,
        "nauc_ndcg_at_1_std": 0.12197515924505976,
        "nauc_ndcg_at_20_diff1": 0.140662031766636,
        "nauc_ndcg_at_20_max": 0.37962570418855046,
        "nauc_ndcg_at_20_std": 0.23145372955231247,
        "nauc_ndcg_at_3_diff1": 0.1498220285132928,
        "nauc_ndcg_at_3_max": 0.3545901499240518,
        "nauc_ndcg_at_3_std": 0.18983169689798945,
        "nauc_ndcg_at_5_diff1": 0.16222332896163036,
        "nauc_ndcg_at_5_max": 0.3667162383092346,
        "nauc_ndcg_at_5_std": 0.23714340010378948,
        "nauc_precision_at_1000_diff1": -0.03882058912294832,
        "nauc_precision_at_1000_max": 0.06893948474934214,
        "nauc_precision_at_1000_std": 0.1719111993287227,
        "nauc_precision_at_100_diff1": 0.02541135073696744,
        "nauc_precision_at_100_max": 0.24617939644840817,
        "nauc_precision_at_100_std": 0.3208770846147516,
        "nauc_precision_at_10_diff1": 0.09074885763587398,
        "nauc_precision_at_10_max": 0.3430198500876744,
        "nauc_precision_at_10_std": 0.29862327938342836,
        "nauc_precision_at_1_diff1": 0.18216222273817922,
        "nauc_precision_at_1_max": 0.34672112352869483,
        "nauc_precision_at_1_std": 0.12316273609310152,
        "nauc_precision_at_20_diff1": 0.05816869221455856,
        "nauc_precision_at_20_max": 0.3138002892233217,
        "nauc_precision_at_20_std": 0.31485304686101756,
        "nauc_precision_at_3_diff1": 0.13174047476163125,
        "nauc_precision_at_3_max": 0.39272085590413874,
        "nauc_precision_at_3_std": 0.2256289711839292,
        "nauc_precision_at_5_diff1": 0.13202746823238606,
        "nauc_precision_at_5_max": 0.37977756480568714,
        "nauc_precision_at_5_std": 0.30551462276778696,
        "nauc_recall_at_1000_diff1": 0.0055799613205925495,
        "nauc_recall_at_1000_max": 0.17596610721657155,
        "nauc_recall_at_1000_std": 0.1741044211171304,
        "nauc_recall_at_100_diff1": 0.1402159930059761,
        "nauc_recall_at_100_max": 0.29672345326312627,
        "nauc_recall_at_100_std": 0.17638569587367678,
        "nauc_recall_at_10_diff1": 0.16731773633066244,
        "nauc_recall_at_10_max": 0.2793445352255136,
        "nauc_recall_at_10_std": 0.08699965489749156,
        "nauc_recall_at_1_diff1": 0.21114436434958733,
        "nauc_recall_at_1_max": 0.33572331186719384,
        "nauc_recall_at_1_std": 0.018836308873242405,
        "nauc_recall_at_20_diff1": 0.12574663811769224,
        "nauc_recall_at_20_max": 0.24927571056298828,
        "nauc_recall_at_20_std": 0.10073330242404897,
        "nauc_recall_at_3_diff1": 0.14439858190609994,
        "nauc_recall_at_3_max": 0.3619852098702042,
        "nauc_recall_at_3_std": 0.09294836814376252,
        "nauc_recall_at_5_diff1": 0.18798131270680885,
        "nauc_recall_at_5_max": 0.3246286440197791,
        "nauc_recall_at_5_std": 0.15819604648303104,
        "ndcg_at_1": 0.23375,
        "ndcg_at_10": 0.16595,
        "ndcg_at_100": 0.16435,
        "ndcg_at_1000": 0.26972,
        "ndcg_at_20": 0.15862,
        "ndcg_at_3": 0.19604,
        "ndcg_at_5": 0.18339,
        "precision_at_1": 0.24458,
        "precision_at_10": 0.13034,
        "precision_at_100": 0.04898,
        "precision_at_1000": 0.01812,
        "precision_at_20": 0.10232,
        "precision_at_3": 0.19298,
        "precision_at_5": 0.16718,
        "recall_at_1": 0.01594,
        "recall_at_10": 0.07266,
        "recall_at_100": 0.18878,
        "recall_at_1000": 0.56166,
        "recall_at_20": 0.10519,
        "recall_at_3": 0.03641,
        "recall_at_5": 0.04965
      }
    ]
  },
  "task_name": "NFCorpus"
}