{
  "dataset_revision": "ec0fa4fe99da2ff19ca1214b7966684033a58814",
  "evaluation_time": 2.981419801712036,
  "kg_co2_emissions": null,
  "mteb_version": "1.14.12",
  "scores": {
    "test": [
      {
        "hf_subset": "default",
        "languages": [
          "eng-Latn"
        ],
        "main_score": 0.01198,
        "map_at_1": 0.00036,
        "map_at_10": 0.001,
        "map_at_100": 0.00297,
        "map_at_1000": 0.00823,
        "map_at_20": 0.00147,
        "map_at_3": 0.00077,
        "map_at_5": 0.00083,
        "mrr_at_1": 0.009287925696594427,
        "mrr_at_10": 0.030459727750749416,
        "mrr_at_100": 0.043061676961102684,
        "mrr_at_1000": 0.044612762062342735,
        "mrr_at_20": 0.037329695625447516,
        "mrr_at_3": 0.021155830753353973,
        "mrr_at_5": 0.02641898864809082,
        "nauc_map_at_1000_diff1": 0.027025928919297334,
        "nauc_map_at_1000_max": 0.0004535032994642814,
        "nauc_map_at_1000_std": -0.031235302718095978,
        "nauc_map_at_100_diff1": 0.04169242073123539,
        "nauc_map_at_100_max": -0.0003233027142432441,
        "nauc_map_at_100_std": -0.023202699066328162,
        "nauc_map_at_10_diff1": 0.1769897881212624,
        "nauc_map_at_10_max": -0.1374740796935482,
        "nauc_map_at_10_std": -0.035582063464691296,
        "nauc_map_at_1_diff1": 0.3304765665552045,
        "nauc_map_at_1_max": -0.23183511646004934,
        "nauc_map_at_1_std": -0.06774327537991287,
        "nauc_map_at_20_diff1": 0.06399811101625408,
        "nauc_map_at_20_max": 0.005086670020663717,
        "nauc_map_at_20_std": -0.09421963027592313,
        "nauc_map_at_3_diff1": 0.18378252196119768,
        "nauc_map_at_3_max": -0.18571961633698075,
        "nauc_map_at_3_std": -0.025771857649100678,
        "nauc_map_at_5_diff1": 0.18578221476934786,
        "nauc_map_at_5_max": -0.16105770783327453,
        "nauc_map_at_5_std": -0.03978540462569112,
        "nauc_mrr_at_1000_diff1": 0.11809314823318486,
        "nauc_mrr_at_1000_max": -0.05014913118955389,
        "nauc_mrr_at_1000_std": -0.007890993591492174,
        "nauc_mrr_at_100_diff1": 0.11878103155289724,
        "nauc_mrr_at_100_max": -0.04993446975870188,
        "nauc_mrr_at_100_std": -0.005426171783753183,
        "nauc_mrr_at_10_diff1": 0.16151611079189251,
        "nauc_mrr_at_10_max": -0.10363159464685469,
        "nauc_mrr_at_10_std": 0.028413623536483478,
        "nauc_mrr_at_1_diff1": 0.342974285490484,
        "nauc_mrr_at_1_max": -0.25816003503948204,
        "nauc_mrr_at_1_std": 0.10989149681457142,
        "nauc_mrr_at_20_diff1": 0.11291759300633869,
        "nauc_mrr_at_20_max": -0.051988099198541776,
        "nauc_mrr_at_20_std": -0.0037771417546551525,
        "nauc_mrr_at_3_diff1": 0.1444967221574939,
        "nauc_mrr_at_3_max": -0.16095930796612462,
        "nauc_mrr_at_3_std": 0.039956927063026434,
        "nauc_mrr_at_5_diff1": 0.17253019309150072,
        "nauc_mrr_at_5_max": -0.12731370543901674,
        "nauc_mrr_at_5_std": 0.03287330831626894,
        "nauc_ndcg_at_1000_diff1": -0.0015078142589212613,
        "nauc_ndcg_at_1000_max": 0.06466138245969637,
        "nauc_ndcg_at_1000_std": -0.1196097032643983,
        "nauc_ndcg_at_100_diff1": 0.042635663473700715,
        "nauc_ndcg_at_100_max": -0.031683764474612616,
        "nauc_ndcg_at_100_std": 0.02353566152146471,
        "nauc_ndcg_at_10_diff1": 0.1433123673372915,
        "nauc_ndcg_at_10_max": -0.10174291784520088,
        "nauc_ndcg_at_10_std": 0.06758802642372996,
        "nauc_ndcg_at_1_diff1": 0.28197633197582056,
        "nauc_ndcg_at_1_max": -0.2449958448405053,
        "nauc_ndcg_at_1_std": 0.16336637743949103,
        "nauc_ndcg_at_20_diff1": 0.05500374720369577,
        "nauc_ndcg_at_20_max": -0.02421998137591829,
        "nauc_ndcg_at_20_std": 0.010696505479496498,
        "nauc_ndcg_at_3_diff1": 0.09191931252040321,
        "nauc_ndcg_at_3_max": -0.15495629542574746,
        "nauc_ndcg_at_3_std": 0.08692244969171663,
        "nauc_ndcg_at_5_diff1": 0.15433319182423552,
        "nauc_ndcg_at_5_max": -0.11679556617010839,
        "nauc_ndcg_at_5_std": 0.07174501272731255,
        "nauc_precision_at_1000_diff1": 0.04596594665140454,
        "nauc_precision_at_1000_max": -0.01892880737000397,
        "nauc_precision_at_1000_std": 0.011368628651203238,
        "nauc_precision_at_100_diff1": 0.03804764643133361,
        "nauc_precision_at_100_max": -0.03545960482093668,
        "nauc_precision_at_100_std": 0.03636913691200554,
        "nauc_precision_at_10_diff1": 0.13594259696930897,
        "nauc_precision_at_10_max": -0.07534993988369486,
        "nauc_precision_at_10_std": 0.05545354193509496,
        "nauc_precision_at_1_diff1": 0.342974285490484,
        "nauc_precision_at_1_max": -0.25816003503948204,
        "nauc_precision_at_1_std": 0.10989149681457142,
        "nauc_precision_at_20_diff1": 0.026312042176429986,
        "nauc_precision_at_20_max": -0.0006956125640467125,
        "nauc_precision_at_20_std": -0.00909393390255406,
        "nauc_precision_at_3_diff1": 0.0875985514709453,
        "nauc_precision_at_3_max": -0.14512008813820523,
        "nauc_precision_at_3_std": 0.0756714767253971,
        "nauc_precision_at_5_diff1": 0.16113651118619865,
        "nauc_precision_at_5_max": -0.10045709249118882,
        "nauc_precision_at_5_std": 0.058176185661610064,
        "nauc_recall_at_1000_diff1": -0.007944269880269592,
        "nauc_recall_at_1000_max": 0.026769122127890635,
        "nauc_recall_at_1000_std": -0.0937099375938794,
        "nauc_recall_at_100_diff1": 0.058478580964605086,
        "nauc_recall_at_100_max": -0.00011587052407120531,
        "nauc_recall_at_100_std": 0.06148986237478622,
        "nauc_recall_at_10_diff1": 0.11482043398746396,
        "nauc_recall_at_10_max": -0.0575846686442097,
        "nauc_recall_at_10_std": -0.05400787239332237,
        "nauc_recall_at_1_diff1": 0.3304765665552045,
        "nauc_recall_at_1_max": -0.23183511646004934,
        "nauc_recall_at_1_std": -0.06774327537991287,
        "nauc_recall_at_20_diff1": -0.11026129167723568,
        "nauc_recall_at_20_max": 0.2045370625383543,
        "nauc_recall_at_20_std": -0.14350428069672136,
        "nauc_recall_at_3_diff1": 0.12489641814195356,
        "nauc_recall_at_3_max": -0.1588572712355144,
        "nauc_recall_at_3_std": -0.02857599521859485,
        "nauc_recall_at_5_diff1": 0.13937791117369644,
        "nauc_recall_at_5_max": -0.10796908829895129,
        "nauc_recall_at_5_std": -0.06020883666494509,
        "ndcg_at_1": 0.00619,
        "ndcg_at_10": 0.01198,
        "ndcg_at_100": 0.02823,
        "ndcg_at_1000": 0.11862,
        "ndcg_at_20": 0.01426,
        "ndcg_at_3": 0.01194,
        "ndcg_at_5": 0.01202,
        "precision_at_1": 0.00929,
        "precision_at_10": 0.01331,
        "precision_at_100": 0.01483,
        "precision_at_1000": 0.0127,
        "precision_at_20": 0.01455,
        "precision_at_3": 0.01445,
        "precision_at_5": 0.01362,
        "recall_at_1": 0.00036,
        "recall_at_10": 0.00258,
        "recall_at_100": 0.05068,
        "recall_at_1000": 0.35447,
        "recall_at_20": 0.00846,
        "recall_at_3": 0.00122,
        "recall_at_5": 0.00149
      }
    ]
  },
  "task_name": "NFCorpus"
}