{
  "dataset_revision": "ec0fa4fe99da2ff19ca1214b7966684033a58814",
  "evaluation_time": 3.0109329223632812,
  "kg_co2_emissions": null,
  "mteb_version": "1.14.12",
  "scores": {
    "test": [
      {
        "hf_subset": "default",
        "languages": [
          "eng-Latn"
        ],
        "main_score": 0.30078,
        "map_at_1": 0.04005,
        "map_at_10": 0.10384,
        "map_at_100": 0.13098,
        "map_at_1000": 0.14299,
        "map_at_20": 0.1149,
        "map_at_3": 0.07337,
        "map_at_5": 0.08759,
        "mrr_at_1": 0.3993808049535604,
        "mrr_at_10": 0.48956951201533255,
        "mrr_at_100": 0.4957088985033618,
        "mrr_at_1000": 0.49616901344892317,
        "mrr_at_20": 0.4932258799987333,
        "mrr_at_3": 0.46852425180598556,
        "mrr_at_5": 0.4804437564499486,
        "nauc_map_at_1000_diff1": 0.2145556776327331,
        "nauc_map_at_1000_max": 0.19136066499772464,
        "nauc_map_at_1000_std": 0.2177779434330005,
        "nauc_map_at_100_diff1": 0.2358420510147502,
        "nauc_map_at_100_max": 0.17718582862813792,
        "nauc_map_at_100_std": 0.1832835328723689,
        "nauc_map_at_10_diff1": 0.29626027830521,
        "nauc_map_at_10_max": 0.14132623784888493,
        "nauc_map_at_10_std": 0.05977221657651175,
        "nauc_map_at_1_diff1": 0.5411215556228814,
        "nauc_map_at_1_max": 0.06045401101363934,
        "nauc_map_at_1_std": -0.08233940504072249,
        "nauc_map_at_20_diff1": 0.27567934370978836,
        "nauc_map_at_20_max": 0.15994476978527944,
        "nauc_map_at_20_std": 0.11555840123884197,
        "nauc_map_at_3_diff1": 0.37949257358397337,
        "nauc_map_at_3_max": 0.10065935816914853,
        "nauc_map_at_3_std": -0.007054007568469795,
        "nauc_map_at_5_diff1": 0.33567624238436794,
        "nauc_map_at_5_max": 0.11445822915293598,
        "nauc_map_at_5_std": 0.008461269828910939,
        "nauc_mrr_at_1000_diff1": 0.28404579282024733,
        "nauc_mrr_at_1000_max": 0.3354217915996307,
        "nauc_mrr_at_1000_std": 0.2386020586455988,
        "nauc_mrr_at_100_diff1": 0.28412730680524984,
        "nauc_mrr_at_100_max": 0.3354126991283092,
        "nauc_mrr_at_100_std": 0.23905323423474062,
        "nauc_mrr_at_10_diff1": 0.28548043159412784,
        "nauc_mrr_at_10_max": 0.3349352341683198,
        "nauc_mrr_at_10_std": 0.2353091566528085,
        "nauc_mrr_at_1_diff1": 0.32187929912212054,
        "nauc_mrr_at_1_max": 0.29360963419871333,
        "nauc_mrr_at_1_std": 0.1639681283731257,
        "nauc_mrr_at_20_diff1": 0.2839472895311575,
        "nauc_mrr_at_20_max": 0.33408277249097146,
        "nauc_mrr_at_20_std": 0.23684933623719034,
        "nauc_mrr_at_3_diff1": 0.28584395944084395,
        "nauc_mrr_at_3_max": 0.32657589488102157,
        "nauc_mrr_at_3_std": 0.2268857022049354,
        "nauc_mrr_at_5_diff1": 0.2846690912049204,
        "nauc_mrr_at_5_max": 0.33479337771807083,
        "nauc_mrr_at_5_std": 0.23061465536949852,
        "nauc_ndcg_at_1000_diff1": 0.17089075713435206,
        "nauc_ndcg_at_1000_max": 0.34155863381557944,
        "nauc_ndcg_at_1000_std": 0.3781177835311723,
        "nauc_ndcg_at_100_diff1": 0.18393888569324354,
        "nauc_ndcg_at_100_max": 0.26334826186172067,
        "nauc_ndcg_at_100_std": 0.3148905138567735,
        "nauc_ndcg_at_10_diff1": 0.15735939376145067,
        "nauc_ndcg_at_10_max": 0.24860612317713754,
        "nauc_ndcg_at_10_std": 0.28232562512934994,
        "nauc_ndcg_at_1_diff1": 0.33281246863953545,
        "nauc_ndcg_at_1_max": 0.26257335865005615,
        "nauc_ndcg_at_1_std": 0.15103171407027022,
        "nauc_ndcg_at_20_diff1": 0.14474928911109794,
        "nauc_ndcg_at_20_max": 0.24513470875098006,
        "nauc_ndcg_at_20_std": 0.29909740809800056,
        "nauc_ndcg_at_3_diff1": 0.20890532820292101,
        "nauc_ndcg_at_3_max": 0.24137371426912554,
        "nauc_ndcg_at_3_std": 0.23782248636962622,
        "nauc_ndcg_at_5_diff1": 0.1866294533671811,
        "nauc_ndcg_at_5_max": 0.2416271666550018,
        "nauc_ndcg_at_5_std": 0.26275574086783204,
        "nauc_precision_at_1000_diff1": -0.21377056092670396,
        "nauc_precision_at_1000_max": 0.11470304510915516,
        "nauc_precision_at_1000_std": 0.3259146298685687,
        "nauc_precision_at_100_diff1": -0.18449317882892008,
        "nauc_precision_at_100_max": 0.16848626590781263,
        "nauc_precision_at_100_std": 0.4628866040431399,
        "nauc_precision_at_10_diff1": -0.043096117724343,
        "nauc_precision_at_10_max": 0.26859860863639984,
        "nauc_precision_at_10_std": 0.39513063768858175,
        "nauc_precision_at_1_diff1": 0.32187929912212054,
        "nauc_precision_at_1_max": 0.29360963419871333,
        "nauc_precision_at_1_std": 0.1639681283731257,
        "nauc_precision_at_20_diff1": -0.10457374235322421,
        "nauc_precision_at_20_max": 0.2346745751359387,
        "nauc_precision_at_20_std": 0.45181522510088373,
        "nauc_precision_at_3_diff1": 0.09417511788224196,
        "nauc_precision_at_3_max": 0.2781478558834098,
        "nauc_precision_at_3_std": 0.2980402349837276,
        "nauc_precision_at_5_diff1": 0.02277927171760569,
        "nauc_precision_at_5_max": 0.2782099167438309,
        "nauc_precision_at_5_std": 0.3388887891223634,
        "nauc_recall_at_1000_diff1": 0.05283680547835918,
        "nauc_recall_at_1000_max": 0.1698048715482372,
        "nauc_recall_at_1000_std": 0.23947316860911969,
        "nauc_recall_at_100_diff1": 0.12687404607801922,
        "nauc_recall_at_100_max": 0.1426445365448384,
        "nauc_recall_at_100_std": 0.22692258843640992,
        "nauc_recall_at_10_diff1": 0.1918283790412062,
        "nauc_recall_at_10_max": 0.10350080851216285,
        "nauc_recall_at_10_std": 0.016639320008323143,
        "nauc_recall_at_1_diff1": 0.5411215556228814,
        "nauc_recall_at_1_max": 0.06045401101363934,
        "nauc_recall_at_1_std": -0.08233940504072249,
        "nauc_recall_at_20_diff1": 0.17384775627110266,
        "nauc_recall_at_20_max": 0.12679649173336308,
        "nauc_recall_at_20_std": 0.0937235222398619,
        "nauc_recall_at_3_diff1": 0.3214505014403452,
        "nauc_recall_at_3_max": 0.08486883612833733,
        "nauc_recall_at_3_std": 0.004598888629112002,
        "nauc_recall_at_5_diff1": 0.26333118584822995,
        "nauc_recall_at_5_max": 0.08250926239958013,
        "nauc_recall_at_5_std": -0.0013988408012779456,
        "ndcg_at_1": 0.3808,
        "ndcg_at_10": 0.30078,
        "ndcg_at_100": 0.27202,
        "ndcg_at_1000": 0.35892,
        "ndcg_at_20": 0.2784,
        "ndcg_at_3": 0.34358,
        "ndcg_at_5": 0.32419,
        "precision_at_1": 0.39938,
        "precision_at_10": 0.22663,
        "precision_at_100": 0.07102,
        "precision_at_1000": 0.01924,
        "precision_at_20": 0.1678,
        "precision_at_3": 0.32611,
        "precision_at_5": 0.28545,
        "recall_at_1": 0.04005,
        "recall_at_10": 0.15364,
        "recall_at_100": 0.28604,
        "recall_at_1000": 0.60309,
        "recall_at_20": 0.18464,
        "recall_at_3": 0.0868,
        "recall_at_5": 0.11313
      }
    ]
  },
  "task_name": "NFCorpus"
}