{
  "dataset_revision": "ec0fa4fe99da2ff19ca1214b7966684033a58814",
  "evaluation_time": 3.020005226135254,
  "kg_co2_emissions": null,
  "mteb_version": "1.14.12",
  "scores": {
    "test": [
      {
        "hf_subset": "default",
        "languages": [
          "eng-Latn"
        ],
        "main_score": 0.01259,
        "map_at_1": 0.00023,
        "map_at_10": 0.00084,
        "map_at_100": 0.00195,
        "map_at_1000": 0.00602,
        "map_at_20": 0.00118,
        "map_at_3": 0.00042,
        "map_at_5": 0.00052,
        "mrr_at_1": 0.006191950464396285,
        "mrr_at_10": 0.030276672072337703,
        "mrr_at_100": 0.03960763515633065,
        "mrr_at_1000": 0.041419887619522956,
        "mrr_at_20": 0.033624903193287814,
        "mrr_at_3": 0.015995872033023734,
        "mrr_at_5": 0.022187822497420018,
        "nauc_map_at_1000_diff1": 0.09578318820134904,
        "nauc_map_at_1000_max": -0.16301432578286434,
        "nauc_map_at_1000_std": 0.19882691809983705,
        "nauc_map_at_100_diff1": 0.14329769088227837,
        "nauc_map_at_100_max": -0.14278977166013082,
        "nauc_map_at_100_std": 0.2844169303157812,
        "nauc_map_at_10_diff1": -0.04300659850283081,
        "nauc_map_at_10_max": -0.061592823373214214,
        "nauc_map_at_10_std": 0.15250270554587697,
        "nauc_map_at_1_diff1": -0.4446586463789871,
        "nauc_map_at_1_max": -0.21219052935412633,
        "nauc_map_at_1_std": 0.08595071896851617,
        "nauc_map_at_20_diff1": 0.04359029806423315,
        "nauc_map_at_20_max": -0.11043047148491147,
        "nauc_map_at_20_std": 0.22782245905719856,
        "nauc_map_at_3_diff1": -0.14175362983016312,
        "nauc_map_at_3_max": -0.0579400166471212,
        "nauc_map_at_3_std": 0.221123301220325,
        "nauc_map_at_5_diff1": -0.15712103898116933,
        "nauc_map_at_5_max": -0.05915371350196852,
        "nauc_map_at_5_std": 0.12311031460789608,
        "nauc_mrr_at_1000_diff1": -0.0033294476960327698,
        "nauc_mrr_at_1000_max": -0.04553915728238548,
        "nauc_mrr_at_1000_std": 0.020216243787191588,
        "nauc_mrr_at_100_diff1": -0.00039484176219221684,
        "nauc_mrr_at_100_max": -0.04702764430661462,
        "nauc_mrr_at_100_std": 0.02313089707745636,
        "nauc_mrr_at_10_diff1": -0.02078265744263067,
        "nauc_mrr_at_10_max": -0.032166874935413925,
        "nauc_mrr_at_10_std": 0.0015077573689303782,
        "nauc_mrr_at_1_diff1": 0.3410462259076076,
        "nauc_mrr_at_1_max": -0.23743546355506864,
        "nauc_mrr_at_1_std": 0.04271057303687016,
        "nauc_mrr_at_20_diff1": -0.015772673308569584,
        "nauc_mrr_at_20_max": -0.040816798638182696,
        "nauc_mrr_at_20_std": 0.01629105448103104,
        "nauc_mrr_at_3_diff1": -0.02259158873435524,
        "nauc_mrr_at_3_max": -0.03502690239743841,
        "nauc_mrr_at_3_std": 0.02902776113478314,
        "nauc_mrr_at_5_diff1": -0.060840974661436516,
        "nauc_mrr_at_5_max": -0.034217713788010654,
        "nauc_mrr_at_5_std": -0.002234659236668396,
        "nauc_ndcg_at_1000_diff1": 0.09462084394728414,
        "nauc_ndcg_at_1000_max": -0.14434072194919426,
        "nauc_ndcg_at_1000_std": 0.09853493751010267,
        "nauc_ndcg_at_100_diff1": 0.11000457791926004,
        "nauc_ndcg_at_100_max": -0.13079935962908826,
        "nauc_ndcg_at_100_std": 0.18147771517355818,
        "nauc_ndcg_at_10_diff1": -0.07536440774640202,
        "nauc_ndcg_at_10_max": -0.03391315193792899,
        "nauc_ndcg_at_10_std": -0.03699374758585519,
        "nauc_ndcg_at_1_diff1": -0.11640358631717979,
        "nauc_ndcg_at_1_max": -0.22146936889932178,
        "nauc_ndcg_at_1_std": -0.005274914184501312,
        "nauc_ndcg_at_20_diff1": -0.035751363667927194,
        "nauc_ndcg_at_20_max": -0.06935899957216488,
        "nauc_ndcg_at_20_std": 0.05211122065166678,
        "nauc_ndcg_at_3_diff1": -0.1341173870961066,
        "nauc_ndcg_at_3_max": -0.025107238313907123,
        "nauc_ndcg_at_3_std": -0.04756563067746744,
        "nauc_ndcg_at_5_diff1": -0.12147341663393828,
        "nauc_ndcg_at_5_max": -0.01452709470237119,
        "nauc_ndcg_at_5_std": -0.05787355618375616,
        "nauc_precision_at_1000_diff1": -0.042878308845909104,
        "nauc_precision_at_1000_max": -0.10054328652171855,
        "nauc_precision_at_1000_std": 0.02764674577127971,
        "nauc_precision_at_100_diff1": 0.04512218770149347,
        "nauc_precision_at_100_max": -0.11053634416667925,
        "nauc_precision_at_100_std": 0.09156549863149822,
        "nauc_precision_at_10_diff1": -0.07669114314563688,
        "nauc_precision_at_10_max": -0.011130571355263675,
        "nauc_precision_at_10_std": -0.05857261816931971,
        "nauc_precision_at_1_diff1": -0.11640358631717979,
        "nauc_precision_at_1_max": -0.22146936889932178,
        "nauc_precision_at_1_std": -0.005274914184501312,
        "nauc_precision_at_20_diff1": -0.023685830575371054,
        "nauc_precision_at_20_max": -0.05493077291229086,
        "nauc_precision_at_20_std": 0.04245751198074835,
        "nauc_precision_at_3_diff1": -0.12324154923036078,
        "nauc_precision_at_3_max": 0.019210055703216558,
        "nauc_precision_at_3_std": -0.03667277285014205,
        "nauc_precision_at_5_diff1": -0.13444088849797606,
        "nauc_precision_at_5_max": 0.01398332448065064,
        "nauc_precision_at_5_std": -0.08276079272226444,
        "nauc_recall_at_1000_diff1": 0.029882881953613834,
        "nauc_recall_at_1000_max": -0.05932403623692511,
        "nauc_recall_at_1000_std": 0.015046855337627493,
        "nauc_recall_at_100_diff1": 0.21887729820627333,
        "nauc_recall_at_100_max": -0.15375606687976612,
        "nauc_recall_at_100_std": 0.2652814098068856,
        "nauc_recall_at_10_diff1": 0.09690501393109772,
        "nauc_recall_at_10_max": -0.05240060355943727,
        "nauc_recall_at_10_std": 0.18842568998736212,
        "nauc_recall_at_1_diff1": -0.4446586463789871,
        "nauc_recall_at_1_max": -0.21219052935412633,
        "nauc_recall_at_1_std": 0.08595071896851617,
        "nauc_recall_at_20_diff1": 0.11915006543242496,
        "nauc_recall_at_20_max": -0.11373830587000935,
        "nauc_recall_at_20_std": 0.2555906095880021,
        "nauc_recall_at_3_diff1": 0.04876180245396787,
        "nauc_recall_at_3_max": 0.02941556977185682,
        "nauc_recall_at_3_std": 0.3342063356131913,
        "nauc_recall_at_5_diff1": -0.04068029176242415,
        "nauc_recall_at_5_max": -0.003885563051196565,
        "nauc_recall_at_5_std": 0.12149953755973182,
        "ndcg_at_1": 0.01238,
        "ndcg_at_10": 0.01259,
        "ndcg_at_100": 0.01961,
        "ndcg_at_1000": 0.10237,
        "ndcg_at_20": 0.01315,
        "ndcg_at_3": 0.01049,
        "ndcg_at_5": 0.01092,
        "precision_at_1": 0.01238,
        "precision_at_10": 0.01424,
        "precision_at_100": 0.01189,
        "precision_at_1000": 0.01137,
        "precision_at_20": 0.01331,
        "precision_at_3": 0.01135,
        "precision_at_5": 0.01238,
        "recall_at_1": 0.00023,
        "recall_at_10": 0.00357,
        "recall_at_100": 0.02687,
        "recall_at_1000": 0.3161,
        "recall_at_20": 0.00741,
        "recall_at_3": 0.00077,
        "recall_at_5": 0.00121
      }
    ]
  },
  "task_name": "NFCorpus"
}