{
  "dataset_revision": "20a6d6f312dd54037fe07a32d58e5e168867909d",
  "evaluation_time": 58.5760772228241,
  "kg_co2_emissions": null,
  "mteb_version": "1.14.10",
  "scores": {
    "test": [
      {
        "cosine_pearson": 0.5102545450775015,
        "cosine_spearman": 0.5408029307632248,
        "euclidean_pearson": 0.5438982430412262,
        "euclidean_spearman": 0.5408029112724603,
        "hf_subset": "default",
        "languages": [
          "eng-Latn"
        ],
        "main_score": 0.5408029307632248,
        "manhattan_pearson": 0.5353161118110115,
        "manhattan_spearman": 0.5349860699909571,
        "pearson": 0.5102545450775015,
        "spearman": 0.5408029307632248
      }
    ]
  },
  "task_name": "SICK-R"
}