{
  "dataset_revision": "ec0fa4fe99da2ff19ca1214b7966684033a58814",
  "evaluation_time": 3.033273458480835,
  "kg_co2_emissions": null,
  "mteb_version": "1.14.12",
  "scores": {
    "test": [
      {
        "hf_subset": "default",
        "languages": [
          "eng-Latn"
        ],
        "main_score": 0.12488,
        "map_at_1": 0.01526,
        "map_at_10": 0.03517,
        "map_at_100": 0.04755,
        "map_at_1000": 0.05793,
        "map_at_20": 0.03933,
        "map_at_3": 0.025,
        "map_at_5": 0.02963,
        "mrr_at_1": 0.16718266253869968,
        "mrr_at_10": 0.24482775566366904,
        "mrr_at_100": 0.253317415239768,
        "mrr_at_1000": 0.25444915630009557,
        "mrr_at_20": 0.24903450490727289,
        "mrr_at_3": 0.21878224974200208,
        "mrr_at_5": 0.23070175438596496,
        "nauc_map_at_1000_diff1": 0.14708729856039593,
        "nauc_map_at_1000_max": 0.333499530994553,
        "nauc_map_at_1000_std": 0.1404778800504977,
        "nauc_map_at_100_diff1": 0.16008309303484058,
        "nauc_map_at_100_max": 0.32774547469277837,
        "nauc_map_at_100_std": 0.1148593280036923,
        "nauc_map_at_10_diff1": 0.1895435835711516,
        "nauc_map_at_10_max": 0.3146740486662443,
        "nauc_map_at_10_std": 0.049379306369344504,
        "nauc_map_at_1_diff1": 0.3194272971525363,
        "nauc_map_at_1_max": 0.2799125047602879,
        "nauc_map_at_1_std": -0.06811002677548685,
        "nauc_map_at_20_diff1": 0.17485107539253353,
        "nauc_map_at_20_max": 0.3138070158289622,
        "nauc_map_at_20_std": 0.069582922186932,
        "nauc_map_at_3_diff1": 0.2241031205228188,
        "nauc_map_at_3_max": 0.26359330529643266,
        "nauc_map_at_3_std": 0.00010073006471362569,
        "nauc_map_at_5_diff1": 0.18865813973992393,
        "nauc_map_at_5_max": 0.28202177584062404,
        "nauc_map_at_5_std": 0.017833801954277074,
        "nauc_mrr_at_1000_diff1": 0.06970239852637876,
        "nauc_mrr_at_1000_max": 0.3231655424678459,
        "nauc_mrr_at_1000_std": 0.12289036700530713,
        "nauc_mrr_at_100_diff1": 0.06951795613626383,
        "nauc_mrr_at_100_max": 0.32344581647925086,
        "nauc_mrr_at_100_std": 0.12403940839903205,
        "nauc_mrr_at_10_diff1": 0.07132882708597729,
        "nauc_mrr_at_10_max": 0.315757923073313,
        "nauc_mrr_at_10_std": 0.12120788459158262,
        "nauc_mrr_at_1_diff1": 0.10940197464195298,
        "nauc_mrr_at_1_max": 0.34872635547865993,
        "nauc_mrr_at_1_std": 0.14505040862211027,
        "nauc_mrr_at_20_diff1": 0.06784042479399577,
        "nauc_mrr_at_20_max": 0.32083322629753747,
        "nauc_mrr_at_20_std": 0.1226555470884247,
        "nauc_mrr_at_3_diff1": 0.0629924691305366,
        "nauc_mrr_at_3_max": 0.3006691952614937,
        "nauc_mrr_at_3_std": 0.12391717532923305,
        "nauc_mrr_at_5_diff1": 0.06899775638805884,
        "nauc_mrr_at_5_max": 0.305842626821853,
        "nauc_mrr_at_5_std": 0.11910100142568501,
        "nauc_ndcg_at_1000_diff1": 0.07445691963709075,
        "nauc_ndcg_at_1000_max": 0.3999617451486214,
        "nauc_ndcg_at_1000_std": 0.16742541787754517,
        "nauc_ndcg_at_100_diff1": 0.12076457186623647,
        "nauc_ndcg_at_100_max": 0.3661509884887913,
        "nauc_ndcg_at_100_std": 0.16766886909602302,
        "nauc_ndcg_at_10_diff1": 0.11676282345762454,
        "nauc_ndcg_at_10_max": 0.37525931449068495,
        "nauc_ndcg_at_10_std": 0.1783380194081282,
        "nauc_ndcg_at_1_diff1": 0.13820009543196196,
        "nauc_ndcg_at_1_max": 0.3526163230395709,
        "nauc_ndcg_at_1_std": 0.1764490254506978,
        "nauc_ndcg_at_20_diff1": 0.12504235725701074,
        "nauc_ndcg_at_20_max": 0.3549518218789094,
        "nauc_ndcg_at_20_std": 0.16388659384269946,
        "nauc_ndcg_at_3_diff1": 0.08291181376728743,
        "nauc_ndcg_at_3_max": 0.32026581611606575,
        "nauc_ndcg_at_3_std": 0.1873438433144194,
        "nauc_ndcg_at_5_diff1": 0.08770340443563737,
        "nauc_ndcg_at_5_max": 0.34159781169548814,
        "nauc_ndcg_at_5_std": 0.1842553632490817,
        "nauc_precision_at_1000_diff1": -0.023392619032608912,
        "nauc_precision_at_1000_max": 0.08414030870325415,
        "nauc_precision_at_1000_std": 0.14791341628941165,
        "nauc_precision_at_100_diff1": 0.046290742090714196,
        "nauc_precision_at_100_max": 0.24823275202815703,
        "nauc_precision_at_100_std": 0.2820622772282034,
        "nauc_precision_at_10_diff1": 0.03378773718961796,
        "nauc_precision_at_10_max": 0.39033364353082145,
        "nauc_precision_at_10_std": 0.25377431179464854,
        "nauc_precision_at_1_diff1": 0.10940197464195298,
        "nauc_precision_at_1_max": 0.34872635547865993,
        "nauc_precision_at_1_std": 0.14505040862211027,
        "nauc_precision_at_20_diff1": 0.019079832105596915,
        "nauc_precision_at_20_max": 0.3349006492366482,
        "nauc_precision_at_20_std": 0.26872962982265364,
        "nauc_precision_at_3_diff1": 0.0353773026896352,
        "nauc_precision_at_3_max": 0.31272129223042433,
        "nauc_precision_at_3_std": 0.2080342120418513,
        "nauc_precision_at_5_diff1": 0.03277866296385955,
        "nauc_precision_at_5_max": 0.35185942306438966,
        "nauc_precision_at_5_std": 0.23414445081008503,
        "nauc_recall_at_1000_diff1": 0.06036011692114524,
        "nauc_recall_at_1000_max": 0.24847305628407512,
        "nauc_recall_at_1000_std": 0.05449739661941779,
        "nauc_recall_at_100_diff1": 0.08751090255399602,
        "nauc_recall_at_100_max": 0.22906516446142985,
        "nauc_recall_at_100_std": 0.10143698519510327,
        "nauc_recall_at_10_diff1": 0.1871159225168759,
        "nauc_recall_at_10_max": 0.27472202046591615,
        "nauc_recall_at_10_std": 0.004891818309167442,
        "nauc_recall_at_1_diff1": 0.3194272971525363,
        "nauc_recall_at_1_max": 0.2799125047602879,
        "nauc_recall_at_1_std": -0.06811002677548685,
        "nauc_recall_at_20_diff1": 0.1448186347826492,
        "nauc_recall_at_20_max": 0.24656455329355784,
        "nauc_recall_at_20_std": 0.04418224523391608,
        "nauc_recall_at_3_diff1": 0.1667708494873803,
        "nauc_recall_at_3_max": 0.2047982059358577,
        "nauc_recall_at_3_std": -0.009534435864394297,
        "nauc_recall_at_5_diff1": 0.119562272783624,
        "nauc_recall_at_5_max": 0.21216965435552243,
        "nauc_recall_at_5_std": -0.026049845758513525,
        "ndcg_at_1": 0.15635,
        "ndcg_at_10": 0.12488,
        "ndcg_at_100": 0.13669,
        "ndcg_at_1000": 0.24061,
        "ndcg_at_20": 0.11928,
        "ndcg_at_3": 0.14194,
        "ndcg_at_5": 0.13415,
        "precision_at_1": 0.16718,
        "precision_at_10": 0.09752,
        "precision_at_100": 0.03954,
        "precision_at_1000": 0.01707,
        "precision_at_20": 0.07399,
        "precision_at_3": 0.13725,
        "precision_at_5": 0.12136,
        "recall_at_1": 0.01526,
        "recall_at_10": 0.06424,
        "recall_at_100": 0.17453,
        "recall_at_1000": 0.52772,
        "recall_at_20": 0.08574,
        "recall_at_3": 0.03171,
        "recall_at_5": 0.04373
      }
    ]
  },
  "task_name": "NFCorpus"
}