{
  "dataset_revision": "ec0fa4fe99da2ff19ca1214b7966684033a58814",
  "evaluation_time": 2.9914703369140625,
  "kg_co2_emissions": null,
  "mteb_version": "1.14.12",
  "scores": {
    "test": [
      {
        "hf_subset": "default",
        "languages": [
          "eng-Latn"
        ],
        "main_score": 0.13409,
        "map_at_1": 0.01184,
        "map_at_10": 0.03373,
        "map_at_100": 0.04457,
        "map_at_1000": 0.05362,
        "map_at_20": 0.03734,
        "map_at_3": 0.02191,
        "map_at_5": 0.02735,
        "mrr_at_1": 0.19504643962848298,
        "mrr_at_10": 0.2676544301931299,
        "mrr_at_100": 0.2766345760870948,
        "mrr_at_1000": 0.2775436081782181,
        "mrr_at_20": 0.27178057339817263,
        "mrr_at_3": 0.2445820433436533,
        "mrr_at_5": 0.2602167182662539,
        "nauc_map_at_1000_diff1": 0.2059615341920212,
        "nauc_map_at_1000_max": 0.3891663970244916,
        "nauc_map_at_1000_std": 0.2428190031427131,
        "nauc_map_at_100_diff1": 0.22106053151217636,
        "nauc_map_at_100_max": 0.37722318704114904,
        "nauc_map_at_100_std": 0.25743550516419506,
        "nauc_map_at_10_diff1": 0.24347875914284448,
        "nauc_map_at_10_max": 0.368784172853193,
        "nauc_map_at_10_std": 0.2352600507594064,
        "nauc_map_at_1_diff1": 0.3336041969811863,
        "nauc_map_at_1_max": 0.3014187917510767,
        "nauc_map_at_1_std": 0.20253852280195028,
        "nauc_map_at_20_diff1": 0.23915252242867732,
        "nauc_map_at_20_max": 0.37730831663518716,
        "nauc_map_at_20_std": 0.25278063472058476,
        "nauc_map_at_3_diff1": 0.33324184730741646,
        "nauc_map_at_3_max": 0.3535526461272147,
        "nauc_map_at_3_std": 0.2520418510948919,
        "nauc_map_at_5_diff1": 0.27431094409427237,
        "nauc_map_at_5_max": 0.3297479564195887,
        "nauc_map_at_5_std": 0.23479765399645897,
        "nauc_mrr_at_1000_diff1": 0.20892131291537075,
        "nauc_mrr_at_1000_max": 0.40429072585672216,
        "nauc_mrr_at_1000_std": 0.10430105489435501,
        "nauc_mrr_at_100_diff1": 0.2081031135173521,
        "nauc_mrr_at_100_max": 0.4044232444053136,
        "nauc_mrr_at_100_std": 0.10348163553441435,
        "nauc_mrr_at_10_diff1": 0.20614811117880272,
        "nauc_mrr_at_10_max": 0.40431491834157646,
        "nauc_mrr_at_10_std": 0.10746474227204061,
        "nauc_mrr_at_1_diff1": 0.24049844470372578,
        "nauc_mrr_at_1_max": 0.3773664177516857,
        "nauc_mrr_at_1_std": 0.12362463263583573,
        "nauc_mrr_at_20_diff1": 0.20873392547601177,
        "nauc_mrr_at_20_max": 0.40301529687796506,
        "nauc_mrr_at_20_std": 0.10325361222068148,
        "nauc_mrr_at_3_diff1": 0.2328852078644286,
        "nauc_mrr_at_3_max": 0.412136765113504,
        "nauc_mrr_at_3_std": 0.11049389190251131,
        "nauc_mrr_at_5_diff1": 0.21191049808864026,
        "nauc_mrr_at_5_max": 0.40667019504388424,
        "nauc_mrr_at_5_std": 0.10142393690462713,
        "nauc_ndcg_at_1000_diff1": 0.155364406107216,
        "nauc_ndcg_at_1000_max": 0.4200659089907585,
        "nauc_ndcg_at_1000_std": 0.18081834194569404,
        "nauc_ndcg_at_100_diff1": 0.17515140964076148,
        "nauc_ndcg_at_100_max": 0.40760819726003267,
        "nauc_ndcg_at_100_std": 0.17987180710791642,
        "nauc_ndcg_at_10_diff1": 0.18738916045490678,
        "nauc_ndcg_at_10_max": 0.41619503860069235,
        "nauc_ndcg_at_10_std": 0.14970975820950458,
        "nauc_ndcg_at_1_diff1": 0.24903501184602425,
        "nauc_ndcg_at_1_max": 0.3592162446044129,
        "nauc_ndcg_at_1_std": 0.13329116784061495,
        "nauc_ndcg_at_20_diff1": 0.19515270061724033,
        "nauc_ndcg_at_20_max": 0.40968747121933213,
        "nauc_ndcg_at_20_std": 0.16048316674486915,
        "nauc_ndcg_at_3_diff1": 0.22571245157169503,
        "nauc_ndcg_at_3_max": 0.39985490282868835,
        "nauc_ndcg_at_3_std": 0.1381503982212483,
        "nauc_ndcg_at_5_diff1": 0.2084342365253545,
        "nauc_ndcg_at_5_max": 0.4033366839962165,
        "nauc_ndcg_at_5_std": 0.14707092827271537,
        "nauc_precision_at_1000_diff1": -0.011567102616897662,
        "nauc_precision_at_1000_max": 0.24197673249463472,
        "nauc_precision_at_1000_std": -0.09022164693955152,
        "nauc_precision_at_100_diff1": 0.06541100521696598,
        "nauc_precision_at_100_max": 0.33922532150907153,
        "nauc_precision_at_100_std": 0.08290405276497875,
        "nauc_precision_at_10_diff1": 0.10436296878773463,
        "nauc_precision_at_10_max": 0.4053796149739018,
        "nauc_precision_at_10_std": 0.1474247703167666,
        "nauc_precision_at_1_diff1": 0.24049844470372578,
        "nauc_precision_at_1_max": 0.3773664177516857,
        "nauc_precision_at_1_std": 0.12362463263583573,
        "nauc_precision_at_20_diff1": 0.09137471509274586,
        "nauc_precision_at_20_max": 0.38431625804238595,
        "nauc_precision_at_20_std": 0.14588203692460625,
        "nauc_precision_at_3_diff1": 0.18311694577190568,
        "nauc_precision_at_3_max": 0.42678555493879017,
        "nauc_precision_at_3_std": 0.1444896389280588,
        "nauc_precision_at_5_diff1": 0.1358712722480691,
        "nauc_precision_at_5_max": 0.40248287685163553,
        "nauc_precision_at_5_std": 0.1512114493475437,
        "nauc_recall_at_1000_diff1": 0.08698962169378018,
        "nauc_recall_at_1000_max": 0.15926316059320622,
        "nauc_recall_at_1000_std": 0.09924436358189724,
        "nauc_recall_at_100_diff1": 0.07391013829998266,
        "nauc_recall_at_100_max": 0.20709960935975585,
        "nauc_recall_at_100_std": 0.10099231476958605,
        "nauc_recall_at_10_diff1": 0.11698793005691091,
        "nauc_recall_at_10_max": 0.27466477253308114,
        "nauc_recall_at_10_std": 0.11988957311107175,
        "nauc_recall_at_1_diff1": 0.3336041969811863,
        "nauc_recall_at_1_max": 0.3014187917510767,
        "nauc_recall_at_1_std": 0.20253852280195028,
        "nauc_recall_at_20_diff1": 0.14172339560962208,
        "nauc_recall_at_20_max": 0.23937880386124236,
        "nauc_recall_at_20_std": 0.1179259575998989,
        "nauc_recall_at_3_diff1": 0.3236536789404789,
        "nauc_recall_at_3_max": 0.36035155121916357,
        "nauc_recall_at_3_std": 0.23169051183640638,
        "nauc_recall_at_5_diff1": 0.18632116176433497,
        "nauc_recall_at_5_max": 0.25626031692363815,
        "nauc_recall_at_5_std": 0.15404382505573305,
        "ndcg_at_1": 0.18576,
        "ndcg_at_10": 0.13409,
        "ndcg_at_100": 0.13357,
        "ndcg_at_1000": 0.2291,
        "ndcg_at_20": 0.12187,
        "ndcg_at_3": 0.15879,
        "ndcg_at_5": 0.14978,
        "precision_at_1": 0.19505,
        "precision_at_10": 0.10619,
        "precision_at_100": 0.0405,
        "precision_at_1000": 0.01613,
        "precision_at_20": 0.07709,
        "precision_at_3": 0.15377,
        "precision_at_5": 0.1356,
        "recall_at_1": 0.01184,
        "recall_at_10": 0.05758,
        "recall_at_100": 0.16098,
        "recall_at_1000": 0.49885,
        "recall_at_20": 0.07569,
        "recall_at_3": 0.02635,
        "recall_at_5": 0.03985
      }
    ]
  },
  "task_name": "NFCorpus"
}