{
  "dataset_revision": "ec0fa4fe99da2ff19ca1214b7966684033a58814",
  "evaluation_time": 2.97826886177063,
  "kg_co2_emissions": null,
  "mteb_version": "1.14.12",
  "scores": {
    "test": [
      {
        "hf_subset": "default",
        "languages": [
          "eng-Latn"
        ],
        "main_score": 0.02467,
        "map_at_1": 0.00075,
        "map_at_10": 0.00267,
        "map_at_100": 0.00603,
        "map_at_1000": 0.01225,
        "map_at_20": 0.00361,
        "map_at_3": 0.00193,
        "map_at_5": 0.00216,
        "mrr_at_1": 0.030959752321981424,
        "mrr_at_10": 0.060742542631087526,
        "mrr_at_100": 0.07219384303747006,
        "mrr_at_1000": 0.07384287545985468,
        "mrr_at_20": 0.06550012594904236,
        "mrr_at_3": 0.04953560371517029,
        "mrr_at_5": 0.05433436532507741,
        "nauc_map_at_1000_diff1": -0.09302046224388405,
        "nauc_map_at_1000_max": -0.07503950931338005,
        "nauc_map_at_1000_std": -0.026370408160248722,
        "nauc_map_at_100_diff1": -0.07098088835513154,
        "nauc_map_at_100_max": -0.08748322141674053,
        "nauc_map_at_100_std": 0.011076656567262828,
        "nauc_map_at_10_diff1": 0.012457289232091719,
        "nauc_map_at_10_max": -0.12990578152057866,
        "nauc_map_at_10_std": -0.003042902106313803,
        "nauc_map_at_1_diff1": 0.2206204703615943,
        "nauc_map_at_1_max": -0.03838757971671966,
        "nauc_map_at_1_std": -0.09353931000690054,
        "nauc_map_at_20_diff1": -0.029756291443565928,
        "nauc_map_at_20_max": -0.10599970960039988,
        "nauc_map_at_20_std": -0.0130345815540893,
        "nauc_map_at_3_diff1": 0.03552419750182417,
        "nauc_map_at_3_max": -0.14819941433693332,
        "nauc_map_at_3_std": -0.05089174530932474,
        "nauc_map_at_5_diff1": 0.03874654614044107,
        "nauc_map_at_5_max": -0.13269407492899452,
        "nauc_map_at_5_std": -0.06464276497042908,
        "nauc_mrr_at_1000_diff1": -0.01634507887719579,
        "nauc_mrr_at_1000_max": -0.035722518462556155,
        "nauc_mrr_at_1000_std": -0.012325229894181099,
        "nauc_mrr_at_100_diff1": -0.016194996647108093,
        "nauc_mrr_at_100_max": -0.03517784902425242,
        "nauc_mrr_at_100_std": -0.011718056824305517,
        "nauc_mrr_at_10_diff1": -0.010143060041532394,
        "nauc_mrr_at_10_max": -0.045567655788907244,
        "nauc_mrr_at_10_std": -0.007315928214240815,
        "nauc_mrr_at_1_diff1": 0.05258450502082145,
        "nauc_mrr_at_1_max": -0.02719376324024434,
        "nauc_mrr_at_1_std": -0.009993786788321551,
        "nauc_mrr_at_20_diff1": -0.008986164168534597,
        "nauc_mrr_at_20_max": -0.04036073236328446,
        "nauc_mrr_at_20_std": -0.008666330606729748,
        "nauc_mrr_at_3_diff1": 0.0001625539248931837,
        "nauc_mrr_at_3_max": -0.053827572318672794,
        "nauc_mrr_at_3_std": 0.017839875348511117,
        "nauc_mrr_at_5_diff1": -0.006990611510926441,
        "nauc_mrr_at_5_max": -0.0445678099515752,
        "nauc_mrr_at_5_std": -0.005169076314124854,
        "nauc_ndcg_at_1000_diff1": -0.13603801814408628,
        "nauc_ndcg_at_1000_max": 0.014175579816482303,
        "nauc_ndcg_at_1000_std": -0.11694932224703691,
        "nauc_ndcg_at_100_diff1": -0.11666899696626289,
        "nauc_ndcg_at_100_max": -0.042817011151691585,
        "nauc_ndcg_at_100_std": -0.011738224535529713,
        "nauc_ndcg_at_10_diff1": -0.06795139898241968,
        "nauc_ndcg_at_10_max": -0.07613098997938071,
        "nauc_ndcg_at_10_std": -0.0007313202302585257,
        "nauc_ndcg_at_1_diff1": 0.0038124742492484367,
        "nauc_ndcg_at_1_max": -0.0011369134653626137,
        "nauc_ndcg_at_1_std": -0.006070587909016214,
        "nauc_ndcg_at_20_diff1": -0.07734148922810034,
        "nauc_ndcg_at_20_max": -0.07880928962023633,
        "nauc_ndcg_at_20_std": -0.0030399432627310286,
        "nauc_ndcg_at_3_diff1": -0.0450589212544877,
        "nauc_ndcg_at_3_max": -0.01914583480364262,
        "nauc_ndcg_at_3_std": -0.0012532029287713419,
        "nauc_ndcg_at_5_diff1": -0.05652362871709993,
        "nauc_ndcg_at_5_max": -0.05507634665806024,
        "nauc_ndcg_at_5_std": -0.01364311423530627,
        "nauc_precision_at_1000_diff1": -0.047820560277724786,
        "nauc_precision_at_1000_max": -0.10319477374241387,
        "nauc_precision_at_1000_std": -0.03954373060100319,
        "nauc_precision_at_100_diff1": -0.09645155303448014,
        "nauc_precision_at_100_max": -0.07893684776164354,
        "nauc_precision_at_100_std": -0.05052472831810976,
        "nauc_precision_at_10_diff1": -0.06949126931367916,
        "nauc_precision_at_10_max": -0.08773923225549073,
        "nauc_precision_at_10_std": 0.014946067795497871,
        "nauc_precision_at_1_diff1": 0.05258450502082145,
        "nauc_precision_at_1_max": -0.02719376324024434,
        "nauc_precision_at_1_std": -0.009993786788321551,
        "nauc_precision_at_20_diff1": -0.08676239510394444,
        "nauc_precision_at_20_max": -0.06974285656098707,
        "nauc_precision_at_20_std": -0.007358525825040941,
        "nauc_precision_at_3_diff1": -0.022653904247841188,
        "nauc_precision_at_3_max": -0.01172741262884791,
        "nauc_precision_at_3_std": -0.009016865968871786,
        "nauc_precision_at_5_diff1": -0.047111417468182454,
        "nauc_precision_at_5_max": -0.05295311505362463,
        "nauc_precision_at_5_std": -0.02389377299170721,
        "nauc_recall_at_1000_diff1": -0.04694951804368972,
        "nauc_recall_at_1000_max": -0.015140739012600053,
        "nauc_recall_at_1000_std": -0.09905915372181194,
        "nauc_recall_at_100_diff1": -0.09668039727020214,
        "nauc_recall_at_100_max": -0.027181159020173425,
        "nauc_recall_at_100_std": -0.0016786098082238923,
        "nauc_recall_at_10_diff1": -0.04169903484650224,
        "nauc_recall_at_10_max": -0.15532230968696611,
        "nauc_recall_at_10_std": 0.017153586711453395,
        "nauc_recall_at_1_diff1": 0.2206204703615943,
        "nauc_recall_at_1_max": -0.03838757971671966,
        "nauc_recall_at_1_std": -0.09353931000690054,
        "nauc_recall_at_20_diff1": -0.10903617187450639,
        "nauc_recall_at_20_max": -0.06923838788582265,
        "nauc_recall_at_20_std": 0.0178093802033971,
        "nauc_recall_at_3_diff1": -0.036359340886236956,
        "nauc_recall_at_3_max": -0.2461064778406415,
        "nauc_recall_at_3_std": -0.060959823709407904,
        "nauc_recall_at_5_diff1": -0.01246480924077698,
        "nauc_recall_at_5_max": -0.19837275494562126,
        "nauc_recall_at_5_std": -0.09381299902329698,
        "ndcg_at_1": 0.02786,
        "ndcg_at_10": 0.02467,
        "ndcg_at_100": 0.03937,
        "ndcg_at_1000": 0.13641,
        "ndcg_at_20": 0.02579,
        "ndcg_at_3": 0.02528,
        "ndcg_at_5": 0.02422,
        "precision_at_1": 0.03096,
        "precision_at_10": 0.02384,
        "precision_at_100": 0.01824,
        "precision_at_1000": 0.01357,
        "precision_at_20": 0.02245,
        "precision_at_3": 0.02683,
        "precision_at_5": 0.02415,
        "recall_at_1": 0.00075,
        "recall_at_10": 0.00678,
        "recall_at_100": 0.06306,
        "recall_at_1000": 0.40319,
        "recall_at_20": 0.01358,
        "recall_at_3": 0.00376,
        "recall_at_5": 0.00451
      }
    ]
  },
  "task_name": "NFCorpus"
}