{
  "dataset_revision": "ec0fa4fe99da2ff19ca1214b7966684033a58814",
  "evaluation_time": 3.0107877254486084,
  "kg_co2_emissions": null,
  "mteb_version": "1.14.12",
  "scores": {
    "test": [
      {
        "hf_subset": "default",
        "languages": [
          "eng-Latn"
        ],
        "main_score": 0.01064,
        "map_at_1": 0.0006,
        "map_at_10": 0.00109,
        "map_at_100": 0.00233,
        "map_at_1000": 0.00696,
        "map_at_20": 0.00131,
        "map_at_3": 0.00086,
        "map_at_5": 0.0009,
        "mrr_at_1": 0.01238390092879257,
        "mrr_at_10": 0.030867610201975527,
        "mrr_at_100": 0.040887286155346626,
        "mrr_at_1000": 0.04278717946778848,
        "mrr_at_20": 0.03559235469262882,
        "mrr_at_3": 0.021155830753353973,
        "mrr_at_5": 0.023477812177502576,
        "nauc_map_at_1000_diff1": 0.07804849500545075,
        "nauc_map_at_1000_max": 0.05729958520678347,
        "nauc_map_at_1000_std": 0.07294410523303672,
        "nauc_map_at_100_diff1": -0.025887714472909676,
        "nauc_map_at_100_max": 0.09920513789020206,
        "nauc_map_at_100_std": 0.02131266486127288,
        "nauc_map_at_10_diff1": -0.1154930816584967,
        "nauc_map_at_10_max": 0.2394912511426814,
        "nauc_map_at_10_std": -0.0559412155687667,
        "nauc_map_at_1_diff1": -0.2103292040650689,
        "nauc_map_at_1_max": 0.632579714496777,
        "nauc_map_at_1_std": -0.1475267032390121,
        "nauc_map_at_20_diff1": -0.1121417995788479,
        "nauc_map_at_20_max": 0.22475357621792763,
        "nauc_map_at_20_std": -0.03198357144282411,
        "nauc_map_at_3_diff1": -0.18311120041630413,
        "nauc_map_at_3_max": 0.32433872162524974,
        "nauc_map_at_3_std": -0.12314823547675874,
        "nauc_map_at_5_diff1": -0.17547259109346802,
        "nauc_map_at_5_max": 0.2957679378708625,
        "nauc_map_at_5_std": -0.10479152641268558,
        "nauc_mrr_at_1000_diff1": 0.12093534582253859,
        "nauc_mrr_at_1000_max": -0.12521245120986826,
        "nauc_mrr_at_1000_std": 0.16446023795160514,
        "nauc_mrr_at_100_diff1": 0.11642129994769483,
        "nauc_mrr_at_100_max": -0.12146277756909896,
        "nauc_mrr_at_100_std": 0.1600139375742892,
        "nauc_mrr_at_10_diff1": 0.14324267370622773,
        "nauc_mrr_at_10_max": -0.16656935598660286,
        "nauc_mrr_at_10_std": 0.19702646611578242,
        "nauc_mrr_at_1_diff1": 0.2309640687078964,
        "nauc_mrr_at_1_max": -0.048438211375983004,
        "nauc_mrr_at_1_std": 0.2520943295069223,
        "nauc_mrr_at_20_diff1": 0.12509736867378696,
        "nauc_mrr_at_20_max": -0.12657829832702458,
        "nauc_mrr_at_20_std": 0.18285514685828008,
        "nauc_mrr_at_3_diff1": 0.20128106259533798,
        "nauc_mrr_at_3_max": -0.21931788703431493,
        "nauc_mrr_at_3_std": 0.2753073435212314,
        "nauc_mrr_at_5_diff1": 0.187137400039874,
        "nauc_mrr_at_5_max": -0.22933547716346378,
        "nauc_mrr_at_5_std": 0.2837510579651243,
        "nauc_ndcg_at_1000_diff1": 0.03980671474361372,
        "nauc_ndcg_at_1000_max": 0.04100071381062332,
        "nauc_ndcg_at_1000_std": 0.04728226755262262,
        "nauc_ndcg_at_100_diff1": 0.06944937623879577,
        "nauc_ndcg_at_100_max": -0.02276792148458975,
        "nauc_ndcg_at_100_std": 0.09079284681196326,
        "nauc_ndcg_at_10_diff1": 0.12374461228111164,
        "nauc_ndcg_at_10_max": -0.13404452448697068,
        "nauc_ndcg_at_10_std": 0.17667488231855075,
        "nauc_ndcg_at_1_diff1": 0.22443829426294426,
        "nauc_ndcg_at_1_max": -0.1356087154109827,
        "nauc_ndcg_at_1_std": 0.2385251347956283,
        "nauc_ndcg_at_20_diff1": 0.07611462743779734,
        "nauc_ndcg_at_20_max": -0.028502710994745523,
        "nauc_ndcg_at_20_std": 0.11985645777180955,
        "nauc_ndcg_at_3_diff1": 0.19814919286603744,
        "nauc_ndcg_at_3_max": -0.28207853153143647,
        "nauc_ndcg_at_3_std": 0.28778000419707916,
        "nauc_ndcg_at_5_diff1": 0.16762385260479787,
        "nauc_ndcg_at_5_max": -0.28742373029252727,
        "nauc_ndcg_at_5_std": 0.2828703755725097,
        "nauc_precision_at_1000_diff1": 0.14859339002939703,
        "nauc_precision_at_1000_max": 0.027437903216451114,
        "nauc_precision_at_1000_std": 0.08473096848412515,
        "nauc_precision_at_100_diff1": 0.1673508161699397,
        "nauc_precision_at_100_max": -0.029727377124175863,
        "nauc_precision_at_100_std": 0.12964478301719767,
        "nauc_precision_at_10_diff1": 0.12016355394021583,
        "nauc_precision_at_10_max": -0.11885946157298871,
        "nauc_precision_at_10_std": 0.14156850375305066,
        "nauc_precision_at_1_diff1": 0.2309640687078964,
        "nauc_precision_at_1_max": -0.048438211375983004,
        "nauc_precision_at_1_std": 0.2520943295069223,
        "nauc_precision_at_20_diff1": 0.06501153578091537,
        "nauc_precision_at_20_max": -0.0014279801716023624,
        "nauc_precision_at_20_std": 0.08361372257006655,
        "nauc_precision_at_3_diff1": 0.17320608895555376,
        "nauc_precision_at_3_max": -0.30206064345546507,
        "nauc_precision_at_3_std": 0.2574944037547451,
        "nauc_precision_at_5_diff1": 0.1564287016371319,
        "nauc_precision_at_5_max": -0.31957999907087664,
        "nauc_precision_at_5_std": 0.2710787479631289,
        "nauc_recall_at_1000_diff1": -0.00846406259077243,
        "nauc_recall_at_1000_max": 0.037121082115759256,
        "nauc_recall_at_1000_std": 0.04723071142427567,
        "nauc_recall_at_100_diff1": -0.02930763225422924,
        "nauc_recall_at_100_max": -0.039511657642651084,
        "nauc_recall_at_100_std": 0.008612438969128056,
        "nauc_recall_at_10_diff1": -0.061508078751038156,
        "nauc_recall_at_10_max": 0.0563332398666343,
        "nauc_recall_at_10_std": -0.011006988727622981,
        "nauc_recall_at_1_diff1": -0.2103292040650689,
        "nauc_recall_at_1_max": 0.632579714496777,
        "nauc_recall_at_1_std": -0.1475267032390121,
        "nauc_recall_at_20_diff1": -0.08050992779555097,
        "nauc_recall_at_20_max": 0.07398153511655654,
        "nauc_recall_at_20_std": 0.04325686779863255,
        "nauc_recall_at_3_diff1": -0.180120164039614,
        "nauc_recall_at_3_max": 0.09095239838943003,
        "nauc_recall_at_3_std": -0.130120808155729,
        "nauc_recall_at_5_diff1": -0.167888869678612,
        "nauc_recall_at_5_max": 0.05551170759057802,
        "nauc_recall_at_5_std": -0.08943401449680018,
        "ndcg_at_1": 0.00929,
        "ndcg_at_10": 0.01064,
        "ndcg_at_100": 0.02094,
        "ndcg_at_1000": 0.10776,
        "ndcg_at_20": 0.01219,
        "ndcg_at_3": 0.00955,
        "ndcg_at_5": 0.00942,
        "precision_at_1": 0.01238,
        "precision_at_10": 0.01146,
        "precision_at_100": 0.0126,
        "precision_at_1000": 0.01173,
        "precision_at_20": 0.01238,
        "precision_at_3": 0.01135,
        "precision_at_5": 0.00991,
        "recall_at_1": 0.0006,
        "recall_at_10": 0.00285,
        "recall_at_100": 0.03036,
        "recall_at_1000": 0.33275,
        "recall_at_20": 0.00553,
        "recall_at_3": 0.00131,
        "recall_at_5": 0.00145
      }
    ]
  },
  "task_name": "NFCorpus"
}