{
  "dataset_revision": "ec0fa4fe99da2ff19ca1214b7966684033a58814",
  "evaluation_time": 3.009477376937866,
  "kg_co2_emissions": null,
  "mteb_version": "1.14.12",
  "scores": {
    "test": [
      {
        "hf_subset": "default",
        "languages": [
          "eng-Latn"
        ],
        "main_score": 0.01608,
        "map_at_1": 0.00066,
        "map_at_10": 0.00159,
        "map_at_100": 0.00311,
        "map_at_1000": 0.00755,
        "map_at_20": 0.00195,
        "map_at_3": 0.00077,
        "map_at_5": 0.00104,
        "mrr_at_1": 0.02786377708978328,
        "mrr_at_10": 0.04896063688633347,
        "mrr_at_100": 0.060151928842376294,
        "mrr_at_1000": 0.06182572727697766,
        "mrr_at_20": 0.05393937910004871,
        "mrr_at_3": 0.03508771929824562,
        "mrr_at_5": 0.04205366357069143,
        "nauc_map_at_1000_diff1": 0.042805247810180705,
        "nauc_map_at_1000_max": 0.017894204963778408,
        "nauc_map_at_1000_std": 0.007573465901669187,
        "nauc_map_at_100_diff1": 0.16121373109992448,
        "nauc_map_at_100_max": -0.09317700251627166,
        "nauc_map_at_100_std": 0.10534793431512307,
        "nauc_map_at_10_diff1": 0.10438945371982625,
        "nauc_map_at_10_max": -0.13811097267309044,
        "nauc_map_at_10_std": -0.029503201065073027,
        "nauc_map_at_1_diff1": 0.08503633762498307,
        "nauc_map_at_1_max": -0.18844728821402598,
        "nauc_map_at_1_std": -0.041661726130405995,
        "nauc_map_at_20_diff1": 0.16057864515698253,
        "nauc_map_at_20_max": -0.12809672468248118,
        "nauc_map_at_20_std": 0.059733428746231165,
        "nauc_map_at_3_diff1": 0.03690240389453411,
        "nauc_map_at_3_max": -0.1745236264877728,
        "nauc_map_at_3_std": -0.06359871265240119,
        "nauc_map_at_5_diff1": 0.016277542235391428,
        "nauc_map_at_5_max": -0.1707877015999253,
        "nauc_map_at_5_std": -0.03442763007527231,
        "nauc_mrr_at_1000_diff1": -0.046838624505627736,
        "nauc_mrr_at_1000_max": -0.04916616951442659,
        "nauc_mrr_at_1000_std": -0.08212296290892739,
        "nauc_mrr_at_100_diff1": -0.04552508301209789,
        "nauc_mrr_at_100_max": -0.049566521980545696,
        "nauc_mrr_at_100_std": -0.07859828789308124,
        "nauc_mrr_at_10_diff1": -0.03704977705211099,
        "nauc_mrr_at_10_max": -0.07725235089696006,
        "nauc_mrr_at_10_std": -0.08242863628495482,
        "nauc_mrr_at_1_diff1": -0.14935045872940675,
        "nauc_mrr_at_1_max": -0.030190683806662736,
        "nauc_mrr_at_1_std": -0.2309412951547305,
        "nauc_mrr_at_20_diff1": -0.03897647313244345,
        "nauc_mrr_at_20_max": -0.054336573689466455,
        "nauc_mrr_at_20_std": -0.07962524367881142,
        "nauc_mrr_at_3_diff1": -0.1439286107050277,
        "nauc_mrr_at_3_max": -0.06481343402696932,
        "nauc_mrr_at_3_std": -0.20147014892071965,
        "nauc_mrr_at_5_diff1": -0.08051932633135547,
        "nauc_mrr_at_5_max": -0.09694995205303183,
        "nauc_mrr_at_5_std": -0.11479107323291154,
        "nauc_ndcg_at_1000_diff1": -0.012315581244101339,
        "nauc_ndcg_at_1000_max": 0.08428378892503606,
        "nauc_ndcg_at_1000_std": -0.02463110538922287,
        "nauc_ndcg_at_100_diff1": 0.06911878189808204,
        "nauc_ndcg_at_100_max": -0.00791571387336133,
        "nauc_ndcg_at_100_std": 0.07218805539686303,
        "nauc_ndcg_at_10_diff1": 0.031155510684761308,
        "nauc_ndcg_at_10_max": -0.04016226036968742,
        "nauc_ndcg_at_10_std": -0.05803537882559156,
        "nauc_ndcg_at_1_diff1": -0.17718231037903384,
        "nauc_ndcg_at_1_max": -0.007590360929502335,
        "nauc_ndcg_at_1_std": -0.2404049234014573,
        "nauc_ndcg_at_20_diff1": 0.04234771213293804,
        "nauc_ndcg_at_20_max": -0.017118970665994392,
        "nauc_ndcg_at_20_std": -0.012496043227242978,
        "nauc_ndcg_at_3_diff1": -0.15467989768814064,
        "nauc_ndcg_at_3_max": -0.02453656031217774,
        "nauc_ndcg_at_3_std": -0.2186745901022278,
        "nauc_ndcg_at_5_diff1": -0.07886742673813742,
        "nauc_ndcg_at_5_max": -0.07245497851647838,
        "nauc_ndcg_at_5_std": -0.12006174337013767,
        "nauc_precision_at_1000_diff1": -0.1793697786974087,
        "nauc_precision_at_1000_max": 0.1402738464798466,
        "nauc_precision_at_1000_std": -0.17631999663172293,
        "nauc_precision_at_100_diff1": -0.04809910750872959,
        "nauc_precision_at_100_max": 0.0670818254741718,
        "nauc_precision_at_100_std": -0.016720830339853224,
        "nauc_precision_at_10_diff1": 0.08339726451125054,
        "nauc_precision_at_10_max": -0.03455867394863377,
        "nauc_precision_at_10_std": 0.018486925923677875,
        "nauc_precision_at_1_diff1": -0.14935045872940675,
        "nauc_precision_at_1_max": -0.030190683806662736,
        "nauc_precision_at_1_std": -0.2309412951547305,
        "nauc_precision_at_20_diff1": 0.0366665108229355,
        "nauc_precision_at_20_max": 0.026859040844846725,
        "nauc_precision_at_20_std": 0.03689959746888356,
        "nauc_precision_at_3_diff1": -0.14360651080055215,
        "nauc_precision_at_3_max": -0.05923059389846538,
        "nauc_precision_at_3_std": -0.1796282136405641,
        "nauc_precision_at_5_diff1": -0.03188157936054035,
        "nauc_precision_at_5_max": -0.10958494688357638,
        "nauc_precision_at_5_std": -0.04004953597536759,
        "nauc_recall_at_1000_diff1": -0.001950847545137303,
        "nauc_recall_at_1000_max": 0.12786695523316563,
        "nauc_recall_at_1000_std": -0.00643152275229849,
        "nauc_recall_at_100_diff1": 0.0671482255127754,
        "nauc_recall_at_100_max": 0.025762431965782647,
        "nauc_recall_at_100_std": 0.09304297226056306,
        "nauc_recall_at_10_diff1": 0.20156610556478632,
        "nauc_recall_at_10_max": -0.10847614097709786,
        "nauc_recall_at_10_std": 0.022177518917308486,
        "nauc_recall_at_1_diff1": 0.08503633762498307,
        "nauc_recall_at_1_max": -0.18844728821402598,
        "nauc_recall_at_1_std": -0.041661726130405995,
        "nauc_recall_at_20_diff1": 0.2682389532768959,
        "nauc_recall_at_20_max": -0.07923053473223873,
        "nauc_recall_at_20_std": 0.16172060102561522,
        "nauc_recall_at_3_diff1": -0.0014871139561879459,
        "nauc_recall_at_3_max": -0.16981288254192392,
        "nauc_recall_at_3_std": -0.07073213383041824,
        "nauc_recall_at_5_diff1": -0.023469332607778785,
        "nauc_recall_at_5_max": -0.1573576826808446,
        "nauc_recall_at_5_std": 0.007810242383779102,
        "ndcg_at_1": 0.02632,
        "ndcg_at_10": 0.01608,
        "ndcg_at_100": 0.0277,
        "ndcg_at_1000": 0.11384,
        "ndcg_at_20": 0.01687,
        "ndcg_at_3": 0.01654,
        "ndcg_at_5": 0.01655,
        "precision_at_1": 0.02786,
        "precision_at_10": 0.01579,
        "precision_at_100": 0.01424,
        "precision_at_1000": 0.01178,
        "precision_at_20": 0.01579,
        "precision_at_3": 0.01651,
        "precision_at_5": 0.01796,
        "recall_at_1": 0.00066,
        "recall_at_10": 0.00584,
        "recall_at_100": 0.04487,
        "recall_at_1000": 0.34358,
        "recall_at_20": 0.00936,
        "recall_at_3": 0.00092,
        "recall_at_5": 0.002
      }
    ]
  },
  "task_name": "NFCorpus"
}