{
  "dataset_revision": "ec0fa4fe99da2ff19ca1214b7966684033a58814",
  "evaluation_time": 3.03187894821167,
  "kg_co2_emissions": null,
  "mteb_version": "1.14.12",
  "scores": {
    "test": [
      {
        "hf_subset": "default",
        "languages": [
          "eng-Latn"
        ],
        "main_score": 0.01048,
        "map_at_1": 0.00013,
        "map_at_10": 0.0007,
        "map_at_100": 0.0018,
        "map_at_1000": 0.0058,
        "map_at_20": 0.00093,
        "map_at_3": 0.00016,
        "map_at_5": 0.00046,
        "mrr_at_1": 0.009287925696594427,
        "mrr_at_10": 0.024719887955182072,
        "mrr_at_100": 0.03518395497683987,
        "mrr_at_1000": 0.036976488013864134,
        "mrr_at_20": 0.02911643979204292,
        "mrr_at_3": 0.013931888544891639,
        "mrr_at_5": 0.018885448916408667,
        "nauc_map_at_1000_diff1": 0.08184541829543442,
        "nauc_map_at_1000_max": -0.0001582578838519576,
        "nauc_map_at_1000_std": 0.13752045140730315,
        "nauc_map_at_100_diff1": 0.2068061853983367,
        "nauc_map_at_100_max": -0.17300437777823593,
        "nauc_map_at_100_std": 0.2971643436105037,
        "nauc_map_at_10_diff1": 0.20648005306314499,
        "nauc_map_at_10_max": -0.18151879129734663,
        "nauc_map_at_10_std": 0.2553073013143577,
        "nauc_map_at_1_diff1": -0.0073683363214616686,
        "nauc_map_at_1_max": -0.17742310790807045,
        "nauc_map_at_1_std": -0.0029446301374988523,
        "nauc_map_at_20_diff1": 0.2649651038301891,
        "nauc_map_at_20_max": -0.1938285466496796,
        "nauc_map_at_20_std": 0.2949417601157958,
        "nauc_map_at_3_diff1": -0.052252761787611075,
        "nauc_map_at_3_max": -0.1932302032063054,
        "nauc_map_at_3_std": -0.06324903547161362,
        "nauc_map_at_5_diff1": 0.025237968303147878,
        "nauc_map_at_5_max": -0.10086058071894208,
        "nauc_map_at_5_std": 0.13635929759022836,
        "nauc_mrr_at_1000_diff1": -0.05553460650214116,
        "nauc_mrr_at_1000_max": -0.07195211951377585,
        "nauc_mrr_at_1000_std": -0.0010856904680581563,
        "nauc_mrr_at_100_diff1": -0.04932087064484908,
        "nauc_mrr_at_100_max": -0.07214222365006687,
        "nauc_mrr_at_100_std": 0.0040247400667028765,
        "nauc_mrr_at_10_diff1": -0.07255462046739998,
        "nauc_mrr_at_10_max": -0.096972243067243,
        "nauc_mrr_at_10_std": 6.527947741757659e-05,
        "nauc_mrr_at_1_diff1": -0.18164351402350493,
        "nauc_mrr_at_1_max": -0.18932330913750073,
        "nauc_mrr_at_1_std": 0.0027924393425630724,
        "nauc_mrr_at_20_diff1": -0.061050291679368485,
        "nauc_mrr_at_20_max": -0.06542328203902498,
        "nauc_mrr_at_20_std": -0.014600094296894945,
        "nauc_mrr_at_3_diff1": -0.21730621438192912,
        "nauc_mrr_at_3_max": -0.16071962319158817,
        "nauc_mrr_at_3_std": -0.029281383397565156,
        "nauc_mrr_at_5_diff1": -0.1602027822228449,
        "nauc_mrr_at_5_max": -0.12353546189253428,
        "nauc_mrr_at_5_std": -0.02618647251188755,
        "nauc_ndcg_at_1000_diff1": 0.015708286246757092,
        "nauc_ndcg_at_1000_max": 0.002642625300801807,
        "nauc_ndcg_at_1000_std": 0.07198880585776402,
        "nauc_ndcg_at_100_diff1": 0.08633119774196907,
        "nauc_ndcg_at_100_max": -0.066088609301457,
        "nauc_ndcg_at_100_std": 0.136887015495942,
        "nauc_ndcg_at_10_diff1": 0.018550482601272296,
        "nauc_ndcg_at_10_max": -0.07916041962338334,
        "nauc_ndcg_at_10_std": 0.037146287526332034,
        "nauc_ndcg_at_1_diff1": -0.18164351402350493,
        "nauc_ndcg_at_1_max": -0.18932330913750073,
        "nauc_ndcg_at_1_std": 0.0027924393425630724,
        "nauc_ndcg_at_20_diff1": 0.06601179709084402,
        "nauc_ndcg_at_20_max": -0.06821750220665156,
        "nauc_ndcg_at_20_std": 0.05194413668930971,
        "nauc_ndcg_at_3_diff1": -0.1859815307357734,
        "nauc_ndcg_at_3_max": -0.21020297307053823,
        "nauc_ndcg_at_3_std": -0.17665113688139034,
        "nauc_ndcg_at_5_diff1": -0.1484351368234509,
        "nauc_ndcg_at_5_max": -0.1510696667087853,
        "nauc_ndcg_at_5_std": -0.08066229490577317,
        "nauc_precision_at_1000_diff1": -0.06276815229776081,
        "nauc_precision_at_1000_max": 0.15936833348434076,
        "nauc_precision_at_1000_std": -0.0870999172203752,
        "nauc_precision_at_100_diff1": -0.026578358393777556,
        "nauc_precision_at_100_max": 0.10642240640663432,
        "nauc_precision_at_100_std": -0.013227586415500205,
        "nauc_precision_at_10_diff1": 0.07677839213795852,
        "nauc_precision_at_10_max": -0.049408071635331334,
        "nauc_precision_at_10_std": 0.07843591711677933,
        "nauc_precision_at_1_diff1": -0.18164351402350493,
        "nauc_precision_at_1_max": -0.18932330913750073,
        "nauc_precision_at_1_std": 0.0027924393425630724,
        "nauc_precision_at_20_diff1": 0.03987931851735666,
        "nauc_precision_at_20_max": 0.009414514726365534,
        "nauc_precision_at_20_std": -0.010927808759781308,
        "nauc_precision_at_3_diff1": -0.18324099078494344,
        "nauc_precision_at_3_max": -0.2161473373474062,
        "nauc_precision_at_3_std": -0.24287283787350497,
        "nauc_precision_at_5_diff1": -0.128354049050364,
        "nauc_precision_at_5_max": -0.10480755198212045,
        "nauc_precision_at_5_std": -0.09657444406512851,
        "nauc_recall_at_1000_diff1": 0.03662995804393264,
        "nauc_recall_at_1000_max": -0.005820282434270228,
        "nauc_recall_at_1000_std": 0.12488764229772331,
        "nauc_recall_at_100_diff1": 0.13066186107382452,
        "nauc_recall_at_100_max": -0.17848094765202566,
        "nauc_recall_at_100_std": 0.22311977081496615,
        "nauc_recall_at_10_diff1": 0.3116413534852676,
        "nauc_recall_at_10_max": -0.2062471459127099,
        "nauc_recall_at_10_std": 0.34679640640506776,
        "nauc_recall_at_1_diff1": -0.0073683363214616686,
        "nauc_recall_at_1_max": -0.17742310790807045,
        "nauc_recall_at_1_std": -0.0029446301374988523,
        "nauc_recall_at_20_diff1": 0.3836978474689999,
        "nauc_recall_at_20_max": -0.21506753053806457,
        "nauc_recall_at_20_std": 0.39242099904740363,
        "nauc_recall_at_3_diff1": -0.08550147600632087,
        "nauc_recall_at_3_max": -0.2048657270555926,
        "nauc_recall_at_3_std": -0.10193732908986211,
        "nauc_recall_at_5_diff1": 0.042652440064586676,
        "nauc_recall_at_5_max": -0.07573275033937037,
        "nauc_recall_at_5_std": 0.19140596429250908,
        "ndcg_at_1": 0.00929,
        "ndcg_at_10": 0.01048,
        "ndcg_at_100": 0.02027,
        "ndcg_at_1000": 0.10082,
        "ndcg_at_20": 0.01152,
        "ndcg_at_3": 0.00692,
        "ndcg_at_5": 0.00878,
        "precision_at_1": 0.00929,
        "precision_at_10": 0.01176,
        "precision_at_100": 0.01226,
        "precision_at_1000": 0.01147,
        "precision_at_20": 0.01161,
        "precision_at_3": 0.00619,
        "precision_at_5": 0.00991,
        "recall_at_1": 0.00013,
        "recall_at_10": 0.00286,
        "recall_at_100": 0.03177,
        "recall_at_1000": 0.30557,
        "recall_at_20": 0.00565,
        "recall_at_3": 0.00018,
        "recall_at_5": 0.00143
      }
    ]
  },
  "task_name": "NFCorpus"
}