{
  "dataset_revision": "ec0fa4fe99da2ff19ca1214b7966684033a58814",
  "evaluation_time": 2.9989912509918213,
  "kg_co2_emissions": null,
  "mteb_version": "1.14.12",
  "scores": {
    "test": [
      {
        "hf_subset": "default",
        "languages": [
          "eng-Latn"
        ],
        "main_score": 0.20353,
        "map_at_1": 0.0304,
        "map_at_10": 0.06399,
        "map_at_100": 0.08363,
        "map_at_1000": 0.09553,
        "map_at_20": 0.07212,
        "map_at_3": 0.0452,
        "map_at_5": 0.0549,
        "mrr_at_1": 0.29721362229102166,
        "mrr_at_10": 0.3787102560322375,
        "mrr_at_100": 0.38774840780590897,
        "mrr_at_1000": 0.3885259757192307,
        "mrr_at_20": 0.3845879478523567,
        "mrr_at_3": 0.3550051599587203,
        "mrr_at_5": 0.37079463364293086,
        "nauc_map_at_1000_diff1": 0.12291965743867338,
        "nauc_map_at_1000_max": 0.3672312761793544,
        "nauc_map_at_1000_std": 0.214062673756531,
        "nauc_map_at_100_diff1": 0.1365652378217445,
        "nauc_map_at_100_max": 0.3489676476123831,
        "nauc_map_at_100_std": 0.16864045716718865,
        "nauc_map_at_10_diff1": 0.17420645626117853,
        "nauc_map_at_10_max": 0.30217585612950365,
        "nauc_map_at_10_std": 0.08432324743718735,
        "nauc_map_at_1_diff1": 0.2532375090463624,
        "nauc_map_at_1_max": 0.17465956768805557,
        "nauc_map_at_1_std": -0.07693309376138042,
        "nauc_map_at_20_diff1": 0.1562876447003842,
        "nauc_map_at_20_max": 0.32876997414268805,
        "nauc_map_at_20_std": 0.11605798832250891,
        "nauc_map_at_3_diff1": 0.252331767641529,
        "nauc_map_at_3_max": 0.2372110417803509,
        "nauc_map_at_3_std": 0.00396302793032293,
        "nauc_map_at_5_diff1": 0.21371708769899717,
        "nauc_map_at_5_max": 0.2672942136760078,
        "nauc_map_at_5_std": 0.030654287545525155,
        "nauc_mrr_at_1000_diff1": 0.23435767963498272,
        "nauc_mrr_at_1000_max": 0.3656177705095718,
        "nauc_mrr_at_1000_std": 0.18613770655054537,
        "nauc_mrr_at_100_diff1": 0.23439258497612508,
        "nauc_mrr_at_100_max": 0.36598147338390835,
        "nauc_mrr_at_100_std": 0.18666331132615813,
        "nauc_mrr_at_10_diff1": 0.23697544688045616,
        "nauc_mrr_at_10_max": 0.3625282251474322,
        "nauc_mrr_at_10_std": 0.1788920536537367,
        "nauc_mrr_at_1_diff1": 0.25369533126784427,
        "nauc_mrr_at_1_max": 0.334786665757943,
        "nauc_mrr_at_1_std": 0.1741039110390552,
        "nauc_mrr_at_20_diff1": 0.23492905512683518,
        "nauc_mrr_at_20_max": 0.36484677112161584,
        "nauc_mrr_at_20_std": 0.1845182066204326,
        "nauc_mrr_at_3_diff1": 0.24150888508916632,
        "nauc_mrr_at_3_max": 0.34192595506956547,
        "nauc_mrr_at_3_std": 0.17465423177266168,
        "nauc_mrr_at_5_diff1": 0.23700854664335194,
        "nauc_mrr_at_5_max": 0.35230037606663867,
        "nauc_mrr_at_5_std": 0.1744040846252087,
        "nauc_ndcg_at_1000_diff1": 0.13739517618210675,
        "nauc_ndcg_at_1000_max": 0.49665550374901307,
        "nauc_ndcg_at_1000_std": 0.3456626882495567,
        "nauc_ndcg_at_100_diff1": 0.11390189166761526,
        "nauc_ndcg_at_100_max": 0.4011881153996223,
        "nauc_ndcg_at_100_std": 0.24981348949287738,
        "nauc_ndcg_at_10_diff1": 0.13397108368203473,
        "nauc_ndcg_at_10_max": 0.3678341953450239,
        "nauc_ndcg_at_10_std": 0.21897866110140804,
        "nauc_ndcg_at_1_diff1": 0.25247825036873955,
        "nauc_ndcg_at_1_max": 0.3207104798498633,
        "nauc_ndcg_at_1_std": 0.1723151858008523,
        "nauc_ndcg_at_20_diff1": 0.12832338539467883,
        "nauc_ndcg_at_20_max": 0.37087130558523257,
        "nauc_ndcg_at_20_std": 0.216782298011355,
        "nauc_ndcg_at_3_diff1": 0.1757355446599506,
        "nauc_ndcg_at_3_max": 0.3160592033526739,
        "nauc_ndcg_at_3_std": 0.19553884644579117,
        "nauc_ndcg_at_5_diff1": 0.15575955221648857,
        "nauc_ndcg_at_5_max": 0.3449191585643084,
        "nauc_ndcg_at_5_std": 0.19651061591806512,
        "nauc_precision_at_1000_diff1": -0.09319303795862667,
        "nauc_precision_at_1000_max": 0.13242565259707392,
        "nauc_precision_at_1000_std": 0.2758890037338238,
        "nauc_precision_at_100_diff1": -0.0673492098814965,
        "nauc_precision_at_100_max": 0.2566743670698797,
        "nauc_precision_at_100_std": 0.3865183119686365,
        "nauc_precision_at_10_diff1": 0.006220681456074692,
        "nauc_precision_at_10_max": 0.3797772342024441,
        "nauc_precision_at_10_std": 0.31776359565440615,
        "nauc_precision_at_1_diff1": 0.25369533126784427,
        "nauc_precision_at_1_max": 0.334786665757943,
        "nauc_precision_at_1_std": 0.1741039110390552,
        "nauc_precision_at_20_diff1": -0.01884723859257607,
        "nauc_precision_at_20_max": 0.36342212488228487,
        "nauc_precision_at_20_std": 0.36351845162532587,
        "nauc_precision_at_3_diff1": 0.10863760769205132,
        "nauc_precision_at_3_max": 0.32155408434294747,
        "nauc_precision_at_3_std": 0.2393485809041648,
        "nauc_precision_at_5_diff1": 0.06987636455131603,
        "nauc_precision_at_5_max": 0.3701210036139319,
        "nauc_precision_at_5_std": 0.250376092517527,
        "nauc_recall_at_1000_diff1": -0.004081882296209562,
        "nauc_recall_at_1000_max": 0.3125456293466206,
        "nauc_recall_at_1000_std": 0.2497638393843357,
        "nauc_recall_at_100_diff1": 0.025166275520410234,
        "nauc_recall_at_100_max": 0.2574070977507776,
        "nauc_recall_at_100_std": 0.18594612342222827,
        "nauc_recall_at_10_diff1": 0.12294824676389726,
        "nauc_recall_at_10_max": 0.2602940537496811,
        "nauc_recall_at_10_std": 0.06875231412961727,
        "nauc_recall_at_1_diff1": 0.2532375090463624,
        "nauc_recall_at_1_max": 0.17465956768805557,
        "nauc_recall_at_1_std": -0.07693309376138042,
        "nauc_recall_at_20_diff1": 0.058823436433930835,
        "nauc_recall_at_20_max": 0.23899843749525798,
        "nauc_recall_at_20_std": 0.07564697659084652,
        "nauc_recall_at_3_diff1": 0.24401138177625106,
        "nauc_recall_at_3_max": 0.216970089288685,
        "nauc_recall_at_3_std": -0.0007181534716286419,
        "nauc_recall_at_5_diff1": 0.16356237440821025,
        "nauc_recall_at_5_max": 0.22730510592128306,
        "nauc_recall_at_5_std": 0.0012521901046627269,
        "ndcg_at_1": 0.28019,
        "ndcg_at_10": 0.20353,
        "ndcg_at_100": 0.20128,
        "ndcg_at_1000": 0.29921,
        "ndcg_at_20": 0.19414,
        "ndcg_at_3": 0.24262,
        "ndcg_at_5": 0.23081,
        "precision_at_1": 0.29721,
        "precision_at_10": 0.14985,
        "precision_at_100": 0.05461,
        "precision_at_1000": 0.01841,
        "precision_at_20": 0.11347,
        "precision_at_3": 0.23013,
        "precision_at_5": 0.20433,
        "recall_at_1": 0.0304,
        "recall_at_10": 0.09451,
        "recall_at_100": 0.22244,
        "recall_at_1000": 0.56871,
        "recall_at_20": 0.13129,
        "recall_at_3": 0.05212,
        "recall_at_5": 0.07406
      }
    ]
  },
  "task_name": "NFCorpus"
}