{
  "dataset_revision": "ec0fa4fe99da2ff19ca1214b7966684033a58814",
  "evaluation_time": 3.051271677017212,
  "kg_co2_emissions": null,
  "mteb_version": "1.14.12",
  "scores": {
    "test": [
      {
        "hf_subset": "default",
        "languages": [
          "eng-Latn"
        ],
        "main_score": 0.29092,
        "map_at_1": 0.04024,
        "map_at_10": 0.10186,
        "map_at_100": 0.12924,
        "map_at_1000": 0.14263,
        "map_at_20": 0.11256,
        "map_at_3": 0.07236,
        "map_at_5": 0.08491,
        "mrr_at_1": 0.38699690402476783,
        "mrr_at_10": 0.4779030910609859,
        "mrr_at_100": 0.4842064303474358,
        "mrr_at_1000": 0.4846770731277312,
        "mrr_at_20": 0.48158973442068276,
        "mrr_at_3": 0.45510835913312714,
        "mrr_at_5": 0.4688854489164088,
        "nauc_map_at_1000_diff1": 0.1548086863640719,
        "nauc_map_at_1000_max": 0.2785117903741342,
        "nauc_map_at_1000_std": 0.17664084382187356,
        "nauc_map_at_100_diff1": 0.1687963557894597,
        "nauc_map_at_100_max": 0.2670458809259073,
        "nauc_map_at_100_std": 0.14252913926486802,
        "nauc_map_at_10_diff1": 0.22187290727447062,
        "nauc_map_at_10_max": 0.21880126495808755,
        "nauc_map_at_10_std": 0.019371166494177104,
        "nauc_map_at_1_diff1": 0.39045016911694747,
        "nauc_map_at_1_max": 0.04552314603866235,
        "nauc_map_at_1_std": -0.1330543216569593,
        "nauc_map_at_20_diff1": 0.19819521729355483,
        "nauc_map_at_20_max": 0.24115940938212244,
        "nauc_map_at_20_std": 0.0700793547594374,
        "nauc_map_at_3_diff1": 0.26928066939131334,
        "nauc_map_at_3_max": 0.1337148854810162,
        "nauc_map_at_3_std": -0.05466514414171472,
        "nauc_map_at_5_diff1": 0.2516289797308652,
        "nauc_map_at_5_max": 0.17082856235707827,
        "nauc_map_at_5_std": -0.02913152087522517,
        "nauc_mrr_at_1000_diff1": 0.2905075863690583,
        "nauc_mrr_at_1000_max": 0.41510078501084385,
        "nauc_mrr_at_1000_std": 0.21254613563367533,
        "nauc_mrr_at_100_diff1": 0.29074124252651823,
        "nauc_mrr_at_100_max": 0.4151922659497565,
        "nauc_mrr_at_100_std": 0.21295321486920504,
        "nauc_mrr_at_10_diff1": 0.29323873192573596,
        "nauc_mrr_at_10_max": 0.41394703137737654,
        "nauc_mrr_at_10_std": 0.20707994272967764,
        "nauc_mrr_at_1_diff1": 0.31715291026526937,
        "nauc_mrr_at_1_max": 0.3647941767059023,
        "nauc_mrr_at_1_std": 0.1405646184024079,
        "nauc_mrr_at_20_diff1": 0.2895310551556368,
        "nauc_mrr_at_20_max": 0.4149251269127957,
        "nauc_mrr_at_20_std": 0.21259744201532085,
        "nauc_mrr_at_3_diff1": 0.27754927644295935,
        "nauc_mrr_at_3_max": 0.40103884903577414,
        "nauc_mrr_at_3_std": 0.20166465892735624,
        "nauc_mrr_at_5_diff1": 0.2909631231373715,
        "nauc_mrr_at_5_max": 0.40994572540365515,
        "nauc_mrr_at_5_std": 0.20621914716561301,
        "nauc_ndcg_at_1000_diff1": 0.15888289360592342,
        "nauc_ndcg_at_1000_max": 0.4274680635406788,
        "nauc_ndcg_at_1000_std": 0.34745802202223697,
        "nauc_ndcg_at_100_diff1": 0.16071558504368857,
        "nauc_ndcg_at_100_max": 0.35252891677960285,
        "nauc_ndcg_at_100_std": 0.26254355149278014,
        "nauc_ndcg_at_10_diff1": 0.14736959126878185,
        "nauc_ndcg_at_10_max": 0.34380834482104117,
        "nauc_ndcg_at_10_std": 0.2461051265899852,
        "nauc_ndcg_at_1_diff1": 0.31446188517863805,
        "nauc_ndcg_at_1_max": 0.34152646925981517,
        "nauc_ndcg_at_1_std": 0.13868359103672825,
        "nauc_ndcg_at_20_diff1": 0.12069333495525691,
        "nauc_ndcg_at_20_max": 0.32769290716520644,
        "nauc_ndcg_at_20_std": 0.2555910930744025,
        "nauc_ndcg_at_3_diff1": 0.20234543998491622,
        "nauc_ndcg_at_3_max": 0.34428105410815696,
        "nauc_ndcg_at_3_std": 0.20571144373998923,
        "nauc_ndcg_at_5_diff1": 0.18327473399982946,
        "nauc_ndcg_at_5_max": 0.34376863287013093,
        "nauc_ndcg_at_5_std": 0.22421950512874841,
        "nauc_precision_at_1000_diff1": -0.12191057005790631,
        "nauc_precision_at_1000_max": 0.09095193017447056,
        "nauc_precision_at_1000_std": 0.2766179338758618,
        "nauc_precision_at_100_diff1": -0.11876880587864647,
        "nauc_precision_at_100_max": 0.20293586573214717,
        "nauc_precision_at_100_std": 0.41830208835187127,
        "nauc_precision_at_10_diff1": -0.001677467482916557,
        "nauc_precision_at_10_max": 0.3505015997423433,
        "nauc_precision_at_10_std": 0.3700207915054778,
        "nauc_precision_at_1_diff1": 0.31715291026526937,
        "nauc_precision_at_1_max": 0.3647941767059023,
        "nauc_precision_at_1_std": 0.1405646184024079,
        "nauc_precision_at_20_diff1": -0.06975596950637912,
        "nauc_precision_at_20_max": 0.3086788088335452,
        "nauc_precision_at_20_std": 0.42785093655637807,
        "nauc_precision_at_3_diff1": 0.12836972867491891,
        "nauc_precision_at_3_max": 0.3715179668637076,
        "nauc_precision_at_3_std": 0.2668953035619572,
        "nauc_precision_at_5_diff1": 0.08056577001432699,
        "nauc_precision_at_5_max": 0.3791007125947496,
        "nauc_precision_at_5_std": 0.30759200129130754,
        "nauc_recall_at_1000_diff1": 0.08995809097454315,
        "nauc_recall_at_1000_max": 0.2635350376308278,
        "nauc_recall_at_1000_std": 0.2570511087549559,
        "nauc_recall_at_100_diff1": 0.1018910293031038,
        "nauc_recall_at_100_max": 0.21882652943103945,
        "nauc_recall_at_100_std": 0.16992899363892028,
        "nauc_recall_at_10_diff1": 0.1724777818292851,
        "nauc_recall_at_10_max": 0.18233003633402167,
        "nauc_recall_at_10_std": -0.01646463091449194,
        "nauc_recall_at_1_diff1": 0.39045016911694747,
        "nauc_recall_at_1_max": 0.04552314603866235,
        "nauc_recall_at_1_std": -0.1330543216569593,
        "nauc_recall_at_20_diff1": 0.11109822457254928,
        "nauc_recall_at_20_max": 0.16633960479348503,
        "nauc_recall_at_20_std": 0.03008668462402487,
        "nauc_recall_at_3_diff1": 0.21640445040928782,
        "nauc_recall_at_3_max": 0.12237945510678305,
        "nauc_recall_at_3_std": -0.049272538008810464,
        "nauc_recall_at_5_diff1": 0.20188574024078917,
        "nauc_recall_at_5_max": 0.13081202504990203,
        "nauc_recall_at_5_std": -0.03398440626314923,
        "ndcg_at_1": 0.36842,
        "ndcg_at_10": 0.29092,
        "ndcg_at_100": 0.27132,
        "ndcg_at_1000": 0.36174,
        "ndcg_at_20": 0.27142,
        "ndcg_at_3": 0.33434,
        "ndcg_at_5": 0.31442,
        "precision_at_1": 0.387,
        "precision_at_10": 0.22043,
        "precision_at_100": 0.07214,
        "precision_at_1000": 0.02004,
        "precision_at_20": 0.16099,
        "precision_at_3": 0.31992,
        "precision_at_5": 0.2774,
        "recall_at_1": 0.04024,
        "recall_at_10": 0.14774,
        "recall_at_100": 0.28855,
        "recall_at_1000": 0.60921,
        "recall_at_20": 0.18308,
        "recall_at_3": 0.08426,
        "recall_at_5": 0.10842
      }
    ]
  },
  "task_name": "NFCorpus"
}