{
  "dataset_revision": "ec0fa4fe99da2ff19ca1214b7966684033a58814",
  "evaluation_time": 2.987123727798462,
  "kg_co2_emissions": null,
  "mteb_version": "1.14.12",
  "scores": {
    "test": [
      {
        "hf_subset": "default",
        "languages": [
          "eng-Latn"
        ],
        "main_score": 0.01128,
        "map_at_1": 0.00025,
        "map_at_10": 0.00107,
        "map_at_100": 0.00281,
        "map_at_1000": 0.00815,
        "map_at_20": 0.00131,
        "map_at_3": 0.00052,
        "map_at_5": 0.00071,
        "mrr_at_1": 0.006191950464396285,
        "mrr_at_10": 0.02763895031696889,
        "mrr_at_100": 0.03919147913126245,
        "mrr_at_1000": 0.040954333851871,
        "mrr_at_20": 0.03238584139328419,
        "mrr_at_3": 0.015995872033023734,
        "mrr_at_5": 0.02296181630546956,
        "nauc_map_at_1000_diff1": -0.07841106635819586,
        "nauc_map_at_1000_max": 0.0740417334870605,
        "nauc_map_at_1000_std": -0.1450477937620242,
        "nauc_map_at_100_diff1": -0.05636809554233893,
        "nauc_map_at_100_max": 0.13878122988777727,
        "nauc_map_at_100_std": -0.13463123380572184,
        "nauc_map_at_10_diff1": -0.08204520895612653,
        "nauc_map_at_10_max": 0.28078728908256273,
        "nauc_map_at_10_std": -0.14768999976325806,
        "nauc_map_at_1_diff1": -0.0848103338490279,
        "nauc_map_at_1_max": 0.6306633572138911,
        "nauc_map_at_1_std": -0.07402530768713812,
        "nauc_map_at_20_diff1": -0.12340927574980858,
        "nauc_map_at_20_max": 0.23395318895870368,
        "nauc_map_at_20_std": -0.18443966167672898,
        "nauc_map_at_3_diff1": -0.18008699464406855,
        "nauc_map_at_3_max": 0.4762492153753798,
        "nauc_map_at_3_std": -0.20478882942930388,
        "nauc_map_at_5_diff1": -0.17235386528868277,
        "nauc_map_at_5_max": 0.42706398780043187,
        "nauc_map_at_5_std": -0.24161255438914797,
        "nauc_mrr_at_1000_diff1": -0.18020388386258077,
        "nauc_mrr_at_1000_max": 0.15404034678000542,
        "nauc_mrr_at_1000_std": -0.18953615317045427,
        "nauc_mrr_at_100_diff1": -0.1774628675641238,
        "nauc_mrr_at_100_max": 0.1537331293217555,
        "nauc_mrr_at_100_std": -0.18798945498339575,
        "nauc_mrr_at_10_diff1": -0.1715108323152304,
        "nauc_mrr_at_10_max": 0.1545352804147163,
        "nauc_mrr_at_10_std": -0.16092353147646252,
        "nauc_mrr_at_1_diff1": -0.3219565067511724,
        "nauc_mrr_at_1_max": 0.17068349821546125,
        "nauc_mrr_at_1_std": -0.13778144460197636,
        "nauc_mrr_at_20_diff1": -0.1800145267197096,
        "nauc_mrr_at_20_max": 0.13627383961307735,
        "nauc_mrr_at_20_std": -0.17881871764226964,
        "nauc_mrr_at_3_diff1": -0.30535613053387634,
        "nauc_mrr_at_3_max": 0.33162101664394844,
        "nauc_mrr_at_3_std": -0.2723084725413223,
        "nauc_mrr_at_5_diff1": -0.24231672974835156,
        "nauc_mrr_at_5_max": 0.21952356841998927,
        "nauc_mrr_at_5_std": -0.21823208298947,
        "nauc_ndcg_at_1000_diff1": -0.10072006185991055,
        "nauc_ndcg_at_1000_max": 0.12576967824569882,
        "nauc_ndcg_at_1000_std": -0.18324897362234369,
        "nauc_ndcg_at_100_diff1": -0.03271738281108315,
        "nauc_ndcg_at_100_max": 0.05710391775014384,
        "nauc_ndcg_at_100_std": -0.11891535991755002,
        "nauc_ndcg_at_10_diff1": -0.13464143498125336,
        "nauc_ndcg_at_10_max": 0.054039485913859105,
        "nauc_ndcg_at_10_std": -0.10438085148582733,
        "nauc_ndcg_at_1_diff1": -0.4059221373481038,
        "nauc_ndcg_at_1_max": 0.00781981608204582,
        "nauc_ndcg_at_1_std": -0.16035538781584244,
        "nauc_ndcg_at_20_diff1": -0.14204817228990146,
        "nauc_ndcg_at_20_max": 0.007485196601981815,
        "nauc_ndcg_at_20_std": -0.1362580722061618,
        "nauc_ndcg_at_3_diff1": -0.2868077623577172,
        "nauc_ndcg_at_3_max": 0.25158317831203786,
        "nauc_ndcg_at_3_std": -0.25831177735665645,
        "nauc_ndcg_at_5_diff1": -0.2002118887784026,
        "nauc_ndcg_at_5_max": 0.12496712979876859,
        "nauc_ndcg_at_5_std": -0.1784850393128982,
        "nauc_precision_at_1000_diff1": -0.10508249556170729,
        "nauc_precision_at_1000_max": 0.000457109826051273,
        "nauc_precision_at_1000_std": -0.11027611128046352,
        "nauc_precision_at_100_diff1": -0.11028232286430911,
        "nauc_precision_at_100_max": 0.01847529394142992,
        "nauc_precision_at_100_std": -0.15129060319333537,
        "nauc_precision_at_10_diff1": -0.11943923354772162,
        "nauc_precision_at_10_max": 0.0542580880780735,
        "nauc_precision_at_10_std": -0.09143357251129332,
        "nauc_precision_at_1_diff1": -0.3219565067511724,
        "nauc_precision_at_1_max": 0.17068349821546125,
        "nauc_precision_at_1_std": -0.13778144460197636,
        "nauc_precision_at_20_diff1": -0.1435616706313757,
        "nauc_precision_at_20_max": -0.01838296145109706,
        "nauc_precision_at_20_std": -0.13480052940620524,
        "nauc_precision_at_3_diff1": -0.26640496331897084,
        "nauc_precision_at_3_max": 0.34720141747186306,
        "nauc_precision_at_3_std": -0.2729628003434007,
        "nauc_precision_at_5_diff1": -0.2100524378945059,
        "nauc_precision_at_5_max": 0.17324005668755127,
        "nauc_precision_at_5_std": -0.19887384555664334,
        "nauc_recall_at_1000_diff1": -0.008485098427244701,
        "nauc_recall_at_1000_max": 0.07857397307200611,
        "nauc_recall_at_1000_std": -0.03460748251812195,
        "nauc_recall_at_100_diff1": 0.10724199548176545,
        "nauc_recall_at_100_max": 0.05433301927994913,
        "nauc_recall_at_100_std": -0.022036773534642062,
        "nauc_recall_at_10_diff1": 0.016263491376565978,
        "nauc_recall_at_10_max": 0.10794904275819546,
        "nauc_recall_at_10_std": -0.07594919730848759,
        "nauc_recall_at_1_diff1": -0.0848103338490279,
        "nauc_recall_at_1_max": 0.6306633572138911,
        "nauc_recall_at_1_std": -0.07402530768713812,
        "nauc_recall_at_20_diff1": -0.1187297640567514,
        "nauc_recall_at_20_max": 0.06204054141939739,
        "nauc_recall_at_20_std": -0.1904702239643897,
        "nauc_recall_at_3_diff1": -0.18906155281625053,
        "nauc_recall_at_3_max": 0.39848488104448754,
        "nauc_recall_at_3_std": -0.22852003344241986,
        "nauc_recall_at_5_diff1": -0.17112522191295243,
        "nauc_recall_at_5_max": 0.3589823683817625,
        "nauc_recall_at_5_std": -0.282265808008769,
        "ndcg_at_1": 0.00464,
        "ndcg_at_10": 0.01128,
        "ndcg_at_100": 0.02682,
        "ndcg_at_1000": 0.11929,
        "ndcg_at_20": 0.01252,
        "ndcg_at_3": 0.00723,
        "ndcg_at_5": 0.01036,
        "precision_at_1": 0.00619,
        "precision_at_10": 0.01269,
        "precision_at_100": 0.01483,
        "precision_at_1000": 0.01246,
        "precision_at_20": 0.01254,
        "precision_at_3": 0.00929,
        "precision_at_5": 0.013,
        "recall_at_1": 0.00025,
        "recall_at_10": 0.00381,
        "recall_at_100": 0.0437,
        "recall_at_1000": 0.36758,
        "recall_at_20": 0.00652,
        "recall_at_3": 0.0009,
        "recall_at_5": 0.00176
      }
    ]
  },
  "task_name": "NFCorpus"
}