{
  "dataset_revision": "ec0fa4fe99da2ff19ca1214b7966684033a58814",
  "evaluation_time": 2.9803950786590576,
  "kg_co2_emissions": null,
  "mteb_version": "1.14.12",
  "scores": {
    "test": [
      {
        "hf_subset": "default",
        "languages": [
          "eng-Latn"
        ],
        "main_score": 0.16099,
        "map_at_1": 0.01759,
        "map_at_10": 0.04459,
        "map_at_100": 0.05925,
        "map_at_1000": 0.0693,
        "map_at_20": 0.05009,
        "map_at_3": 0.03112,
        "map_at_5": 0.03718,
        "mrr_at_1": 0.22291021671826625,
        "mrr_at_10": 0.3027237210673743,
        "mrr_at_100": 0.3109373297342665,
        "mrr_at_1000": 0.3116858757251219,
        "mrr_at_20": 0.3063578998275967,
        "mrr_at_3": 0.2770897832817337,
        "mrr_at_5": 0.2921052631578947,
        "nauc_map_at_1000_diff1": 0.2961466921933732,
        "nauc_map_at_1000_max": 0.47478394288807124,
        "nauc_map_at_1000_std": 0.20887235912260382,
        "nauc_map_at_100_diff1": 0.31907377947369375,
        "nauc_map_at_100_max": 0.47801643287276224,
        "nauc_map_at_100_std": 0.2000336129833799,
        "nauc_map_at_10_diff1": 0.3503981868665905,
        "nauc_map_at_10_max": 0.47335692626797016,
        "nauc_map_at_10_std": 0.1599026907167655,
        "nauc_map_at_1_diff1": 0.46285802929202935,
        "nauc_map_at_1_max": 0.35702068850561425,
        "nauc_map_at_1_std": 0.0030744893482459166,
        "nauc_map_at_20_diff1": 0.34389450243834296,
        "nauc_map_at_20_max": 0.479528125780104,
        "nauc_map_at_20_std": 0.1782845403943996,
        "nauc_map_at_3_diff1": 0.3932359565509297,
        "nauc_map_at_3_max": 0.4350345911722007,
        "nauc_map_at_3_std": 0.0902120876509691,
        "nauc_map_at_5_diff1": 0.36742859650444043,
        "nauc_map_at_5_max": 0.4526746086773359,
        "nauc_map_at_5_std": 0.1266264234688906,
        "nauc_mrr_at_1000_diff1": 0.28599437650815285,
        "nauc_mrr_at_1000_max": 0.43739679739326826,
        "nauc_mrr_at_1000_std": 0.09795515229495468,
        "nauc_mrr_at_100_diff1": 0.28614091063218394,
        "nauc_mrr_at_100_max": 0.4375725978749547,
        "nauc_mrr_at_100_std": 0.09780021662622447,
        "nauc_mrr_at_10_diff1": 0.28517068001440143,
        "nauc_mrr_at_10_max": 0.43601113004940517,
        "nauc_mrr_at_10_std": 0.09506761665693643,
        "nauc_mrr_at_1_diff1": 0.3327522576683247,
        "nauc_mrr_at_1_max": 0.4078692323803591,
        "nauc_mrr_at_1_std": 0.06199489839837445,
        "nauc_mrr_at_20_diff1": 0.28634178130452803,
        "nauc_mrr_at_20_max": 0.43537536768609286,
        "nauc_mrr_at_20_std": 0.09641258681461011,
        "nauc_mrr_at_3_diff1": 0.28226794204328765,
        "nauc_mrr_at_3_max": 0.4336840818253307,
        "nauc_mrr_at_3_std": 0.09342869200091064,
        "nauc_mrr_at_5_diff1": 0.28376518465813194,
        "nauc_mrr_at_5_max": 0.44185708694467174,
        "nauc_mrr_at_5_std": 0.1059782856714932,
        "nauc_ndcg_at_1000_diff1": 0.23772096289885924,
        "nauc_ndcg_at_1000_max": 0.4957569039210397,
        "nauc_ndcg_at_1000_std": 0.21572937964286767,
        "nauc_ndcg_at_100_diff1": 0.25680776708763703,
        "nauc_ndcg_at_100_max": 0.45239138027981624,
        "nauc_ndcg_at_100_std": 0.17911953868212838,
        "nauc_ndcg_at_10_diff1": 0.21931506351440633,
        "nauc_ndcg_at_10_max": 0.43951537575623467,
        "nauc_ndcg_at_10_std": 0.16534620000938335,
        "nauc_ndcg_at_1_diff1": 0.31613818899969015,
        "nauc_ndcg_at_1_max": 0.37930793466441814,
        "nauc_ndcg_at_1_std": 0.06986775720820884,
        "nauc_ndcg_at_20_diff1": 0.24427719518776164,
        "nauc_ndcg_at_20_max": 0.438826075207149,
        "nauc_ndcg_at_20_std": 0.17949249180861673,
        "nauc_ndcg_at_3_diff1": 0.22480753277449986,
        "nauc_ndcg_at_3_max": 0.4484651774246825,
        "nauc_ndcg_at_3_std": 0.11356758725869401,
        "nauc_ndcg_at_5_diff1": 0.22720249456993927,
        "nauc_ndcg_at_5_max": 0.45244719865487953,
        "nauc_ndcg_at_5_std": 0.16227377725035919,
        "nauc_precision_at_1000_diff1": -0.08942815720461848,
        "nauc_precision_at_1000_max": 0.06684254248346949,
        "nauc_precision_at_1000_std": 0.004574485434092866,
        "nauc_precision_at_100_diff1": -0.0007640899473881441,
        "nauc_precision_at_100_max": 0.23809588509460397,
        "nauc_precision_at_100_std": 0.17184311880921876,
        "nauc_precision_at_10_diff1": 0.09925752914081033,
        "nauc_precision_at_10_max": 0.4177669963590374,
        "nauc_precision_at_10_std": 0.20752130475883868,
        "nauc_precision_at_1_diff1": 0.3327522576683247,
        "nauc_precision_at_1_max": 0.4078692323803591,
        "nauc_precision_at_1_std": 0.06199489839837445,
        "nauc_precision_at_20_diff1": 0.0961894360651947,
        "nauc_precision_at_20_max": 0.3894633612369275,
        "nauc_precision_at_20_std": 0.23433586143942697,
        "nauc_precision_at_3_diff1": 0.17257885689365166,
        "nauc_precision_at_3_max": 0.483008403319412,
        "nauc_precision_at_3_std": 0.14434078642295148,
        "nauc_precision_at_5_diff1": 0.1520116180624924,
        "nauc_precision_at_5_max": 0.45764647214714177,
        "nauc_precision_at_5_std": 0.21367428220494442,
        "nauc_recall_at_1000_diff1": 0.10208873370541903,
        "nauc_recall_at_1000_max": 0.29872788206472345,
        "nauc_recall_at_1000_std": 0.10603078870242247,
        "nauc_recall_at_100_diff1": 0.18460074929387998,
        "nauc_recall_at_100_max": 0.23995014867122372,
        "nauc_recall_at_100_std": 0.10089895455826751,
        "nauc_recall_at_10_diff1": 0.29970039922962466,
        "nauc_recall_at_10_max": 0.3336880055816735,
        "nauc_recall_at_10_std": 0.1265113077678019,
        "nauc_recall_at_1_diff1": 0.46285802929202935,
        "nauc_recall_at_1_max": 0.35702068850561425,
        "nauc_recall_at_1_std": 0.0030744893482459166,
        "nauc_recall_at_20_diff1": 0.306649109523842,
        "nauc_recall_at_20_max": 0.31684348447336635,
        "nauc_recall_at_20_std": 0.14306017107509197,
        "nauc_recall_at_3_diff1": 0.34324037053893075,
        "nauc_recall_at_3_max": 0.42622759567792196,
        "nauc_recall_at_3_std": 0.10851298967411577,
        "nauc_recall_at_5_diff1": 0.3075996913406305,
        "nauc_recall_at_5_max": 0.4280732145138329,
        "nauc_recall_at_5_std": 0.14199008480464786,
        "ndcg_at_1": 0.21207,
        "ndcg_at_10": 0.16099,
        "ndcg_at_100": 0.16368,
        "ndcg_at_1000": 0.25625,
        "ndcg_at_20": 0.15186,
        "ndcg_at_3": 0.18375,
        "ndcg_at_5": 0.17506,
        "precision_at_1": 0.22291,
        "precision_at_10": 0.12693,
        "precision_at_100": 0.04734,
        "precision_at_1000": 0.01709,
        "precision_at_20": 0.09613,
        "precision_at_3": 0.17647,
        "precision_at_5": 0.16037,
        "recall_at_1": 0.01759,
        "recall_at_10": 0.07505,
        "recall_at_100": 0.19954,
        "recall_at_1000": 0.51306,
        "recall_at_20": 0.10013,
        "recall_at_3": 0.03719,
        "recall_at_5": 0.0489
      }
    ]
  },
  "task_name": "NFCorpus"
}