{
  "dataset_revision": "ec0fa4fe99da2ff19ca1214b7966684033a58814",
  "evaluation_time": 3.0588250160217285,
  "kg_co2_emissions": null,
  "mteb_version": "1.14.12",
  "scores": {
    "test": [
      {
        "hf_subset": "default",
        "languages": [
          "eng-Latn"
        ],
        "main_score": 0.01036,
        "map_at_1": 0.00025,
        "map_at_10": 0.00081,
        "map_at_100": 0.00191,
        "map_at_1000": 0.00601,
        "map_at_20": 0.00112,
        "map_at_3": 0.00041,
        "map_at_5": 0.00051,
        "mrr_at_1": 0.01238390092879257,
        "mrr_at_10": 0.03039829967074549,
        "mrr_at_100": 0.04174165654603787,
        "mrr_at_1000": 0.04345129112759711,
        "mrr_at_20": 0.03532625576148948,
        "mrr_at_3": 0.017543859649122806,
        "mrr_at_5": 0.023271413828689372,
        "nauc_map_at_1000_diff1": 0.165779404521365,
        "nauc_map_at_1000_max": -0.02175151191546297,
        "nauc_map_at_1000_std": 0.21256790280770646,
        "nauc_map_at_100_diff1": 0.08410540480094549,
        "nauc_map_at_100_max": -0.07660411347438056,
        "nauc_map_at_100_std": 0.3101404357218448,
        "nauc_map_at_10_diff1": -0.046987678885509365,
        "nauc_map_at_10_max": -0.08274350106232425,
        "nauc_map_at_10_std": 0.2665590465918116,
        "nauc_map_at_1_diff1": -0.4019186873249681,
        "nauc_map_at_1_max": 0.2860411127029579,
        "nauc_map_at_1_std": -0.10960737936139903,
        "nauc_map_at_20_diff1": -0.0002930805381740053,
        "nauc_map_at_20_max": -0.03588128012496174,
        "nauc_map_at_20_std": 0.24516969629159033,
        "nauc_map_at_3_diff1": 0.007175800588797572,
        "nauc_map_at_3_max": 0.0070575850985179,
        "nauc_map_at_3_std": 0.17167174211611652,
        "nauc_map_at_5_diff1": -0.08217985541700173,
        "nauc_map_at_5_max": 0.0035783897644547074,
        "nauc_map_at_5_std": 0.13577719876409658,
        "nauc_mrr_at_1000_diff1": -0.07554706418485035,
        "nauc_mrr_at_1000_max": -0.11765791794104595,
        "nauc_mrr_at_1000_std": -0.037317195484130775,
        "nauc_mrr_at_100_diff1": -0.06978813693916741,
        "nauc_mrr_at_100_max": -0.11857933739658924,
        "nauc_mrr_at_100_std": -0.032358646549511344,
        "nauc_mrr_at_10_diff1": -0.10782423550991814,
        "nauc_mrr_at_10_max": -0.1695000080840936,
        "nauc_mrr_at_10_std": -0.04808960724571645,
        "nauc_mrr_at_1_diff1": -0.41777940487807347,
        "nauc_mrr_at_1_max": -0.28305961634645965,
        "nauc_mrr_at_1_std": -0.26372989049737366,
        "nauc_mrr_at_20_diff1": -0.0958243543475218,
        "nauc_mrr_at_20_max": -0.11954116520409169,
        "nauc_mrr_at_20_std": -0.053062670257507424,
        "nauc_mrr_at_3_diff1": -0.15489719444110864,
        "nauc_mrr_at_3_max": -0.3168579368275769,
        "nauc_mrr_at_3_std": -0.11079368512677518,
        "nauc_mrr_at_5_diff1": -0.21678380766650437,
        "nauc_mrr_at_5_max": -0.19004291395246828,
        "nauc_mrr_at_5_std": -0.12356105802194696,
        "nauc_ndcg_at_1000_diff1": 0.08606366289801563,
        "nauc_ndcg_at_1000_max": 0.04972787543497477,
        "nauc_ndcg_at_1000_std": 0.10126969879615334,
        "nauc_ndcg_at_100_diff1": 0.1588902845228514,
        "nauc_ndcg_at_100_max": -0.03417390961987377,
        "nauc_ndcg_at_100_std": 0.21082109803434324,
        "nauc_ndcg_at_10_diff1": -0.0472107049473933,
        "nauc_ndcg_at_10_max": -0.07426413278084494,
        "nauc_ndcg_at_10_std": 0.047921499426934244,
        "nauc_ndcg_at_1_diff1": -0.34077601278095104,
        "nauc_ndcg_at_1_max": 0.08644660004434775,
        "nauc_ndcg_at_1_std": -0.11520750138811005,
        "nauc_ndcg_at_20_diff1": 0.03473095443615484,
        "nauc_ndcg_at_20_max": 0.006074441478412543,
        "nauc_ndcg_at_20_std": 0.058599948323760434,
        "nauc_ndcg_at_3_diff1": -0.1563061150590456,
        "nauc_ndcg_at_3_max": -0.15505395969707236,
        "nauc_ndcg_at_3_std": -0.07726928379146336,
        "nauc_ndcg_at_5_diff1": -0.22627238834767532,
        "nauc_ndcg_at_5_max": -0.07136233617082387,
        "nauc_ndcg_at_5_std": -0.10541622700698494,
        "nauc_precision_at_1000_diff1": 0.17212495302306405,
        "nauc_precision_at_1000_max": 0.028870235683975627,
        "nauc_precision_at_1000_std": 0.03626942184356738,
        "nauc_precision_at_100_diff1": 0.20834577322091252,
        "nauc_precision_at_100_max": -0.009411632378946728,
        "nauc_precision_at_100_std": 0.12047650427669086,
        "nauc_precision_at_10_diff1": 0.004855614588879991,
        "nauc_precision_at_10_max": -0.06563855777946942,
        "nauc_precision_at_10_std": 0.07902288900781763,
        "nauc_precision_at_1_diff1": -0.34077601278095104,
        "nauc_precision_at_1_max": 0.08644660004434775,
        "nauc_precision_at_1_std": -0.11520750138811005,
        "nauc_precision_at_20_diff1": 0.11128138977056874,
        "nauc_precision_at_20_max": 0.04023654450492839,
        "nauc_precision_at_20_std": 0.06954567722445665,
        "nauc_precision_at_3_diff1": -0.08777047582097253,
        "nauc_precision_at_3_max": -0.22290852848499793,
        "nauc_precision_at_3_std": -0.0561787386437436,
        "nauc_precision_at_5_diff1": -0.2224507437627744,
        "nauc_precision_at_5_max": -0.06792151650202284,
        "nauc_precision_at_5_std": -0.1066879140788921,
        "nauc_recall_at_1000_diff1": -0.08503712743722809,
        "nauc_recall_at_1000_max": 0.10324492726182473,
        "nauc_recall_at_1000_std": 0.015972170671479092,
        "nauc_recall_at_100_diff1": 0.1320311844443902,
        "nauc_recall_at_100_max": -0.08087247184474433,
        "nauc_recall_at_100_std": 0.2810349989375281,
        "nauc_recall_at_10_diff1": -0.011984125557309648,
        "nauc_recall_at_10_max": -0.19567870053658884,
        "nauc_recall_at_10_std": 0.36516626766771965,
        "nauc_recall_at_1_diff1": -0.4019186873249681,
        "nauc_recall_at_1_max": 0.2860411127029579,
        "nauc_recall_at_1_std": -0.10960737936139903,
        "nauc_recall_at_20_diff1": 0.035475577382926525,
        "nauc_recall_at_20_max": -0.03577218518581447,
        "nauc_recall_at_20_std": 0.18194869617127984,
        "nauc_recall_at_3_diff1": 0.17542655608271437,
        "nauc_recall_at_3_max": -0.12179219903278915,
        "nauc_recall_at_3_std": 0.27020278637695877,
        "nauc_recall_at_5_diff1": -0.08751738217444334,
        "nauc_recall_at_5_max": -0.05962831556138333,
        "nauc_recall_at_5_std": 0.15289862215444014,
        "ndcg_at_1": 0.00929,
        "ndcg_at_10": 0.01036,
        "ndcg_at_100": 0.01951,
        "ndcg_at_1000": 0.10276,
        "ndcg_at_20": 0.01125,
        "ndcg_at_3": 0.00895,
        "ndcg_at_5": 0.00958,
        "precision_at_1": 0.00929,
        "precision_at_10": 0.01146,
        "precision_at_100": 0.01183,
        "precision_at_1000": 0.01142,
        "precision_at_20": 0.01146,
        "precision_at_3": 0.00929,
        "precision_at_5": 0.00991,
        "recall_at_1": 0.00025,
        "recall_at_10": 0.00306,
        "recall_at_100": 0.02694,
        "recall_at_1000": 0.31738,
        "recall_at_20": 0.0065,
        "recall_at_3": 0.00058,
        "recall_at_5": 0.00103
      }
    ]
  },
  "task_name": "NFCorpus"
}