{
  "dataset_revision": "ec0fa4fe99da2ff19ca1214b7966684033a58814",
  "evaluation_time": 3.0308876037597656,
  "kg_co2_emissions": null,
  "mteb_version": "1.14.12",
  "scores": {
    "test": [
      {
        "hf_subset": "default",
        "languages": [
          "eng-Latn"
        ],
        "main_score": 0.20247,
        "map_at_1": 0.02805,
        "map_at_10": 0.06268,
        "map_at_100": 0.08133,
        "map_at_1000": 0.09291,
        "map_at_20": 0.06994,
        "map_at_3": 0.04469,
        "map_at_5": 0.053,
        "mrr_at_1": 0.29102167182662536,
        "mrr_at_10": 0.3727554179566563,
        "mrr_at_100": 0.3806624157387407,
        "mrr_at_1000": 0.3814451450851304,
        "mrr_at_20": 0.3773694595620905,
        "mrr_at_3": 0.3472652218782249,
        "mrr_at_5": 0.3630546955624354,
        "nauc_map_at_1000_diff1": 0.11870607689832548,
        "nauc_map_at_1000_max": 0.3786644188079168,
        "nauc_map_at_1000_std": 0.23216706369752765,
        "nauc_map_at_100_diff1": 0.12829420348023335,
        "nauc_map_at_100_max": 0.36197063827458864,
        "nauc_map_at_100_std": 0.18866785428789587,
        "nauc_map_at_10_diff1": 0.15321643091218917,
        "nauc_map_at_10_max": 0.3168734484900634,
        "nauc_map_at_10_std": 0.10710240246469982,
        "nauc_map_at_1_diff1": 0.2624219866974314,
        "nauc_map_at_1_max": 0.19410361095932877,
        "nauc_map_at_1_std": -0.08205372074880746,
        "nauc_map_at_20_diff1": 0.14127432917267313,
        "nauc_map_at_20_max": 0.3368735454749314,
        "nauc_map_at_20_std": 0.1389397444382067,
        "nauc_map_at_3_diff1": 0.2159455600087099,
        "nauc_map_at_3_max": 0.2555031077333088,
        "nauc_map_at_3_std": 0.04446215296583982,
        "nauc_map_at_5_diff1": 0.1807116376738733,
        "nauc_map_at_5_max": 0.2761356875637883,
        "nauc_map_at_5_std": 0.05735573860345842,
        "nauc_mrr_at_1000_diff1": 0.22727559896722935,
        "nauc_mrr_at_1000_max": 0.349893884070244,
        "nauc_mrr_at_1000_std": 0.17193149225048757,
        "nauc_mrr_at_100_diff1": 0.22743378881136062,
        "nauc_mrr_at_100_max": 0.35047037262548975,
        "nauc_mrr_at_100_std": 0.17245495248961168,
        "nauc_mrr_at_10_diff1": 0.2251422622133107,
        "nauc_mrr_at_10_max": 0.3440874463595673,
        "nauc_mrr_at_10_std": 0.16489328168869988,
        "nauc_mrr_at_1_diff1": 0.25631582387491836,
        "nauc_mrr_at_1_max": 0.3162424492131185,
        "nauc_mrr_at_1_std": 0.14548168940825787,
        "nauc_mrr_at_20_diff1": 0.22738475126731017,
        "nauc_mrr_at_20_max": 0.3486982541590323,
        "nauc_mrr_at_20_std": 0.16933072789679895,
        "nauc_mrr_at_3_diff1": 0.2366196396080312,
        "nauc_mrr_at_3_max": 0.3192233663397417,
        "nauc_mrr_at_3_std": 0.16060803295102208,
        "nauc_mrr_at_5_diff1": 0.22580547374248422,
        "nauc_mrr_at_5_max": 0.33909736396534523,
        "nauc_mrr_at_5_std": 0.16605525164941948,
        "nauc_ndcg_at_1000_diff1": 0.13306950698309916,
        "nauc_ndcg_at_1000_max": 0.49744279685444204,
        "nauc_ndcg_at_1000_std": 0.35052377650217437,
        "nauc_ndcg_at_100_diff1": 0.11310480501073937,
        "nauc_ndcg_at_100_max": 0.4126381651958245,
        "nauc_ndcg_at_100_std": 0.25518449662959,
        "nauc_ndcg_at_10_diff1": 0.13095476224997493,
        "nauc_ndcg_at_10_max": 0.3673203472423314,
        "nauc_ndcg_at_10_std": 0.23329451158725867,
        "nauc_ndcg_at_1_diff1": 0.25352474360210675,
        "nauc_ndcg_at_1_max": 0.29874605279849487,
        "nauc_ndcg_at_1_std": 0.1421547821509633,
        "nauc_ndcg_at_20_diff1": 0.12978453917747687,
        "nauc_ndcg_at_20_max": 0.3711463289270526,
        "nauc_ndcg_at_20_std": 0.22397961290655177,
        "nauc_ndcg_at_3_diff1": 0.16915050755492353,
        "nauc_ndcg_at_3_max": 0.3114945440212104,
        "nauc_ndcg_at_3_std": 0.21119015787789577,
        "nauc_ndcg_at_5_diff1": 0.14688819184780574,
        "nauc_ndcg_at_5_max": 0.3484965448949756,
        "nauc_ndcg_at_5_std": 0.22450269859942806,
        "nauc_precision_at_1000_diff1": -0.05430542710985425,
        "nauc_precision_at_1000_max": 0.1348349593072025,
        "nauc_precision_at_1000_std": 0.27531814787741227,
        "nauc_precision_at_100_diff1": -0.026971638002391572,
        "nauc_precision_at_100_max": 0.2798699776092696,
        "nauc_precision_at_100_std": 0.3890978793159353,
        "nauc_precision_at_10_diff1": 0.030772395151081575,
        "nauc_precision_at_10_max": 0.3877476205412412,
        "nauc_precision_at_10_std": 0.33291654754240013,
        "nauc_precision_at_1_diff1": 0.25631582387491836,
        "nauc_precision_at_1_max": 0.3162424492131185,
        "nauc_precision_at_1_std": 0.14548168940825787,
        "nauc_precision_at_20_diff1": 0.010937807493826134,
        "nauc_precision_at_20_max": 0.3578723145621822,
        "nauc_precision_at_20_std": 0.34423410238931057,
        "nauc_precision_at_3_diff1": 0.11539812590444298,
        "nauc_precision_at_3_max": 0.3259891978104833,
        "nauc_precision_at_3_std": 0.26621196140233394,
        "nauc_precision_at_5_diff1": 0.06802898510657639,
        "nauc_precision_at_5_max": 0.3780388188514656,
        "nauc_precision_at_5_std": 0.29862135020007535,
        "nauc_recall_at_1000_diff1": 0.014340625896096006,
        "nauc_recall_at_1000_max": 0.30721749952452776,
        "nauc_recall_at_1000_std": 0.2512701260768901,
        "nauc_recall_at_100_diff1": 0.04649545934981005,
        "nauc_recall_at_100_max": 0.27694188840429274,
        "nauc_recall_at_100_std": 0.17418576290461726,
        "nauc_recall_at_10_diff1": 0.06960053095503925,
        "nauc_recall_at_10_max": 0.23969321111486067,
        "nauc_recall_at_10_std": 0.053126941177837145,
        "nauc_recall_at_1_diff1": 0.2624219866974314,
        "nauc_recall_at_1_max": 0.19410361095932877,
        "nauc_recall_at_1_std": -0.08205372074880746,
        "nauc_recall_at_20_diff1": 0.0619949873219317,
        "nauc_recall_at_20_max": 0.24721347048604522,
        "nauc_recall_at_20_std": 0.09818418474848771,
        "nauc_recall_at_3_diff1": 0.17126005896205015,
        "nauc_recall_at_3_max": 0.20936475186138095,
        "nauc_recall_at_3_std": 0.028245453056567962,
        "nauc_recall_at_5_diff1": 0.1026844356928695,
        "nauc_recall_at_5_max": 0.22134632002082294,
        "nauc_recall_at_5_std": 0.02150642846393023,
        "ndcg_at_1": 0.27399,
        "ndcg_at_10": 0.20247,
        "ndcg_at_100": 0.19723,
        "ndcg_at_1000": 0.29363,
        "ndcg_at_20": 0.19046,
        "ndcg_at_3": 0.23991,
        "ndcg_at_5": 0.224,
        "precision_at_1": 0.29102,
        "precision_at_10": 0.15201,
        "precision_at_100": 0.05334,
        "precision_at_1000": 0.01811,
        "precision_at_20": 0.11316,
        "precision_at_3": 0.23013,
        "precision_at_5": 0.19814,
        "recall_at_1": 0.02805,
        "recall_at_10": 0.09728,
        "recall_at_100": 0.22177,
        "recall_at_1000": 0.55792,
        "recall_at_20": 0.12517,
        "recall_at_3": 0.0534,
        "recall_at_5": 0.07206
      }
    ]
  },
  "task_name": "NFCorpus"
}