{
  "dataset_revision": "ec0fa4fe99da2ff19ca1214b7966684033a58814",
  "evaluation_time": 2.977665901184082,
  "kg_co2_emissions": null,
  "mteb_version": "1.14.12",
  "scores": {
    "test": [
      {
        "hf_subset": "default",
        "languages": [
          "eng-Latn"
        ],
        "main_score": 0.05018,
        "map_at_1": 0.00393,
        "map_at_10": 0.0088,
        "map_at_100": 0.01391,
        "map_at_1000": 0.02082,
        "map_at_20": 0.01046,
        "map_at_3": 0.0064,
        "map_at_5": 0.00775,
        "mrr_at_1": 0.07739938080495357,
        "mrr_at_10": 0.12558479532163747,
        "mrr_at_100": 0.136590707427456,
        "mrr_at_1000": 0.13797994233357636,
        "mrr_at_20": 0.1312067484089406,
        "mrr_at_3": 0.10732714138286895,
        "mrr_at_5": 0.11615067079463369,
        "nauc_map_at_1000_diff1": 0.08950861336207623,
        "nauc_map_at_1000_max": -0.07929157454592578,
        "nauc_map_at_1000_std": 0.2887950909374357,
        "nauc_map_at_100_diff1": 0.14606020080118365,
        "nauc_map_at_100_max": -0.10858407500250136,
        "nauc_map_at_100_std": 0.344408158897728,
        "nauc_map_at_10_diff1": 0.18573850374488704,
        "nauc_map_at_10_max": -0.12181905144322612,
        "nauc_map_at_10_std": 0.3858293853298998,
        "nauc_map_at_1_diff1": 0.2515099298642884,
        "nauc_map_at_1_max": -0.1532589326627549,
        "nauc_map_at_1_std": 0.38514402419880683,
        "nauc_map_at_20_diff1": 0.179804743564703,
        "nauc_map_at_20_max": -0.11251698638607337,
        "nauc_map_at_20_std": 0.3721315178337188,
        "nauc_map_at_3_diff1": 0.16295001205199677,
        "nauc_map_at_3_max": -0.14983638640397445,
        "nauc_map_at_3_std": 0.38420384130209656,
        "nauc_map_at_5_diff1": 0.18880203260285472,
        "nauc_map_at_5_max": -0.14836151337850814,
        "nauc_map_at_5_std": 0.402888632116512,
        "nauc_mrr_at_1000_diff1": 0.035855271044724246,
        "nauc_mrr_at_1000_max": 0.05158860579977815,
        "nauc_mrr_at_1000_std": 0.20605457929282864,
        "nauc_mrr_at_100_diff1": 0.03524094115042714,
        "nauc_mrr_at_100_max": 0.051722245509959054,
        "nauc_mrr_at_100_std": 0.20514550156654804,
        "nauc_mrr_at_10_diff1": 0.035643877900685274,
        "nauc_mrr_at_10_max": 0.05092170084383688,
        "nauc_mrr_at_10_std": 0.2101090108912921,
        "nauc_mrr_at_1_diff1": 0.09434042093657344,
        "nauc_mrr_at_1_max": 0.051885599667582924,
        "nauc_mrr_at_1_std": 0.30509225408521906,
        "nauc_mrr_at_20_diff1": 0.033594563980688004,
        "nauc_mrr_at_20_max": 0.053706693637994726,
        "nauc_mrr_at_20_std": 0.20508304200791566,
        "nauc_mrr_at_3_diff1": 0.046763698657585465,
        "nauc_mrr_at_3_max": 0.03725191004530843,
        "nauc_mrr_at_3_std": 0.2543224785892983,
        "nauc_mrr_at_5_diff1": 0.04397363362227662,
        "nauc_mrr_at_5_max": 0.045220801168050065,
        "nauc_mrr_at_5_std": 0.22467494148629968,
        "nauc_ndcg_at_1000_diff1": 0.035897148461804085,
        "nauc_ndcg_at_1000_max": 0.009383734521502318,
        "nauc_ndcg_at_1000_std": 0.1945720245132444,
        "nauc_ndcg_at_100_diff1": 0.04495716249310831,
        "nauc_ndcg_at_100_max": -0.03220359074134658,
        "nauc_ndcg_at_100_std": 0.2190017729069581,
        "nauc_ndcg_at_10_diff1": 0.011255377639395046,
        "nauc_ndcg_at_10_max": 0.07270986167736754,
        "nauc_ndcg_at_10_std": 0.20648550487392497,
        "nauc_ndcg_at_1_diff1": 0.14399446051572182,
        "nauc_ndcg_at_1_max": 0.07948339742432824,
        "nauc_ndcg_at_1_std": 0.31726534983564,
        "nauc_ndcg_at_20_diff1": 0.01334682500859844,
        "nauc_ndcg_at_20_max": 0.03893764633388367,
        "nauc_ndcg_at_20_std": 0.1993027176826799,
        "nauc_ndcg_at_3_diff1": 0.026277293247398404,
        "nauc_ndcg_at_3_max": 0.07700155518200391,
        "nauc_ndcg_at_3_std": 0.2375020492165972,
        "nauc_ndcg_at_5_diff1": 0.018973666587102395,
        "nauc_ndcg_at_5_max": 0.08215263653985769,
        "nauc_ndcg_at_5_std": 0.21720393714080502,
        "nauc_precision_at_1000_diff1": -0.16003301622146526,
        "nauc_precision_at_1000_max": 0.06399478551654104,
        "nauc_precision_at_1000_std": -0.05463508177651777,
        "nauc_precision_at_100_diff1": -0.10887033359228834,
        "nauc_precision_at_100_max": 0.04029612458719615,
        "nauc_precision_at_100_std": 0.027109748158989408,
        "nauc_precision_at_10_diff1": -0.03292803064185477,
        "nauc_precision_at_10_max": 0.10376062890312991,
        "nauc_precision_at_10_std": 0.11520644644201293,
        "nauc_precision_at_1_diff1": 0.09434042093657344,
        "nauc_precision_at_1_max": 0.051885599667582924,
        "nauc_precision_at_1_std": 0.30509225408521906,
        "nauc_precision_at_20_diff1": -0.04904715075910363,
        "nauc_precision_at_20_max": 0.066213126134484,
        "nauc_precision_at_20_std": 0.07725331960561915,
        "nauc_precision_at_3_diff1": -0.025713686704067814,
        "nauc_precision_at_3_max": 0.07985893746359143,
        "nauc_precision_at_3_std": 0.19173928318614172,
        "nauc_precision_at_5_diff1": -0.018792304204228005,
        "nauc_precision_at_5_max": 0.09622717151863457,
        "nauc_precision_at_5_std": 0.17446027575384918,
        "nauc_recall_at_1000_diff1": 0.02581436978552403,
        "nauc_recall_at_1000_max": -0.04490216772425824,
        "nauc_recall_at_1000_std": 0.12458266183081307,
        "nauc_recall_at_100_diff1": 0.0319757646448002,
        "nauc_recall_at_100_max": -0.10229293873361131,
        "nauc_recall_at_100_std": 0.14543400407388254,
        "nauc_recall_at_10_diff1": 0.15517385670728714,
        "nauc_recall_at_10_max": -0.10983244429241144,
        "nauc_recall_at_10_std": 0.32966092850243683,
        "nauc_recall_at_1_diff1": 0.2515099298642884,
        "nauc_recall_at_1_max": -0.1532589326627549,
        "nauc_recall_at_1_std": 0.38514402419880683,
        "nauc_recall_at_20_diff1": 0.0708983192500324,
        "nauc_recall_at_20_max": -0.06463789037274371,
        "nauc_recall_at_20_std": 0.2392196598641725,
        "nauc_recall_at_3_diff1": 0.13790381002578975,
        "nauc_recall_at_3_max": -0.1839298603219596,
        "nauc_recall_at_3_std": 0.40294924505018576,
        "nauc_recall_at_5_diff1": 0.15816815746838842,
        "nauc_recall_at_5_max": -0.16593284272412198,
        "nauc_recall_at_5_std": 0.368234540465404,
        "ndcg_at_1": 0.06966,
        "ndcg_at_10": 0.05018,
        "ndcg_at_100": 0.06487,
        "ndcg_at_1000": 0.16077,
        "ndcg_at_20": 0.04882,
        "ndcg_at_3": 0.0604,
        "ndcg_at_5": 0.05576,
        "precision_at_1": 0.0774,
        "precision_at_10": 0.04396,
        "precision_at_100": 0.02418,
        "precision_at_1000": 0.01407,
        "precision_at_20": 0.03498,
        "precision_at_3": 0.06398,
        "precision_at_5": 0.05511,
        "recall_at_1": 0.00393,
        "recall_at_10": 0.01765,
        "recall_at_100": 0.0895,
        "recall_at_1000": 0.42812,
        "recall_at_20": 0.03049,
        "recall_at_3": 0.00883,
        "recall_at_5": 0.01243
      }
    ]
  },
  "task_name": "NFCorpus"
}