{
  "dataset_revision": "ec0fa4fe99da2ff19ca1214b7966684033a58814",
  "evaluation_time": 2.98197603225708,
  "kg_co2_emissions": null,
  "mteb_version": "1.14.12",
  "scores": {
    "test": [
      {
        "hf_subset": "default",
        "languages": [
          "eng-Latn"
        ],
        "main_score": 0.09709,
        "map_at_1": 0.01018,
        "map_at_10": 0.02236,
        "map_at_100": 0.03091,
        "map_at_1000": 0.03993,
        "map_at_20": 0.02515,
        "map_at_3": 0.01631,
        "map_at_5": 0.01885,
        "mrr_at_1": 0.15170278637770898,
        "mrr_at_10": 0.21302152439923344,
        "mrr_at_100": 0.2232961540649627,
        "mrr_at_1000": 0.2245829901286405,
        "mrr_at_20": 0.2181561625391961,
        "mrr_at_3": 0.19298245614035095,
        "mrr_at_5": 0.20474716202270388,
        "nauc_map_at_1000_diff1": 0.18560415227823887,
        "nauc_map_at_1000_max": 0.289399905042982,
        "nauc_map_at_1000_std": 0.08994797524250517,
        "nauc_map_at_100_diff1": 0.21994466312810707,
        "nauc_map_at_100_max": 0.2948130872740817,
        "nauc_map_at_100_std": 0.09058885557387521,
        "nauc_map_at_10_diff1": 0.24905565451862802,
        "nauc_map_at_10_max": 0.29129940693532397,
        "nauc_map_at_10_std": 0.08813156127450532,
        "nauc_map_at_1_diff1": 0.2114785708618815,
        "nauc_map_at_1_max": 0.2761195314792886,
        "nauc_map_at_1_std": 0.014434936203529834,
        "nauc_map_at_20_diff1": 0.23905523956005675,
        "nauc_map_at_20_max": 0.29300512263040535,
        "nauc_map_at_20_std": 0.08721663095589659,
        "nauc_map_at_3_diff1": 0.22047709040789823,
        "nauc_map_at_3_max": 0.29647390980874433,
        "nauc_map_at_3_std": 0.0648000865650726,
        "nauc_map_at_5_diff1": 0.23679273145324817,
        "nauc_map_at_5_max": 0.29853161622221586,
        "nauc_map_at_5_std": 0.06594956220774942,
        "nauc_mrr_at_1000_diff1": 0.13205830270838453,
        "nauc_mrr_at_1000_max": 0.3704517493073167,
        "nauc_mrr_at_1000_std": -0.046260643779439725,
        "nauc_mrr_at_100_diff1": 0.1318683726704264,
        "nauc_mrr_at_100_max": 0.37028652667620016,
        "nauc_mrr_at_100_std": -0.045394308808875655,
        "nauc_mrr_at_10_diff1": 0.1417800652907066,
        "nauc_mrr_at_10_max": 0.36823176402757274,
        "nauc_mrr_at_10_std": -0.038461776984613574,
        "nauc_mrr_at_1_diff1": 0.14678323749288105,
        "nauc_mrr_at_1_max": 0.3882518276434226,
        "nauc_mrr_at_1_std": -0.06774930768345794,
        "nauc_mrr_at_20_diff1": 0.1365107976205684,
        "nauc_mrr_at_20_max": 0.3697764465059105,
        "nauc_mrr_at_20_std": -0.04381569806355217,
        "nauc_mrr_at_3_diff1": 0.15041019071774678,
        "nauc_mrr_at_3_max": 0.3721119379752498,
        "nauc_mrr_at_3_std": -0.052118749491366294,
        "nauc_mrr_at_5_diff1": 0.14084443938859625,
        "nauc_mrr_at_5_max": 0.3675287159723885,
        "nauc_mrr_at_5_std": -0.05094915371761251,
        "nauc_ndcg_at_1000_diff1": 0.08710248748730168,
        "nauc_ndcg_at_1000_max": 0.335365564032517,
        "nauc_ndcg_at_1000_std": 0.0014078222257376588,
        "nauc_ndcg_at_100_diff1": 0.14068899814469393,
        "nauc_ndcg_at_100_max": 0.34404157742394287,
        "nauc_ndcg_at_100_std": 0.02785053452861348,
        "nauc_ndcg_at_10_diff1": 0.1307973544977817,
        "nauc_ndcg_at_10_max": 0.3444148504245799,
        "nauc_ndcg_at_10_std": 0.03935727577035168,
        "nauc_ndcg_at_1_diff1": 0.17737924083367218,
        "nauc_ndcg_at_1_max": 0.3591097877885807,
        "nauc_ndcg_at_1_std": -0.022905642156872554,
        "nauc_ndcg_at_20_diff1": 0.11971375086823138,
        "nauc_ndcg_at_20_max": 0.34711734122149823,
        "nauc_ndcg_at_20_std": 0.032433764346843974,
        "nauc_ndcg_at_3_diff1": 0.16000462965765347,
        "nauc_ndcg_at_3_max": 0.34163793319767105,
        "nauc_ndcg_at_3_std": 0.01582663841180912,
        "nauc_ndcg_at_5_diff1": 0.15616372530578096,
        "nauc_ndcg_at_5_max": 0.34230494891909685,
        "nauc_ndcg_at_5_std": 0.024114612793415282,
        "nauc_precision_at_1000_diff1": -0.09161039294049142,
        "nauc_precision_at_1000_max": 0.1464973222516231,
        "nauc_precision_at_1000_std": -0.07305050406819177,
        "nauc_precision_at_100_diff1": -0.022655208441216504,
        "nauc_precision_at_100_max": 0.2631257161189858,
        "nauc_precision_at_100_std": -0.017274135033643157,
        "nauc_precision_at_10_diff1": 0.05958812320392073,
        "nauc_precision_at_10_max": 0.2961786854421635,
        "nauc_precision_at_10_std": 0.037695989408630934,
        "nauc_precision_at_1_diff1": 0.14678323749288105,
        "nauc_precision_at_1_max": 0.3882518276434226,
        "nauc_precision_at_1_std": -0.06774930768345794,
        "nauc_precision_at_20_diff1": 0.018181775507707023,
        "nauc_precision_at_20_max": 0.27492262521643995,
        "nauc_precision_at_20_std": 0.02278347581694324,
        "nauc_precision_at_3_diff1": 0.11150031365499107,
        "nauc_precision_at_3_max": 0.3633441827835842,
        "nauc_precision_at_3_std": 0.0011481736310050654,
        "nauc_precision_at_5_diff1": 0.10628104696996929,
        "nauc_precision_at_5_max": 0.33459116826321345,
        "nauc_precision_at_5_std": 0.029433636740830115,
        "nauc_recall_at_1000_diff1": 0.04862774866403194,
        "nauc_recall_at_1000_max": 0.14428456544106655,
        "nauc_recall_at_1000_std": -0.04709818571034201,
        "nauc_recall_at_100_diff1": 0.06705916813537506,
        "nauc_recall_at_100_max": 0.1753487605895136,
        "nauc_recall_at_100_std": 0.05305509347684647,
        "nauc_recall_at_10_diff1": 0.1902594473497147,
        "nauc_recall_at_10_max": 0.33878826965433606,
        "nauc_recall_at_10_std": 0.08551847132243008,
        "nauc_recall_at_1_diff1": 0.2114785708618815,
        "nauc_recall_at_1_max": 0.2761195314792886,
        "nauc_recall_at_1_std": 0.014434936203529834,
        "nauc_recall_at_20_diff1": 0.15986620092884887,
        "nauc_recall_at_20_max": 0.34439876683659776,
        "nauc_recall_at_20_std": 0.04998973632501518,
        "nauc_recall_at_3_diff1": 0.18295463249156624,
        "nauc_recall_at_3_max": 0.3653051834401044,
        "nauc_recall_at_3_std": 0.03820559031627514,
        "nauc_recall_at_5_diff1": 0.19897674992542655,
        "nauc_recall_at_5_max": 0.3526078242454438,
        "nauc_recall_at_5_std": 0.03420975565340842,
        "ndcg_at_1": 0.13777,
        "ndcg_at_10": 0.09709,
        "ndcg_at_100": 0.10654,
        "ndcg_at_1000": 0.21073,
        "ndcg_at_20": 0.09075,
        "ndcg_at_3": 0.11512,
        "ndcg_at_5": 0.10811,
        "precision_at_1": 0.1517,
        "precision_at_10": 0.07554,
        "precision_at_100": 0.03359,
        "precision_at_1000": 0.01574,
        "precision_at_20": 0.05882,
        "precision_at_3": 0.11249,
        "precision_at_5": 0.09845,
        "recall_at_1": 0.01018,
        "recall_at_10": 0.03862,
        "recall_at_100": 0.13776,
        "recall_at_1000": 0.50119,
        "recall_at_20": 0.05169,
        "recall_at_3": 0.02196,
        "recall_at_5": 0.02735
      }
    ]
  },
  "task_name": "NFCorpus"
}