{
  "dataset_revision": "ec0fa4fe99da2ff19ca1214b7966684033a58814",
  "evaluation_time": 2.989250659942627,
  "kg_co2_emissions": null,
  "mteb_version": "1.14.12",
  "scores": {
    "test": [
      {
        "hf_subset": "default",
        "languages": [
          "eng-Latn"
        ],
        "main_score": 0.16786,
        "map_at_1": 0.01963,
        "map_at_10": 0.05241,
        "map_at_100": 0.06696,
        "map_at_1000": 0.07791,
        "map_at_20": 0.05723,
        "map_at_3": 0.04007,
        "map_at_5": 0.04634,
        "mrr_at_1": 0.26006191950464397,
        "mrr_at_10": 0.326281389748882,
        "mrr_at_100": 0.3349409068512352,
        "mrr_at_1000": 0.3356498680519826,
        "mrr_at_20": 0.3305700528032046,
        "mrr_at_3": 0.30495356037151694,
        "mrr_at_5": 0.31764705882352934,
        "nauc_map_at_1000_diff1": 0.21410036050865433,
        "nauc_map_at_1000_max": 0.4226031275455154,
        "nauc_map_at_1000_std": 0.05311252758375061,
        "nauc_map_at_100_diff1": 0.22723829293175635,
        "nauc_map_at_100_max": 0.4271469017443274,
        "nauc_map_at_100_std": 0.0460868035212588,
        "nauc_map_at_10_diff1": 0.2550372739030966,
        "nauc_map_at_10_max": 0.39780540623341254,
        "nauc_map_at_10_std": 0.008136290394077867,
        "nauc_map_at_1_diff1": 0.4096597003892732,
        "nauc_map_at_1_max": 0.35277376417938566,
        "nauc_map_at_1_std": -0.0010589273723344004,
        "nauc_map_at_20_diff1": 0.24863331330803148,
        "nauc_map_at_20_max": 0.4179423846891595,
        "nauc_map_at_20_std": 0.032153542672552556,
        "nauc_map_at_3_diff1": 0.316303460100599,
        "nauc_map_at_3_max": 0.3437923714332589,
        "nauc_map_at_3_std": -0.033991937220461475,
        "nauc_map_at_5_diff1": 0.28846641316072247,
        "nauc_map_at_5_max": 0.3649735590994605,
        "nauc_map_at_5_std": -0.021799141953927147,
        "nauc_mrr_at_1000_diff1": 0.24159659253130183,
        "nauc_mrr_at_1000_max": 0.42138500030177206,
        "nauc_mrr_at_1000_std": -0.04816915714031208,
        "nauc_mrr_at_100_diff1": 0.2418836212786659,
        "nauc_mrr_at_100_max": 0.42174161133092924,
        "nauc_mrr_at_100_std": -0.04755097040528155,
        "nauc_mrr_at_10_diff1": 0.2409207339071836,
        "nauc_mrr_at_10_max": 0.4192210287319915,
        "nauc_mrr_at_10_std": -0.05032373173683252,
        "nauc_mrr_at_1_diff1": 0.26021973138858107,
        "nauc_mrr_at_1_max": 0.38880316515966634,
        "nauc_mrr_at_1_std": -0.06180999379614489,
        "nauc_mrr_at_20_diff1": 0.24242715994352063,
        "nauc_mrr_at_20_max": 0.4222547527823749,
        "nauc_mrr_at_20_std": -0.04794433655733499,
        "nauc_mrr_at_3_diff1": 0.2518177821932983,
        "nauc_mrr_at_3_max": 0.4277179172839035,
        "nauc_mrr_at_3_std": -0.04689301985073161,
        "nauc_mrr_at_5_diff1": 0.2465843219955934,
        "nauc_mrr_at_5_max": 0.4226490362436088,
        "nauc_mrr_at_5_std": -0.048932073697479296,
        "nauc_ndcg_at_1000_diff1": 0.2059948404314928,
        "nauc_ndcg_at_1000_max": 0.4770616525725557,
        "nauc_ndcg_at_1000_std": 0.025545791501419335,
        "nauc_ndcg_at_100_diff1": 0.19687066896391905,
        "nauc_ndcg_at_100_max": 0.4380417574608134,
        "nauc_ndcg_at_100_std": 0.017702172673018872,
        "nauc_ndcg_at_10_diff1": 0.18642008750432285,
        "nauc_ndcg_at_10_max": 0.41850921243091976,
        "nauc_ndcg_at_10_std": 0.023782673188913025,
        "nauc_ndcg_at_1_diff1": 0.26993255741954286,
        "nauc_ndcg_at_1_max": 0.3685541237973397,
        "nauc_ndcg_at_1_std": -0.03177743156109927,
        "nauc_ndcg_at_20_diff1": 0.18991031905840206,
        "nauc_ndcg_at_20_max": 0.4218432073779742,
        "nauc_ndcg_at_20_std": 0.034485318945636875,
        "nauc_ndcg_at_3_diff1": 0.19436579081460031,
        "nauc_ndcg_at_3_max": 0.39795507120725715,
        "nauc_ndcg_at_3_std": 0.008330050305290333,
        "nauc_ndcg_at_5_diff1": 0.19702266360310286,
        "nauc_ndcg_at_5_max": 0.4093607105985356,
        "nauc_ndcg_at_5_std": 0.007953723304247942,
        "nauc_precision_at_1000_diff1": -0.025918748485186018,
        "nauc_precision_at_1000_max": 0.035365428896100344,
        "nauc_precision_at_1000_std": -0.011006689154338388,
        "nauc_precision_at_100_diff1": -0.004505367762811329,
        "nauc_precision_at_100_max": 0.2206534522252008,
        "nauc_precision_at_100_std": 0.08745795706936543,
        "nauc_precision_at_10_diff1": 0.05595917610427203,
        "nauc_precision_at_10_max": 0.40732312751689015,
        "nauc_precision_at_10_std": 0.07950966900192219,
        "nauc_precision_at_1_diff1": 0.26021973138858107,
        "nauc_precision_at_1_max": 0.38880316515966634,
        "nauc_precision_at_1_std": -0.06180999379614489,
        "nauc_precision_at_20_diff1": 0.04123981726193236,
        "nauc_precision_at_20_max": 0.3688230395599485,
        "nauc_precision_at_20_std": 0.11502548075142413,
        "nauc_precision_at_3_diff1": 0.13916996188003558,
        "nauc_precision_at_3_max": 0.4199935655611526,
        "nauc_precision_at_3_std": 0.023565575740875644,
        "nauc_precision_at_5_diff1": 0.11736502020953678,
        "nauc_precision_at_5_max": 0.42522755024228953,
        "nauc_precision_at_5_std": 0.031683352929185275,
        "nauc_recall_at_1000_diff1": 0.10631801315849901,
        "nauc_recall_at_1000_max": 0.3051682996490133,
        "nauc_recall_at_1000_std": -0.017682816343589824,
        "nauc_recall_at_100_diff1": 0.0865753285202823,
        "nauc_recall_at_100_max": 0.2776502404364935,
        "nauc_recall_at_100_std": -0.020099586204188554,
        "nauc_recall_at_10_diff1": 0.15197363277417256,
        "nauc_recall_at_10_max": 0.331497280163786,
        "nauc_recall_at_10_std": -0.021826695764343703,
        "nauc_recall_at_1_diff1": 0.4096597003892732,
        "nauc_recall_at_1_max": 0.35277376417938566,
        "nauc_recall_at_1_std": -0.0010589273723344004,
        "nauc_recall_at_20_diff1": 0.1606875032165187,
        "nauc_recall_at_20_max": 0.3628256520232766,
        "nauc_recall_at_20_std": 0.008430526639617186,
        "nauc_recall_at_3_diff1": 0.23791910367173166,
        "nauc_recall_at_3_max": 0.29856843793891025,
        "nauc_recall_at_3_std": -0.06088299209140545,
        "nauc_recall_at_5_diff1": 0.1980353627781913,
        "nauc_recall_at_5_max": 0.3039606130604017,
        "nauc_recall_at_5_std": -0.05263316763991641,
        "ndcg_at_1": 0.24149,
        "ndcg_at_10": 0.16786,
        "ndcg_at_100": 0.16884,
        "ndcg_at_1000": 0.26423,
        "ndcg_at_20": 0.15662,
        "ndcg_at_3": 0.20225,
        "ndcg_at_5": 0.18738,
        "precision_at_1": 0.26006,
        "precision_at_10": 0.12601,
        "precision_at_100": 0.04802,
        "precision_at_1000": 0.01753,
        "precision_at_20": 0.09365,
        "precision_at_3": 0.19195,
        "precision_at_5": 0.16409,
        "recall_at_1": 0.01963,
        "recall_at_10": 0.07564,
        "recall_at_100": 0.18896,
        "recall_at_1000": 0.51908,
        "recall_at_20": 0.09496,
        "recall_at_3": 0.04867,
        "recall_at_5": 0.06193
      }
    ]
  },
  "task_name": "NFCorpus"
}