{
  "dataset_revision": "ec0fa4fe99da2ff19ca1214b7966684033a58814",
  "evaluation_time": 3.0036160945892334,
  "kg_co2_emissions": null,
  "mteb_version": "1.14.12",
  "scores": {
    "test": [
      {
        "hf_subset": "default",
        "languages": [
          "eng-Latn"
        ],
        "main_score": 0.02222,
        "map_at_1": 0.00052,
        "map_at_10": 0.00336,
        "map_at_100": 0.00634,
        "map_at_1000": 0.01222,
        "map_at_20": 0.00415,
        "map_at_3": 0.00241,
        "map_at_5": 0.00271,
        "mrr_at_1": 0.01238390092879257,
        "mrr_at_10": 0.045448179271708675,
        "mrr_at_100": 0.05738600612656041,
        "mrr_at_1000": 0.059236338773518644,
        "mrr_at_20": 0.052139884305197864,
        "mrr_at_3": 0.03095975232198143,
        "mrr_at_5": 0.03761609907120743,
        "nauc_map_at_1000_diff1": 0.09185588862650117,
        "nauc_map_at_1000_max": -0.04795900620486833,
        "nauc_map_at_1000_std": 0.06685787197463332,
        "nauc_map_at_100_diff1": 0.18893146280229026,
        "nauc_map_at_100_max": -0.11828412956273937,
        "nauc_map_at_100_std": 0.15928381085279156,
        "nauc_map_at_10_diff1": 0.2850150216992642,
        "nauc_map_at_10_max": -0.18006071938779097,
        "nauc_map_at_10_std": 0.22822097141513073,
        "nauc_map_at_1_diff1": 0.706471499416627,
        "nauc_map_at_1_max": -0.30802803925253963,
        "nauc_map_at_1_std": 0.30161362814025655,
        "nauc_map_at_20_diff1": 0.2666674186366835,
        "nauc_map_at_20_max": -0.14299801844874904,
        "nauc_map_at_20_std": 0.1998110671343561,
        "nauc_map_at_3_diff1": 0.43038417148128627,
        "nauc_map_at_3_max": -0.18763701618332948,
        "nauc_map_at_3_std": 0.24035096685860355,
        "nauc_map_at_5_diff1": 0.36490455098251173,
        "nauc_map_at_5_max": -0.1879976385823547,
        "nauc_map_at_5_std": 0.2511312501985271,
        "nauc_mrr_at_1000_diff1": 0.07899258203675673,
        "nauc_mrr_at_1000_max": -0.06878380553252951,
        "nauc_mrr_at_1000_std": 0.08596857454372019,
        "nauc_mrr_at_100_diff1": 0.08120710529574494,
        "nauc_mrr_at_100_max": -0.06920795149946983,
        "nauc_mrr_at_100_std": 0.08855317543169694,
        "nauc_mrr_at_10_diff1": 0.08355565711779081,
        "nauc_mrr_at_10_max": -0.1023028357746094,
        "nauc_mrr_at_10_std": 0.12116400314961823,
        "nauc_mrr_at_1_diff1": 0.52826145374696,
        "nauc_mrr_at_1_max": -0.27309691332580777,
        "nauc_mrr_at_1_std": 0.39216734780289164,
        "nauc_mrr_at_20_diff1": 0.09259234083497304,
        "nauc_mrr_at_20_max": -0.08292917649691442,
        "nauc_mrr_at_20_std": 0.10416781841408543,
        "nauc_mrr_at_3_diff1": 0.20137746748917587,
        "nauc_mrr_at_3_max": -0.17504983447981437,
        "nauc_mrr_at_3_std": 0.19050691085727486,
        "nauc_mrr_at_5_diff1": 0.13918077809186213,
        "nauc_mrr_at_5_max": -0.13732843632700303,
        "nauc_mrr_at_5_std": 0.15744291557399206,
        "nauc_ndcg_at_1000_diff1": -0.08239298118285575,
        "nauc_ndcg_at_1000_max": 0.1175873600423065,
        "nauc_ndcg_at_1000_std": -0.10276689633410346,
        "nauc_ndcg_at_100_diff1": 0.02388963379776845,
        "nauc_ndcg_at_100_max": -0.02974067861515713,
        "nauc_ndcg_at_100_std": 0.043432206131991315,
        "nauc_ndcg_at_10_diff1": 0.05160274221120642,
        "nauc_ndcg_at_10_max": -0.09785472286561106,
        "nauc_ndcg_at_10_std": 0.1255918395001823,
        "nauc_ndcg_at_1_diff1": 0.5095452979085672,
        "nauc_ndcg_at_1_max": -0.2827531474804125,
        "nauc_ndcg_at_1_std": 0.5073907078773604,
        "nauc_ndcg_at_20_diff1": 0.06608437157341998,
        "nauc_ndcg_at_20_max": -0.0671487424513291,
        "nauc_ndcg_at_20_std": 0.07805740329453985,
        "nauc_ndcg_at_3_diff1": 0.18969864333695233,
        "nauc_ndcg_at_3_max": -0.1363521943771797,
        "nauc_ndcg_at_3_std": 0.16847175877160595,
        "nauc_ndcg_at_5_diff1": 0.12325423633116413,
        "nauc_ndcg_at_5_max": -0.11193475380223662,
        "nauc_ndcg_at_5_std": 0.15903451499126797,
        "nauc_precision_at_1000_diff1": -0.017595258079313267,
        "nauc_precision_at_1000_max": 0.03523180594164205,
        "nauc_precision_at_1000_std": -0.08438994425061132,
        "nauc_precision_at_100_diff1": -0.0654492747505409,
        "nauc_precision_at_100_max": 0.014058696807714252,
        "nauc_precision_at_100_std": -0.05530834740196685,
        "nauc_precision_at_10_diff1": -0.04532529242004265,
        "nauc_precision_at_10_max": -0.06651319301447887,
        "nauc_precision_at_10_std": 0.08335679732763414,
        "nauc_precision_at_1_diff1": 0.52826145374696,
        "nauc_precision_at_1_max": -0.27309691332580777,
        "nauc_precision_at_1_std": 0.39216734780289164,
        "nauc_precision_at_20_diff1": -0.002713284237716414,
        "nauc_precision_at_20_max": -0.030735311688350316,
        "nauc_precision_at_20_std": 0.0071925261191303,
        "nauc_precision_at_3_diff1": 0.11490061108185766,
        "nauc_precision_at_3_max": -0.09971154337843005,
        "nauc_precision_at_3_std": 0.11737189966445305,
        "nauc_precision_at_5_diff1": 0.024729615397916647,
        "nauc_precision_at_5_max": -0.08398396460747035,
        "nauc_precision_at_5_std": 0.13553831810476302,
        "nauc_recall_at_1000_diff1": -0.08776741628820264,
        "nauc_recall_at_1000_max": 0.10682024177505837,
        "nauc_recall_at_1000_std": -0.07799961549494627,
        "nauc_recall_at_100_diff1": 0.06007145803143292,
        "nauc_recall_at_100_max": -0.031992792212808936,
        "nauc_recall_at_100_std": 0.039534000897596115,
        "nauc_recall_at_10_diff1": 0.13143044383956598,
        "nauc_recall_at_10_max": -0.15105132627646065,
        "nauc_recall_at_10_std": 0.2113517183578614,
        "nauc_recall_at_1_diff1": 0.706471499416627,
        "nauc_recall_at_1_max": -0.30802803925253963,
        "nauc_recall_at_1_std": 0.30161362814025655,
        "nauc_recall_at_20_diff1": 0.16623242714822173,
        "nauc_recall_at_20_max": -0.046196960004451205,
        "nauc_recall_at_20_std": 0.14987529736819394,
        "nauc_recall_at_3_diff1": 0.37855741640342316,
        "nauc_recall_at_3_max": -0.15794165161816856,
        "nauc_recall_at_3_std": 0.2160407415401706,
        "nauc_recall_at_5_diff1": 0.2630901959424828,
        "nauc_recall_at_5_max": -0.1540185735068062,
        "nauc_recall_at_5_std": 0.21519209287125732,
        "ndcg_at_1": 0.01084,
        "ndcg_at_10": 0.02222,
        "ndcg_at_100": 0.0384,
        "ndcg_at_1000": 0.13294,
        "ndcg_at_20": 0.02606,
        "ndcg_at_3": 0.01788,
        "ndcg_at_5": 0.01963,
        "precision_at_1": 0.01238,
        "precision_at_10": 0.02229,
        "precision_at_100": 0.01833,
        "precision_at_1000": 0.01317,
        "precision_at_20": 0.02291,
        "precision_at_3": 0.01961,
        "precision_at_5": 0.02105,
        "recall_at_1": 0.00052,
        "recall_at_10": 0.00895,
        "recall_at_100": 0.05785,
        "recall_at_1000": 0.39387,
        "recall_at_20": 0.01596,
        "recall_at_3": 0.00429,
        "recall_at_5": 0.00526
      }
    ]
  },
  "task_name": "NFCorpus"
}