{
  "dataset_revision": "ec0fa4fe99da2ff19ca1214b7966684033a58814",
  "evaluation_time": 3.0307695865631104,
  "kg_co2_emissions": null,
  "mteb_version": "1.14.12",
  "scores": {
    "test": [
      {
        "hf_subset": "default",
        "languages": [
          "eng-Latn"
        ],
        "main_score": 0.02072,
        "map_at_1": 0.00125,
        "map_at_10": 0.00268,
        "map_at_100": 0.00583,
        "map_at_1000": 0.01189,
        "map_at_20": 0.00353,
        "map_at_3": 0.00183,
        "map_at_5": 0.00194,
        "mrr_at_1": 0.034055727554179564,
        "mrr_at_10": 0.05619809327239667,
        "mrr_at_100": 0.06833854097535881,
        "mrr_at_1000": 0.06994319121522896,
        "mrr_at_20": 0.060888693889944744,
        "mrr_at_3": 0.04489164086687306,
        "mrr_at_5": 0.04953560371517028,
        "nauc_map_at_1000_diff1": 0.09577621204827029,
        "nauc_map_at_1000_max": -0.014751923644368392,
        "nauc_map_at_1000_std": 0.07582327590356373,
        "nauc_map_at_100_diff1": 0.16294075157602061,
        "nauc_map_at_100_max": -0.07190396587980204,
        "nauc_map_at_100_std": 0.13961498771032227,
        "nauc_map_at_10_diff1": 0.23704946885822345,
        "nauc_map_at_10_max": -0.17269499475328773,
        "nauc_map_at_10_std": 0.1492334886353222,
        "nauc_map_at_1_diff1": 0.3235281321642817,
        "nauc_map_at_1_max": -0.21394314418285132,
        "nauc_map_at_1_std": 0.18626993208353804,
        "nauc_map_at_20_diff1": 0.23341750248420046,
        "nauc_map_at_20_max": -0.1219698540827711,
        "nauc_map_at_20_std": 0.153221750278441,
        "nauc_map_at_3_diff1": 0.1541885831086364,
        "nauc_map_at_3_max": -0.1747311156181589,
        "nauc_map_at_3_std": 0.08342270937352143,
        "nauc_map_at_5_diff1": 0.13992402142447816,
        "nauc_map_at_5_max": -0.17094616536517881,
        "nauc_map_at_5_std": 0.07456121196897833,
        "nauc_mrr_at_1000_diff1": 0.08488975765687798,
        "nauc_mrr_at_1000_max": 0.03707905634632616,
        "nauc_mrr_at_1000_std": 0.01626803773574149,
        "nauc_mrr_at_100_diff1": 0.0825532374908937,
        "nauc_mrr_at_100_max": 0.037019276536984495,
        "nauc_mrr_at_100_std": 0.01658381708611905,
        "nauc_mrr_at_10_diff1": 0.11642502351874187,
        "nauc_mrr_at_10_max": 0.01447192351094605,
        "nauc_mrr_at_10_std": 0.040334320108593565,
        "nauc_mrr_at_1_diff1": 0.15737664136854546,
        "nauc_mrr_at_1_max": -0.0254779116070634,
        "nauc_mrr_at_1_std": 0.09586690815350303,
        "nauc_mrr_at_20_diff1": 0.09835331204934873,
        "nauc_mrr_at_20_max": 0.02079457435320764,
        "nauc_mrr_at_20_std": 0.03601689155715456,
        "nauc_mrr_at_3_diff1": 0.10459473465884025,
        "nauc_mrr_at_3_max": 0.04207401694893073,
        "nauc_mrr_at_3_std": 0.03518701296242327,
        "nauc_mrr_at_5_diff1": 0.09700876063403795,
        "nauc_mrr_at_5_max": 0.02689126020055268,
        "nauc_mrr_at_5_std": 0.026688049571252242,
        "nauc_ndcg_at_1000_diff1": -0.028347808935569173,
        "nauc_ndcg_at_1000_max": 0.08702628044266925,
        "nauc_ndcg_at_1000_std": -0.09049174642126977,
        "nauc_ndcg_at_100_diff1": 0.07165743957986065,
        "nauc_ndcg_at_100_max": 0.00493633927266621,
        "nauc_ndcg_at_100_std": 0.04148305703206428,
        "nauc_ndcg_at_10_diff1": 0.14523738849484702,
        "nauc_ndcg_at_10_max": -0.02659917786199542,
        "nauc_ndcg_at_10_std": 0.0676756357665259,
        "nauc_ndcg_at_1_diff1": 0.17667380015419157,
        "nauc_ndcg_at_1_max": -0.07024475709487114,
        "nauc_ndcg_at_1_std": 0.12994802969943817,
        "nauc_ndcg_at_20_diff1": 0.13470019856992121,
        "nauc_ndcg_at_20_max": -0.04061207246969877,
        "nauc_ndcg_at_20_std": 0.09550687325498071,
        "nauc_ndcg_at_3_diff1": 0.06874802510191219,
        "nauc_ndcg_at_3_max": 0.016391328094517574,
        "nauc_ndcg_at_3_std": -0.0002824220691927732,
        "nauc_ndcg_at_5_diff1": 0.06239622685207834,
        "nauc_ndcg_at_5_max": 0.0064023728982124635,
        "nauc_ndcg_at_5_std": 0.009737752732059825,
        "nauc_precision_at_1000_diff1": -0.003935838008990199,
        "nauc_precision_at_1000_max": 0.04932511410137563,
        "nauc_precision_at_1000_std": -0.07363386877170404,
        "nauc_precision_at_100_diff1": 0.017813052576734316,
        "nauc_precision_at_100_max": 0.028575974531962797,
        "nauc_precision_at_100_std": 0.008463351108916507,
        "nauc_precision_at_10_diff1": 0.14424152517319233,
        "nauc_precision_at_10_max": -0.01845952151411774,
        "nauc_precision_at_10_std": 0.06407800336755246,
        "nauc_precision_at_1_diff1": 0.15737664136854546,
        "nauc_precision_at_1_max": -0.0254779116070634,
        "nauc_precision_at_1_std": 0.09586690815350303,
        "nauc_precision_at_20_diff1": 0.11348081091964983,
        "nauc_precision_at_20_max": -0.04233651366569172,
        "nauc_precision_at_20_std": 0.10101952767461261,
        "nauc_precision_at_3_diff1": 0.01591912998189129,
        "nauc_precision_at_3_max": 0.0871525328591972,
        "nauc_precision_at_3_std": -0.05769689494352555,
        "nauc_precision_at_5_diff1": 0.013691622303439272,
        "nauc_precision_at_5_max": 0.0438975946421412,
        "nauc_precision_at_5_std": -0.026822099395272782,
        "nauc_recall_at_1000_diff1": -0.05725101722367032,
        "nauc_recall_at_1000_max": 0.11666856494779766,
        "nauc_recall_at_1000_std": -0.1076460901036676,
        "nauc_recall_at_100_diff1": -0.028692005547295438,
        "nauc_recall_at_100_max": 0.06378563528984212,
        "nauc_recall_at_100_std": 0.011186870406063901,
        "nauc_recall_at_10_diff1": 0.27265953584627234,
        "nauc_recall_at_10_max": -0.14638109575657107,
        "nauc_recall_at_10_std": 0.1860570880640427,
        "nauc_recall_at_1_diff1": 0.3235281321642817,
        "nauc_recall_at_1_max": -0.21394314418285132,
        "nauc_recall_at_1_std": 0.18626993208353804,
        "nauc_recall_at_20_diff1": 0.1313549818418443,
        "nauc_recall_at_20_max": 0.03891971162730284,
        "nauc_recall_at_20_std": 0.0718573301356837,
        "nauc_recall_at_3_diff1": 0.12518596860473785,
        "nauc_recall_at_3_max": -0.11136722813422402,
        "nauc_recall_at_3_std": 0.06239855898781528,
        "nauc_recall_at_5_diff1": 0.08892845508884403,
        "nauc_recall_at_5_max": -0.11707092944606141,
        "nauc_recall_at_5_std": 0.03537898769564739,
        "ndcg_at_1": 0.02786,
        "ndcg_at_10": 0.02072,
        "ndcg_at_100": 0.03831,
        "ndcg_at_1000": 0.13444,
        "ndcg_at_20": 0.02281,
        "ndcg_at_3": 0.02256,
        "ndcg_at_5": 0.02022,
        "precision_at_1": 0.03406,
        "precision_at_10": 0.02105,
        "precision_at_100": 0.01777,
        "precision_at_1000": 0.01343,
        "precision_at_20": 0.02059,
        "precision_at_3": 0.02477,
        "precision_at_5": 0.02043,
        "recall_at_1": 0.00125,
        "recall_at_10": 0.00599,
        "recall_at_100": 0.06324,
        "recall_at_1000": 0.39037,
        "recall_at_20": 0.01231,
        "recall_at_3": 0.00234,
        "recall_at_5": 0.00281
      }
    ]
  },
  "task_name": "NFCorpus"
}