{
  "dataset_revision": "ec0fa4fe99da2ff19ca1214b7966684033a58814",
  "evaluation_time": 2.9695422649383545,
  "kg_co2_emissions": null,
  "mteb_version": "1.14.12",
  "scores": {
    "test": [
      {
        "hf_subset": "default",
        "languages": [
          "eng-Latn"
        ],
        "main_score": 0.23312,
        "map_at_1": 0.02896,
        "map_at_10": 0.07341,
        "map_at_100": 0.09673,
        "map_at_1000": 0.10987,
        "map_at_20": 0.08216,
        "map_at_3": 0.04868,
        "map_at_5": 0.05957,
        "mrr_at_1": 0.33126934984520123,
        "mrr_at_10": 0.40541304240994636,
        "mrr_at_100": 0.41364544040538703,
        "mrr_at_1000": 0.4143095694476611,
        "mrr_at_20": 0.4107136264419953,
        "mrr_at_3": 0.3777089783281733,
        "mrr_at_5": 0.3931888544891641,
        "nauc_map_at_1000_diff1": 0.13562831635797207,
        "nauc_map_at_1000_max": 0.3542653450633776,
        "nauc_map_at_1000_std": 0.262349691868356,
        "nauc_map_at_100_diff1": 0.15374450659023295,
        "nauc_map_at_100_max": 0.3433702163986639,
        "nauc_map_at_100_std": 0.2247228612318783,
        "nauc_map_at_10_diff1": 0.1841996902657884,
        "nauc_map_at_10_max": 0.2958807384927649,
        "nauc_map_at_10_std": 0.12395704091934852,
        "nauc_map_at_1_diff1": 0.29681484049269163,
        "nauc_map_at_1_max": 0.20912130728685993,
        "nauc_map_at_1_std": -0.03797626423052614,
        "nauc_map_at_20_diff1": 0.17997982936244064,
        "nauc_map_at_20_max": 0.32474004845738325,
        "nauc_map_at_20_std": 0.16766503729702265,
        "nauc_map_at_3_diff1": 0.23749002931084612,
        "nauc_map_at_3_max": 0.2698011799842155,
        "nauc_map_at_3_std": 0.042212115097782596,
        "nauc_map_at_5_diff1": 0.21007968506589542,
        "nauc_map_at_5_max": 0.28323586432421405,
        "nauc_map_at_5_std": 0.0731219377959318,
        "nauc_mrr_at_1000_diff1": 0.219227475351911,
        "nauc_mrr_at_1000_max": 0.36288664867453135,
        "nauc_mrr_at_1000_std": 0.23444045684995737,
        "nauc_mrr_at_100_diff1": 0.21923271519659598,
        "nauc_mrr_at_100_max": 0.3628236899726426,
        "nauc_mrr_at_100_std": 0.23460226809949689,
        "nauc_mrr_at_10_diff1": 0.21910761317874697,
        "nauc_mrr_at_10_max": 0.35769948522694384,
        "nauc_mrr_at_10_std": 0.2312853657174696,
        "nauc_mrr_at_1_diff1": 0.2516393634334955,
        "nauc_mrr_at_1_max": 0.31719087205814295,
        "nauc_mrr_at_1_std": 0.18378659573634565,
        "nauc_mrr_at_20_diff1": 0.21746363245980194,
        "nauc_mrr_at_20_max": 0.3631919879614701,
        "nauc_mrr_at_20_std": 0.2347351435085449,
        "nauc_mrr_at_3_diff1": 0.2301395977491441,
        "nauc_mrr_at_3_max": 0.35390052258954136,
        "nauc_mrr_at_3_std": 0.21101235417979974,
        "nauc_mrr_at_5_diff1": 0.22201167825034807,
        "nauc_mrr_at_5_max": 0.35827279069836526,
        "nauc_mrr_at_5_std": 0.22446793508550722,
        "nauc_ndcg_at_1000_diff1": 0.11950367872224248,
        "nauc_ndcg_at_1000_max": 0.4584644128836518,
        "nauc_ndcg_at_1000_std": 0.39705808266015413,
        "nauc_ndcg_at_100_diff1": 0.12813935270153595,
        "nauc_ndcg_at_100_max": 0.3840970291536082,
        "nauc_ndcg_at_100_std": 0.3176172960323581,
        "nauc_ndcg_at_10_diff1": 0.11497952342830078,
        "nauc_ndcg_at_10_max": 0.3405032861317589,
        "nauc_ndcg_at_10_std": 0.29789718937530074,
        "nauc_ndcg_at_1_diff1": 0.2614244106233219,
        "nauc_ndcg_at_1_max": 0.28678122196853284,
        "nauc_ndcg_at_1_std": 0.18036481262146806,
        "nauc_ndcg_at_20_diff1": 0.10882183088339575,
        "nauc_ndcg_at_20_max": 0.36122962737721226,
        "nauc_ndcg_at_20_std": 0.31074862836465195,
        "nauc_ndcg_at_3_diff1": 0.1732950919630056,
        "nauc_ndcg_at_3_max": 0.34095643102185097,
        "nauc_ndcg_at_3_std": 0.22974530970168527,
        "nauc_ndcg_at_5_diff1": 0.15319335064221945,
        "nauc_ndcg_at_5_max": 0.35624121524016406,
        "nauc_ndcg_at_5_std": 0.2772504404612485,
        "nauc_precision_at_1000_diff1": -0.10443343530432868,
        "nauc_precision_at_1000_max": 0.09638307149184384,
        "nauc_precision_at_1000_std": 0.26237007038574683,
        "nauc_precision_at_100_diff1": -0.06804253380287374,
        "nauc_precision_at_100_max": 0.2271593529666872,
        "nauc_precision_at_100_std": 0.4038489122404295,
        "nauc_precision_at_10_diff1": 0.013433438903880874,
        "nauc_precision_at_10_max": 0.33203629500972004,
        "nauc_precision_at_10_std": 0.383667891013598,
        "nauc_precision_at_1_diff1": 0.2516393634334955,
        "nauc_precision_at_1_max": 0.31719087205814295,
        "nauc_precision_at_1_std": 0.18378659573634565,
        "nauc_precision_at_20_diff1": -0.014245010752545733,
        "nauc_precision_at_20_max": 0.34234320694751746,
        "nauc_precision_at_20_std": 0.43244749903731905,
        "nauc_precision_at_3_diff1": 0.11974295147964577,
        "nauc_precision_at_3_max": 0.383216184671435,
        "nauc_precision_at_3_std": 0.2663661876132419,
        "nauc_precision_at_5_diff1": 0.076603759257791,
        "nauc_precision_at_5_max": 0.3865615552688253,
        "nauc_precision_at_5_std": 0.33991495937856275,
        "nauc_recall_at_1000_diff1": -0.029420826751047995,
        "nauc_recall_at_1000_max": 0.2532357261399366,
        "nauc_recall_at_1000_std": 0.2622710823301872,
        "nauc_recall_at_100_diff1": 0.024470804615467124,
        "nauc_recall_at_100_max": 0.16710269487379267,
        "nauc_recall_at_100_std": 0.1624349495174014,
        "nauc_recall_at_10_diff1": 0.06462276076524154,
        "nauc_recall_at_10_max": 0.16335498950164076,
        "nauc_recall_at_10_std": 0.09588642930074874,
        "nauc_recall_at_1_diff1": 0.29681484049269163,
        "nauc_recall_at_1_max": 0.20912130728685993,
        "nauc_recall_at_1_std": -0.03797626423052614,
        "nauc_recall_at_20_diff1": 0.05876856808112261,
        "nauc_recall_at_20_max": 0.20952009770728044,
        "nauc_recall_at_20_std": 0.13362311885351938,
        "nauc_recall_at_3_diff1": 0.21732204996517232,
        "nauc_recall_at_3_max": 0.2762017792390541,
        "nauc_recall_at_3_std": 0.04854450564146182,
        "nauc_recall_at_5_diff1": 0.13169075555817966,
        "nauc_recall_at_5_max": 0.21669388805368903,
        "nauc_recall_at_5_std": 0.06929099550604344,
        "ndcg_at_1": 0.3096,
        "ndcg_at_10": 0.23312,
        "ndcg_at_100": 0.22859,
        "ndcg_at_1000": 0.32432,
        "ndcg_at_20": 0.21889,
        "ndcg_at_3": 0.25784,
        "ndcg_at_5": 0.24764,
        "precision_at_1": 0.33127,
        "precision_at_10": 0.17864,
        "precision_at_100": 0.0635,
        "precision_at_1000": 0.0196,
        "precision_at_20": 0.13514,
        "precision_at_3": 0.24768,
        "precision_at_5": 0.22291,
        "recall_at_1": 0.02896,
        "recall_at_10": 0.11969,
        "recall_at_100": 0.26702,
        "recall_at_1000": 0.59779,
        "recall_at_20": 0.14923,
        "recall_at_3": 0.05635,
        "recall_at_5": 0.07975
      }
    ]
  },
  "task_name": "NFCorpus"
}