{
  "dataset_revision": "ec0fa4fe99da2ff19ca1214b7966684033a58814",
  "evaluation_time": 2.986605405807495,
  "kg_co2_emissions": null,
  "mteb_version": "1.14.12",
  "scores": {
    "test": [
      {
        "hf_subset": "default",
        "languages": [
          "eng-Latn"
        ],
        "main_score": 0.14629,
        "map_at_1": 0.01524,
        "map_at_10": 0.03764,
        "map_at_100": 0.05267,
        "map_at_1000": 0.06417,
        "map_at_20": 0.04324,
        "map_at_3": 0.02573,
        "map_at_5": 0.03125,
        "mrr_at_1": 0.22291021671826625,
        "mrr_at_10": 0.2949358690844759,
        "mrr_at_100": 0.30474565286437905,
        "mrr_at_1000": 0.3058982402556953,
        "mrr_at_20": 0.3008271084368095,
        "mrr_at_3": 0.2703818369453044,
        "mrr_at_5": 0.2864809081527347,
        "nauc_map_at_1000_diff1": 0.08602874497923738,
        "nauc_map_at_1000_max": 0.3565321596027544,
        "nauc_map_at_1000_std": 0.23059550150019806,
        "nauc_map_at_100_diff1": 0.11327133880351499,
        "nauc_map_at_100_max": 0.36214827167411506,
        "nauc_map_at_100_std": 0.20082060375796765,
        "nauc_map_at_10_diff1": 0.12370179067686247,
        "nauc_map_at_10_max": 0.32911101951414634,
        "nauc_map_at_10_std": 0.1368026113961919,
        "nauc_map_at_1_diff1": 0.21037476563394475,
        "nauc_map_at_1_max": 0.2986148631400405,
        "nauc_map_at_1_std": 0.011873748049237385,
        "nauc_map_at_20_diff1": 0.12485257678970092,
        "nauc_map_at_20_max": 0.3475943476115508,
        "nauc_map_at_20_std": 0.16182824329497722,
        "nauc_map_at_3_diff1": 0.1350495487033348,
        "nauc_map_at_3_max": 0.29149981169188166,
        "nauc_map_at_3_std": 0.09016528741198901,
        "nauc_map_at_5_diff1": 0.11483908017805602,
        "nauc_map_at_5_max": 0.3130197998172362,
        "nauc_map_at_5_std": 0.12192480714359001,
        "nauc_mrr_at_1000_diff1": 0.07343463363637866,
        "nauc_mrr_at_1000_max": 0.3429718887208755,
        "nauc_mrr_at_1000_std": 0.15434003934452703,
        "nauc_mrr_at_100_diff1": 0.07365923957189136,
        "nauc_mrr_at_100_max": 0.34341289106020634,
        "nauc_mrr_at_100_std": 0.15462441221154982,
        "nauc_mrr_at_10_diff1": 0.07523482681508563,
        "nauc_mrr_at_10_max": 0.3416904041554384,
        "nauc_mrr_at_10_std": 0.1565704785134374,
        "nauc_mrr_at_1_diff1": 0.11908557786400648,
        "nauc_mrr_at_1_max": 0.33123990281819005,
        "nauc_mrr_at_1_std": 0.11460767026520599,
        "nauc_mrr_at_20_diff1": 0.07265152802212538,
        "nauc_mrr_at_20_max": 0.3396195531655939,
        "nauc_mrr_at_20_std": 0.15472300568386713,
        "nauc_mrr_at_3_diff1": 0.07603697524728137,
        "nauc_mrr_at_3_max": 0.3453480928713298,
        "nauc_mrr_at_3_std": 0.15465377980833928,
        "nauc_mrr_at_5_diff1": 0.07117399526271637,
        "nauc_mrr_at_5_max": 0.3445808208237809,
        "nauc_mrr_at_5_std": 0.16358935576024403,
        "nauc_ndcg_at_1000_diff1": 0.07658702014819631,
        "nauc_ndcg_at_1000_max": 0.4135469119555628,
        "nauc_ndcg_at_1000_std": 0.25314731916530897,
        "nauc_ndcg_at_100_diff1": 0.11864339908665493,
        "nauc_ndcg_at_100_max": 0.39651723695726976,
        "nauc_ndcg_at_100_std": 0.21039635365934165,
        "nauc_ndcg_at_10_diff1": 0.05406176179262785,
        "nauc_ndcg_at_10_max": 0.35816013303751176,
        "nauc_ndcg_at_10_std": 0.2217192690724098,
        "nauc_ndcg_at_1_diff1": 0.13224700151050872,
        "nauc_ndcg_at_1_max": 0.31278107492656754,
        "nauc_ndcg_at_1_std": 0.1210297846465913,
        "nauc_ndcg_at_20_diff1": 0.06534910869879484,
        "nauc_ndcg_at_20_max": 0.3604312915646513,
        "nauc_ndcg_at_20_std": 0.21594975303346223,
        "nauc_ndcg_at_3_diff1": 0.06156088945044065,
        "nauc_ndcg_at_3_max": 0.34332454097071297,
        "nauc_ndcg_at_3_std": 0.19955440005844516,
        "nauc_ndcg_at_5_diff1": 0.05217493674765933,
        "nauc_ndcg_at_5_max": 0.3665214811842791,
        "nauc_ndcg_at_5_std": 0.23551708502410912,
        "nauc_precision_at_1000_diff1": -0.08832197263947533,
        "nauc_precision_at_1000_max": 0.06454703844005744,
        "nauc_precision_at_1000_std": 0.148605663616395,
        "nauc_precision_at_100_diff1": -0.05188295046671048,
        "nauc_precision_at_100_max": 0.2325527071274586,
        "nauc_precision_at_100_std": 0.27863234565036654,
        "nauc_precision_at_10_diff1": -0.03763062679819091,
        "nauc_precision_at_10_max": 0.3519537314425411,
        "nauc_precision_at_10_std": 0.2828860337848831,
        "nauc_precision_at_1_diff1": 0.11908557786400648,
        "nauc_precision_at_1_max": 0.33123990281819005,
        "nauc_precision_at_1_std": 0.11460767026520599,
        "nauc_precision_at_20_diff1": -0.03678896047256838,
        "nauc_precision_at_20_max": 0.31336077461118017,
        "nauc_precision_at_20_std": 0.28786646789299636,
        "nauc_precision_at_3_diff1": 0.021473308124423655,
        "nauc_precision_at_3_max": 0.37252782390327305,
        "nauc_precision_at_3_std": 0.23210827212430807,
        "nauc_precision_at_5_diff1": -0.01244230848221383,
        "nauc_precision_at_5_max": 0.3857580080842529,
        "nauc_precision_at_5_std": 0.2893622722800398,
        "nauc_recall_at_1000_diff1": 0.06223346117269547,
        "nauc_recall_at_1000_max": 0.18747929816457964,
        "nauc_recall_at_1000_std": 0.08786116887721925,
        "nauc_recall_at_100_diff1": 0.09568019759409654,
        "nauc_recall_at_100_max": 0.25648219017025375,
        "nauc_recall_at_100_std": 0.09701054197024575,
        "nauc_recall_at_10_diff1": 0.12263994019732898,
        "nauc_recall_at_10_max": 0.23730984963603574,
        "nauc_recall_at_10_std": 0.07846581282443295,
        "nauc_recall_at_1_diff1": 0.21037476563394475,
        "nauc_recall_at_1_max": 0.2986148631400405,
        "nauc_recall_at_1_std": 0.011873748049237385,
        "nauc_recall_at_20_diff1": 0.09713460280902478,
        "nauc_recall_at_20_max": 0.23697854470791332,
        "nauc_recall_at_20_std": 0.09721638092709378,
        "nauc_recall_at_3_diff1": 0.1298762093548612,
        "nauc_recall_at_3_max": 0.2943484148462569,
        "nauc_recall_at_3_std": 0.11661155077295784,
        "nauc_recall_at_5_diff1": 0.0817101209273123,
        "nauc_recall_at_5_max": 0.26672204034476793,
        "nauc_recall_at_5_std": 0.12911719180614256,
        "ndcg_at_1": 0.21053,
        "ndcg_at_10": 0.14629,
        "ndcg_at_100": 0.15279,
        "ndcg_at_1000": 0.25871,
        "ndcg_at_20": 0.1392,
        "ndcg_at_3": 0.17102,
        "ndcg_at_5": 0.1603,
        "precision_at_1": 0.22291,
        "precision_at_10": 0.11455,
        "precision_at_100": 0.04678,
        "precision_at_1000": 0.01792,
        "precision_at_20": 0.08824,
        "precision_at_3": 0.16512,
        "precision_at_5": 0.14427,
        "recall_at_1": 0.01524,
        "recall_at_10": 0.064,
        "recall_at_100": 0.1851,
        "recall_at_1000": 0.55479,
        "recall_at_20": 0.09263,
        "recall_at_3": 0.03056,
        "recall_at_5": 0.04512
      }
    ]
  },
  "task_name": "NFCorpus"
}