{
  "dataset_revision": "ec0fa4fe99da2ff19ca1214b7966684033a58814",
  "evaluation_time": 3.0549123287200928,
  "kg_co2_emissions": null,
  "mteb_version": "1.14.12",
  "scores": {
    "test": [
      {
        "hf_subset": "default",
        "languages": [
          "eng-Latn"
        ],
        "main_score": 0.0643,
        "map_at_1": 0.00584,
        "map_at_10": 0.01373,
        "map_at_100": 0.02161,
        "map_at_1000": 0.03045,
        "map_at_20": 0.01567,
        "map_at_3": 0.00896,
        "map_at_5": 0.01116,
        "mrr_at_1": 0.08978328173374613,
        "mrr_at_10": 0.13672662047275055,
        "mrr_at_100": 0.1485571635630163,
        "mrr_at_1000": 0.1497558452341058,
        "mrr_at_20": 0.14203693035369758,
        "mrr_at_3": 0.11145510835913312,
        "mrr_at_5": 0.12430340557275543,
        "nauc_map_at_1000_diff1": -0.027242837480459296,
        "nauc_map_at_1000_max": 0.33991455479680893,
        "nauc_map_at_1000_std": 0.2806503247527069,
        "nauc_map_at_100_diff1": -0.04683314655816339,
        "nauc_map_at_100_max": 0.3610896679986238,
        "nauc_map_at_100_std": 0.2799811207092013,
        "nauc_map_at_10_diff1": -0.03505908929446538,
        "nauc_map_at_10_max": 0.3815831969048889,
        "nauc_map_at_10_std": 0.2462358438270558,
        "nauc_map_at_1_diff1": 0.0970954201224877,
        "nauc_map_at_1_max": 0.4710954579879274,
        "nauc_map_at_1_std": 0.1828517478196139,
        "nauc_map_at_20_diff1": -0.03249491924275062,
        "nauc_map_at_20_max": 0.37105589136503137,
        "nauc_map_at_20_std": 0.2670492936089593,
        "nauc_map_at_3_diff1": 0.015611251203705843,
        "nauc_map_at_3_max": 0.3607819771471728,
        "nauc_map_at_3_std": 0.25000370945448674,
        "nauc_map_at_5_diff1": -0.0266195722503059,
        "nauc_map_at_5_max": 0.37606209367357435,
        "nauc_map_at_5_std": 0.25690514868992637,
        "nauc_mrr_at_1000_diff1": 0.14913764467465057,
        "nauc_mrr_at_1000_max": 0.3025849027132588,
        "nauc_mrr_at_1000_std": 0.2521850965639893,
        "nauc_mrr_at_100_diff1": 0.14810418469380118,
        "nauc_mrr_at_100_max": 0.30247769598494656,
        "nauc_mrr_at_100_std": 0.25198444291602035,
        "nauc_mrr_at_10_diff1": 0.14301567644739144,
        "nauc_mrr_at_10_max": 0.2938591057718278,
        "nauc_mrr_at_10_std": 0.2491362550415021,
        "nauc_mrr_at_1_diff1": 0.20649376351994786,
        "nauc_mrr_at_1_max": 0.3722102382355465,
        "nauc_mrr_at_1_std": 0.2862309206327407,
        "nauc_mrr_at_20_diff1": 0.15051927722892344,
        "nauc_mrr_at_20_max": 0.29621104866968007,
        "nauc_mrr_at_20_std": 0.25399321169815436,
        "nauc_mrr_at_3_diff1": 0.18301789349528239,
        "nauc_mrr_at_3_max": 0.32206415523541176,
        "nauc_mrr_at_3_std": 0.2895798544046492,
        "nauc_mrr_at_5_diff1": 0.14162439082811235,
        "nauc_mrr_at_5_max": 0.3025511295187906,
        "nauc_mrr_at_5_std": 0.27958130814633775,
        "nauc_ndcg_at_1000_diff1": 0.04709265186453888,
        "nauc_ndcg_at_1000_max": 0.33446503436962166,
        "nauc_ndcg_at_1000_std": 0.21152545158471325,
        "nauc_ndcg_at_100_diff1": -0.013753584797777003,
        "nauc_ndcg_at_100_max": 0.30546431412695313,
        "nauc_ndcg_at_100_std": 0.23307927071163606,
        "nauc_ndcg_at_10_diff1": 0.04008775723903414,
        "nauc_ndcg_at_10_max": 0.3369085634208007,
        "nauc_ndcg_at_10_std": 0.2880068384848871,
        "nauc_ndcg_at_1_diff1": 0.2053836540934674,
        "nauc_ndcg_at_1_max": 0.4066206347766517,
        "nauc_ndcg_at_1_std": 0.28336344485380494,
        "nauc_ndcg_at_20_diff1": 0.02634987848339143,
        "nauc_ndcg_at_20_max": 0.3049903476213952,
        "nauc_ndcg_at_20_std": 0.2942250449789151,
        "nauc_ndcg_at_3_diff1": 0.14315418822828396,
        "nauc_ndcg_at_3_max": 0.3726806887334959,
        "nauc_ndcg_at_3_std": 0.34877928542291237,
        "nauc_ndcg_at_5_diff1": 0.060649643303712475,
        "nauc_ndcg_at_5_max": 0.3562361543875624,
        "nauc_ndcg_at_5_std": 0.34556913561481034,
        "nauc_precision_at_1000_diff1": 0.06666614383586841,
        "nauc_precision_at_1000_max": 0.14051209441002602,
        "nauc_precision_at_1000_std": 0.10867789081532334,
        "nauc_precision_at_100_diff1": 0.009116182964353757,
        "nauc_precision_at_100_max": 0.20825368205677794,
        "nauc_precision_at_100_std": 0.21484010539115062,
        "nauc_precision_at_10_diff1": -0.005524577221287969,
        "nauc_precision_at_10_max": 0.27602891596622403,
        "nauc_precision_at_10_std": 0.24391743262745125,
        "nauc_precision_at_1_diff1": 0.20649376351994786,
        "nauc_precision_at_1_max": 0.3722102382355465,
        "nauc_precision_at_1_std": 0.2862309206327407,
        "nauc_precision_at_20_diff1": -0.0032274685470003906,
        "nauc_precision_at_20_max": 0.24426544499589073,
        "nauc_precision_at_20_std": 0.27834331252865907,
        "nauc_precision_at_3_diff1": 0.11285462647962309,
        "nauc_precision_at_3_max": 0.32831826641658574,
        "nauc_precision_at_3_std": 0.371697379607593,
        "nauc_precision_at_5_diff1": -0.0020103650299250066,
        "nauc_precision_at_5_max": 0.3048942121528848,
        "nauc_precision_at_5_std": 0.3357659798473627,
        "nauc_recall_at_1000_diff1": 0.047809382587731195,
        "nauc_recall_at_1000_max": 0.23990857200632887,
        "nauc_recall_at_1000_std": 0.04467911284824137,
        "nauc_recall_at_100_diff1": -0.09833834649752708,
        "nauc_recall_at_100_max": 0.20905001116799624,
        "nauc_recall_at_100_std": 0.08115458260698412,
        "nauc_recall_at_10_diff1": -0.0681632896620591,
        "nauc_recall_at_10_max": 0.2638390020387903,
        "nauc_recall_at_10_std": 0.10597867680338037,
        "nauc_recall_at_1_diff1": 0.0970954201224877,
        "nauc_recall_at_1_max": 0.4710954579879274,
        "nauc_recall_at_1_std": 0.1828517478196139,
        "nauc_recall_at_20_diff1": -0.03175564181776546,
        "nauc_recall_at_20_max": 0.2147489030585907,
        "nauc_recall_at_20_std": 0.19329719926284625,
        "nauc_recall_at_3_diff1": -0.0388023358236563,
        "nauc_recall_at_3_max": 0.2602716461299483,
        "nauc_recall_at_3_std": 0.2706820645126676,
        "nauc_recall_at_5_diff1": -0.11402084724441555,
        "nauc_recall_at_5_max": 0.28408495336769984,
        "nauc_recall_at_5_std": 0.22976705502381078,
        "ndcg_at_1": 0.08204,
        "ndcg_at_10": 0.0643,
        "ndcg_at_100": 0.08599,
        "ndcg_at_1000": 0.1874,
        "ndcg_at_20": 0.06255,
        "ndcg_at_3": 0.0669,
        "ndcg_at_5": 0.06862,
        "precision_at_1": 0.08978,
        "precision_at_10": 0.05635,
        "precision_at_100": 0.03189,
        "precision_at_1000": 0.01585,
        "precision_at_20": 0.04582,
        "precision_at_3": 0.06605,
        "precision_at_5": 0.06687,
        "recall_at_1": 0.00584,
        "recall_at_10": 0.02685,
        "recall_at_100": 0.12482,
        "recall_at_1000": 0.46574,
        "recall_at_20": 0.03915,
        "recall_at_3": 0.01102,
        "recall_at_5": 0.01679
      }
    ]
  },
  "task_name": "NFCorpus"
}