{
  "dataset_revision": "ec0fa4fe99da2ff19ca1214b7966684033a58814",
  "evaluation_time": 2.983778715133667,
  "kg_co2_emissions": null,
  "mteb_version": "1.14.12",
  "scores": {
    "test": [
      {
        "hf_subset": "default",
        "languages": [
          "eng-Latn"
        ],
        "main_score": 0.01558,
        "map_at_1": 0.00085,
        "map_at_10": 0.00174,
        "map_at_100": 0.00326,
        "map_at_1000": 0.00797,
        "map_at_20": 0.00204,
        "map_at_3": 0.0011,
        "map_at_5": 0.00142,
        "mrr_at_1": 0.021671826625386997,
        "mrr_at_10": 0.045879404393336265,
        "mrr_at_100": 0.05638492126191312,
        "mrr_at_1000": 0.05820051005057425,
        "mrr_at_20": 0.05069909102273065,
        "mrr_at_3": 0.031991744066047476,
        "mrr_at_5": 0.04112487100103199,
        "nauc_map_at_1000_diff1": 0.15217579532790768,
        "nauc_map_at_1000_max": -0.11244945500810509,
        "nauc_map_at_1000_std": 0.23252813405457692,
        "nauc_map_at_100_diff1": 0.1919576601600262,
        "nauc_map_at_100_max": -0.20314166221173552,
        "nauc_map_at_100_std": 0.351097361638194,
        "nauc_map_at_10_diff1": 0.22157130131032737,
        "nauc_map_at_10_max": -0.26204204616219673,
        "nauc_map_at_10_std": 0.4178633339608045,
        "nauc_map_at_1_diff1": 0.23986767209181298,
        "nauc_map_at_1_max": -0.4116050486531365,
        "nauc_map_at_1_std": 0.6122767281064002,
        "nauc_map_at_20_diff1": 0.20285008997722567,
        "nauc_map_at_20_max": -0.21007237229086176,
        "nauc_map_at_20_std": 0.36786637075437295,
        "nauc_map_at_3_diff1": 0.22058915718106475,
        "nauc_map_at_3_max": -0.2826833928562255,
        "nauc_map_at_3_std": 0.46749209615111503,
        "nauc_map_at_5_diff1": 0.2601249373366713,
        "nauc_map_at_5_max": -0.30032759721341024,
        "nauc_map_at_5_std": 0.4801603623456351,
        "nauc_mrr_at_1000_diff1": 0.07257904714664201,
        "nauc_mrr_at_1000_max": -0.18164831493564307,
        "nauc_mrr_at_1000_std": 0.23885695905699653,
        "nauc_mrr_at_100_diff1": 0.0714268099340094,
        "nauc_mrr_at_100_max": -0.1810466476790901,
        "nauc_mrr_at_100_std": 0.2386541388054627,
        "nauc_mrr_at_10_diff1": 0.08546679253317972,
        "nauc_mrr_at_10_max": -0.217149709902997,
        "nauc_mrr_at_10_std": 0.2716503764185257,
        "nauc_mrr_at_1_diff1": 0.04635578330190205,
        "nauc_mrr_at_1_max": -0.40939517747846305,
        "nauc_mrr_at_1_std": 0.452013724389082,
        "nauc_mrr_at_20_diff1": 0.07892645581558184,
        "nauc_mrr_at_20_max": -0.18812037764518383,
        "nauc_mrr_at_20_std": 0.24560672266286884,
        "nauc_mrr_at_3_diff1": 0.06400729395387306,
        "nauc_mrr_at_3_max": -0.2733164491285015,
        "nauc_mrr_at_3_std": 0.3340330832213436,
        "nauc_mrr_at_5_diff1": 0.09605795244617445,
        "nauc_mrr_at_5_max": -0.2502005745208828,
        "nauc_mrr_at_5_std": 0.32021867592270137,
        "nauc_ndcg_at_1000_diff1": 0.15084726951214728,
        "nauc_ndcg_at_1000_max": -0.03937166139509542,
        "nauc_ndcg_at_1000_std": 0.13202855428150825,
        "nauc_ndcg_at_100_diff1": 0.1014918664626702,
        "nauc_ndcg_at_100_max": -0.10184289062002995,
        "nauc_ndcg_at_100_std": 0.18819715328640454,
        "nauc_ndcg_at_10_diff1": 0.08961587912296085,
        "nauc_ndcg_at_10_max": -0.157230118326198,
        "nauc_ndcg_at_10_std": 0.21334421858620434,
        "nauc_ndcg_at_1_diff1": 0.1106318994217392,
        "nauc_ndcg_at_1_max": -0.4402059440790867,
        "nauc_ndcg_at_1_std": 0.497359332178889,
        "nauc_ndcg_at_20_diff1": 0.13164102923127116,
        "nauc_ndcg_at_20_max": -0.11603116570106746,
        "nauc_ndcg_at_20_std": 0.19807424005597216,
        "nauc_ndcg_at_3_diff1": 0.11016128529323656,
        "nauc_ndcg_at_3_max": -0.2331935634461262,
        "nauc_ndcg_at_3_std": 0.3103951486679337,
        "nauc_ndcg_at_5_diff1": 0.1262097945854595,
        "nauc_ndcg_at_5_max": -0.2157925112236043,
        "nauc_ndcg_at_5_std": 0.28559515186894163,
        "nauc_precision_at_1000_diff1": 0.020353405763412095,
        "nauc_precision_at_1000_max": 0.016222239876494616,
        "nauc_precision_at_1000_std": 0.03563424671881194,
        "nauc_precision_at_100_diff1": 0.03798096966912075,
        "nauc_precision_at_100_max": -0.012002533388150171,
        "nauc_precision_at_100_std": 0.0528934309680991,
        "nauc_precision_at_10_diff1": 0.0755450184020227,
        "nauc_precision_at_10_max": -0.10828890799988294,
        "nauc_precision_at_10_std": 0.1490293282934026,
        "nauc_precision_at_1_diff1": 0.04635578330190205,
        "nauc_precision_at_1_max": -0.40939517747846305,
        "nauc_precision_at_1_std": 0.452013724389082,
        "nauc_precision_at_20_diff1": 0.13708576184573854,
        "nauc_precision_at_20_max": -0.0469440213266378,
        "nauc_precision_at_20_std": 0.12451189873547208,
        "nauc_precision_at_3_diff1": 0.11901913216256808,
        "nauc_precision_at_3_max": -0.1728240127650443,
        "nauc_precision_at_3_std": 0.2593861295420241,
        "nauc_precision_at_5_diff1": 0.14322686368316329,
        "nauc_precision_at_5_max": -0.19118044679587043,
        "nauc_precision_at_5_std": 0.26738289494004114,
        "nauc_recall_at_1000_diff1": 0.17189933943424368,
        "nauc_recall_at_1000_max": -0.03745347878689177,
        "nauc_recall_at_1000_std": 0.11720032743180324,
        "nauc_recall_at_100_diff1": 0.0736334664505216,
        "nauc_recall_at_100_max": -0.0921031074617527,
        "nauc_recall_at_100_std": 0.16636990187569528,
        "nauc_recall_at_10_diff1": 0.1839426533970054,
        "nauc_recall_at_10_max": -0.16510313161783594,
        "nauc_recall_at_10_std": 0.2508933666200839,
        "nauc_recall_at_1_diff1": 0.23986767209181298,
        "nauc_recall_at_1_max": -0.4116050486531365,
        "nauc_recall_at_1_std": 0.6122767281064002,
        "nauc_recall_at_20_diff1": 0.09645193219453485,
        "nauc_recall_at_20_max": -0.012636148430350675,
        "nauc_recall_at_20_std": 0.11999260223016829,
        "nauc_recall_at_3_diff1": 0.2187709095850452,
        "nauc_recall_at_3_max": -0.19672332599611156,
        "nauc_recall_at_3_std": 0.36792227061013194,
        "nauc_recall_at_5_diff1": 0.3274056068478751,
        "nauc_recall_at_5_max": -0.2666174241349933,
        "nauc_recall_at_5_std": 0.44201643274336155,
        "ndcg_at_1": 0.01703,
        "ndcg_at_10": 0.01558,
        "ndcg_at_100": 0.02652,
        "ndcg_at_1000": 0.11718,
        "ndcg_at_20": 0.0166,
        "ndcg_at_3": 0.01453,
        "ndcg_at_5": 0.01677,
        "precision_at_1": 0.02167,
        "precision_at_10": 0.01579,
        "precision_at_100": 0.01288,
        "precision_at_1000": 0.01218,
        "precision_at_20": 0.01563,
        "precision_at_3": 0.01651,
        "precision_at_5": 0.0192,
        "recall_at_1": 0.00085,
        "recall_at_10": 0.0048,
        "recall_at_100": 0.04137,
        "recall_at_1000": 0.35646,
        "recall_at_20": 0.00807,
        "recall_at_3": 0.00143,
        "recall_at_5": 0.00279
      }
    ]
  },
  "task_name": "NFCorpus"
}