{
  "dataset_revision": "ec0fa4fe99da2ff19ca1214b7966684033a58814",
  "evaluation_time": 3.01253080368042,
  "kg_co2_emissions": null,
  "mteb_version": "1.14.12",
  "scores": {
    "test": [
      {
        "hf_subset": "default",
        "languages": [
          "eng-Latn"
        ],
        "main_score": 0.00814,
        "map_at_1": 0.00021,
        "map_at_10": 0.00058,
        "map_at_100": 0.00227,
        "map_at_1000": 0.00709,
        "map_at_20": 0.00081,
        "map_at_3": 0.00034,
        "map_at_5": 0.00046,
        "mrr_at_1": 0.009287925696594427,
        "mrr_at_10": 0.022998673153471913,
        "mrr_at_100": 0.03664498530087234,
        "mrr_at_1000": 0.038100310820417635,
        "mrr_at_20": 0.02871269198297157,
        "mrr_at_3": 0.01496388028895769,
        "mrr_at_5": 0.017905056759545922,
        "nauc_map_at_1000_diff1": 0.06952476140323122,
        "nauc_map_at_1000_max": 0.047468175577557704,
        "nauc_map_at_1000_std": 0.0732675832882163,
        "nauc_map_at_100_diff1": 0.1544812765371574,
        "nauc_map_at_100_max": -0.10272720536978619,
        "nauc_map_at_100_std": 0.1832354122991174,
        "nauc_map_at_10_diff1": 0.11757084786465298,
        "nauc_map_at_10_max": -0.14381390816183842,
        "nauc_map_at_10_std": 0.15265170940785788,
        "nauc_map_at_1_diff1": -0.34591937952312046,
        "nauc_map_at_1_max": 0.03524242503691953,
        "nauc_map_at_1_std": -0.05822806397074525,
        "nauc_map_at_20_diff1": 0.04203433773222965,
        "nauc_map_at_20_max": -0.069611367987638,
        "nauc_map_at_20_std": 0.1097006693896658,
        "nauc_map_at_3_diff1": 0.11429878440494647,
        "nauc_map_at_3_max": -0.13891272369073535,
        "nauc_map_at_3_std": 0.2944571013750295,
        "nauc_map_at_5_diff1": 0.1567225340964227,
        "nauc_map_at_5_max": -0.1948846711988343,
        "nauc_map_at_5_std": 0.1938208851877338,
        "nauc_mrr_at_1000_diff1": -0.08509262609543353,
        "nauc_mrr_at_1000_max": 0.014021639295682961,
        "nauc_mrr_at_1000_std": 0.0180949587234041,
        "nauc_mrr_at_100_diff1": -0.0844626647316138,
        "nauc_mrr_at_100_max": 0.012880311314496106,
        "nauc_mrr_at_100_std": 0.020235582737789796,
        "nauc_mrr_at_10_diff1": -0.1022382193483297,
        "nauc_mrr_at_10_max": -0.014453025705587185,
        "nauc_mrr_at_10_std": 0.025371522346223755,
        "nauc_mrr_at_1_diff1": -0.34077601278095104,
        "nauc_mrr_at_1_max": -0.0846796146723921,
        "nauc_mrr_at_1_std": -0.025381241722804686,
        "nauc_mrr_at_20_diff1": -0.10945099387673381,
        "nauc_mrr_at_20_max": 0.0200448348424625,
        "nauc_mrr_at_20_std": 0.01910928163533454,
        "nauc_mrr_at_3_diff1": -0.17020241702701294,
        "nauc_mrr_at_3_max": -0.053595153027154424,
        "nauc_mrr_at_3_std": 0.05528894482723044,
        "nauc_mrr_at_5_diff1": -0.11011810802833075,
        "nauc_mrr_at_5_max": -0.043822247072980575,
        "nauc_mrr_at_5_std": 0.05384510362696351,
        "nauc_ndcg_at_1000_diff1": 0.06305383865555546,
        "nauc_ndcg_at_1000_max": 0.10026828682877803,
        "nauc_ndcg_at_1000_std": 0.014615042092147092,
        "nauc_ndcg_at_100_diff1": 0.10281144568208488,
        "nauc_ndcg_at_100_max": 0.013871231253696286,
        "nauc_ndcg_at_100_std": 0.08334267777014845,
        "nauc_ndcg_at_10_diff1": -0.0047671365861244284,
        "nauc_ndcg_at_10_max": -0.03251448274781218,
        "nauc_ndcg_at_10_std": 0.05422566858477381,
        "nauc_ndcg_at_1_diff1": -0.3350588966319096,
        "nauc_ndcg_at_1_max": -0.18823901498291748,
        "nauc_ndcg_at_1_std": 0.005709686565853853,
        "nauc_ndcg_at_20_diff1": -0.05025504851615841,
        "nauc_ndcg_at_20_max": 0.026798618639258715,
        "nauc_ndcg_at_20_std": 0.03686444269408182,
        "nauc_ndcg_at_3_diff1": -0.06937073587501608,
        "nauc_ndcg_at_3_max": -0.08111602372703168,
        "nauc_ndcg_at_3_std": 0.10536241324851758,
        "nauc_ndcg_at_5_diff1": -0.0006138024704078442,
        "nauc_ndcg_at_5_max": -0.056065496763004985,
        "nauc_ndcg_at_5_std": 0.08003426689815801,
        "nauc_precision_at_1000_diff1": 0.03287628406253368,
        "nauc_precision_at_1000_max": 0.14474778148660022,
        "nauc_precision_at_1000_std": -0.008912846700691633,
        "nauc_precision_at_100_diff1": 0.03088391705088612,
        "nauc_precision_at_100_max": 0.11655476664213878,
        "nauc_precision_at_100_std": 0.010389155538145085,
        "nauc_precision_at_10_diff1": 0.012605711080804662,
        "nauc_precision_at_10_max": 0.0044511837119582155,
        "nauc_precision_at_10_std": 0.046881310404273076,
        "nauc_precision_at_1_diff1": -0.34077601278095104,
        "nauc_precision_at_1_max": -0.0846796146723921,
        "nauc_precision_at_1_std": -0.025381241722804686,
        "nauc_precision_at_20_diff1": -0.07012162097843712,
        "nauc_precision_at_20_max": 0.06963243170459504,
        "nauc_precision_at_20_std": 0.026732974811094955,
        "nauc_precision_at_3_diff1": -0.02701011048084807,
        "nauc_precision_at_3_max": -0.029252777922399706,
        "nauc_precision_at_3_std": 0.09901020508431799,
        "nauc_precision_at_5_diff1": 0.04932154029024394,
        "nauc_precision_at_5_max": -0.006645750407168403,
        "nauc_precision_at_5_std": 0.07543310513457384,
        "nauc_recall_at_1000_diff1": 0.14103296627072828,
        "nauc_recall_at_1000_max": 0.049711530100151925,
        "nauc_recall_at_1000_std": 0.0780302163567813,
        "nauc_recall_at_100_diff1": 0.1904465224629283,
        "nauc_recall_at_100_max": -0.08152867037110838,
        "nauc_recall_at_100_std": 0.1477064153089376,
        "nauc_recall_at_10_diff1": 0.18416799015364474,
        "nauc_recall_at_10_max": -0.11114369272510276,
        "nauc_recall_at_10_std": 0.13569501325994815,
        "nauc_recall_at_1_diff1": -0.34591937952312046,
        "nauc_recall_at_1_max": 0.03524242503691953,
        "nauc_recall_at_1_std": -0.05822806397074525,
        "nauc_recall_at_20_diff1": -0.034902021242023545,
        "nauc_recall_at_20_max": 0.0593471098222798,
        "nauc_recall_at_20_std": 0.02381163128354585,
        "nauc_recall_at_3_diff1": 0.43206366773153015,
        "nauc_recall_at_3_max": -0.2584331794691313,
        "nauc_recall_at_3_std": 0.5355644409302985,
        "nauc_recall_at_5_diff1": 0.36148112706342606,
        "nauc_recall_at_5_max": -0.298076783795096,
        "nauc_recall_at_5_std": 0.25641977524540355,
        "ndcg_at_1": 0.00619,
        "ndcg_at_10": 0.00814,
        "ndcg_at_100": 0.02585,
        "ndcg_at_1000": 0.11111,
        "ndcg_at_20": 0.01016,
        "ndcg_at_3": 0.00673,
        "ndcg_at_5": 0.00692,
        "precision_at_1": 0.00929,
        "precision_at_10": 0.00898,
        "precision_at_100": 0.01418,
        "precision_at_1000": 0.01203,
        "precision_at_20": 0.01068,
        "precision_at_3": 0.00826,
        "precision_at_5": 0.00743,
        "recall_at_1": 0.00021,
        "recall_at_10": 0.00198,
        "recall_at_100": 0.04512,
        "recall_at_1000": 0.33394,
        "recall_at_20": 0.00527,
        "recall_at_3": 0.0006,
        "recall_at_5": 0.00109
      }
    ]
  },
  "task_name": "NFCorpus"
}