{
  "dataset_revision": "ec0fa4fe99da2ff19ca1214b7966684033a58814",
  "evaluation_time": 3.00943922996521,
  "kg_co2_emissions": null,
  "mteb_version": "1.14.12",
  "scores": {
    "test": [
      {
        "hf_subset": "default",
        "languages": [
          "eng-Latn"
        ],
        "main_score": 0.01118,
        "map_at_1": 8e-05,
        "map_at_10": 0.0005,
        "map_at_100": 0.0017,
        "map_at_1000": 0.00571,
        "map_at_20": 0.00071,
        "map_at_3": 0.00018,
        "map_at_5": 0.00027,
        "mrr_at_1": 0.015479876160990712,
        "mrr_at_10": 0.028416629809818666,
        "mrr_at_100": 0.0387560077861212,
        "mrr_at_1000": 0.040537653372968836,
        "mrr_at_20": 0.03247098826084535,
        "mrr_at_3": 0.020123839009287926,
        "mrr_at_5": 0.022755417956656348,
        "nauc_map_at_1000_diff1": 0.03586437847103526,
        "nauc_map_at_1000_max": -0.07994432265813192,
        "nauc_map_at_1000_std": 0.1344306719962255,
        "nauc_map_at_100_diff1": 0.09006966314037827,
        "nauc_map_at_100_max": -0.11580524222866237,
        "nauc_map_at_100_std": 0.18702857140028914,
        "nauc_map_at_10_diff1": 0.2027412365147874,
        "nauc_map_at_10_max": -0.06713771121521489,
        "nauc_map_at_10_std": 0.3252389613435592,
        "nauc_map_at_1_diff1": -0.18103177685568891,
        "nauc_map_at_1_max": -0.2939120746711393,
        "nauc_map_at_1_std": -0.038983098594172316,
        "nauc_map_at_20_diff1": 0.2155849636194441,
        "nauc_map_at_20_max": -0.10597877787834377,
        "nauc_map_at_20_std": 0.32161067067510735,
        "nauc_map_at_3_diff1": -0.07413056983362167,
        "nauc_map_at_3_max": 0.05769177646498856,
        "nauc_map_at_3_std": 0.03532646986239458,
        "nauc_map_at_5_diff1": -0.030317463095654477,
        "nauc_map_at_5_max": 0.17789582301661191,
        "nauc_map_at_5_std": 0.04949035394346153,
        "nauc_mrr_at_1000_diff1": -0.017079235543706495,
        "nauc_mrr_at_1000_max": 0.1163259087669083,
        "nauc_mrr_at_1000_std": 0.01093169894340518,
        "nauc_mrr_at_100_diff1": -0.015611603656668737,
        "nauc_mrr_at_100_max": 0.11342357671309511,
        "nauc_mrr_at_100_std": 0.009614647339703266,
        "nauc_mrr_at_10_diff1": 0.0005422528378177486,
        "nauc_mrr_at_10_max": 0.16993059142724748,
        "nauc_mrr_at_10_std": 0.03520794274741787,
        "nauc_mrr_at_1_diff1": 0.01875969282028591,
        "nauc_mrr_at_1_max": 0.24915569495499076,
        "nauc_mrr_at_1_std": -0.023331956334923496,
        "nauc_mrr_at_20_diff1": -0.002709819460720844,
        "nauc_mrr_at_20_max": 0.13777190529062916,
        "nauc_mrr_at_20_std": 0.020605547516218754,
        "nauc_mrr_at_3_diff1": -0.016364640804624537,
        "nauc_mrr_at_3_max": 0.20494517464178072,
        "nauc_mrr_at_3_std": 0.006572761670133615,
        "nauc_mrr_at_5_diff1": 0.025394401620963587,
        "nauc_mrr_at_5_max": 0.22416918463999436,
        "nauc_mrr_at_5_std": -0.01197158252513138,
        "nauc_ndcg_at_1000_diff1": -0.07852066907413065,
        "nauc_ndcg_at_1000_max": -0.06537815054252431,
        "nauc_ndcg_at_1000_std": 0.10732699169243881,
        "nauc_ndcg_at_100_diff1": -0.0025954070131374274,
        "nauc_ndcg_at_100_max": -0.05851341284136567,
        "nauc_ndcg_at_100_std": 0.05606511326093546,
        "nauc_ndcg_at_10_diff1": 0.09505541141065152,
        "nauc_ndcg_at_10_max": 0.09602546585991752,
        "nauc_ndcg_at_10_std": 0.11006078145976779,
        "nauc_ndcg_at_1_diff1": 0.24995712828645464,
        "nauc_ndcg_at_1_max": 0.14149630935205726,
        "nauc_ndcg_at_1_std": 0.06750787828295872,
        "nauc_ndcg_at_20_diff1": 0.11496093718935932,
        "nauc_ndcg_at_20_max": 0.03011187227672709,
        "nauc_ndcg_at_20_std": 0.09391019618739,
        "nauc_ndcg_at_3_diff1": 0.18445674334747209,
        "nauc_ndcg_at_3_max": 0.20169778625264217,
        "nauc_ndcg_at_3_std": 0.07050716338296296,
        "nauc_ndcg_at_5_diff1": 0.1265129917490697,
        "nauc_ndcg_at_5_max": 0.25390832350509185,
        "nauc_ndcg_at_5_std": 0.0365697923100215,
        "nauc_precision_at_1000_diff1": 0.025373953574881404,
        "nauc_precision_at_1000_max": -0.029670171515291655,
        "nauc_precision_at_1000_std": 0.0009561912560882705,
        "nauc_precision_at_100_diff1": 0.021959855874477734,
        "nauc_precision_at_100_max": -0.04116580988085298,
        "nauc_precision_at_100_std": 0.02787455073711348,
        "nauc_precision_at_10_diff1": 0.0470041592431604,
        "nauc_precision_at_10_max": 0.03300914939213503,
        "nauc_precision_at_10_std": 0.13539834190286426,
        "nauc_precision_at_1_diff1": 0.1669129656608491,
        "nauc_precision_at_1_max": 0.061444618693738434,
        "nauc_precision_at_1_std": 0.050311941627541705,
        "nauc_precision_at_20_diff1": 0.08102720573674187,
        "nauc_precision_at_20_max": -0.014821691127147374,
        "nauc_precision_at_20_std": 0.08090662847326477,
        "nauc_precision_at_3_diff1": 0.16144652318005023,
        "nauc_precision_at_3_max": 0.1779486658280227,
        "nauc_precision_at_3_std": 0.060843620549041195,
        "nauc_precision_at_5_diff1": 0.09128251005277632,
        "nauc_precision_at_5_max": 0.25670381686585375,
        "nauc_precision_at_5_std": 0.013483248619425414,
        "nauc_recall_at_1000_diff1": -0.12662483879417585,
        "nauc_recall_at_1000_max": -0.13867996309072167,
        "nauc_recall_at_1000_std": 0.17275135707029923,
        "nauc_recall_at_100_diff1": -0.10659151387419497,
        "nauc_recall_at_100_max": -0.12030302694835583,
        "nauc_recall_at_100_std": -0.02373539833620359,
        "nauc_recall_at_10_diff1": 0.2639226397959596,
        "nauc_recall_at_10_max": -0.10696477153889082,
        "nauc_recall_at_10_std": 0.4366238887644644,
        "nauc_recall_at_1_diff1": -0.18103177685568891,
        "nauc_recall_at_1_max": -0.2939120746711393,
        "nauc_recall_at_1_std": -0.038983098594172316,
        "nauc_recall_at_20_diff1": 0.22610266998713532,
        "nauc_recall_at_20_max": -0.14317315930194105,
        "nauc_recall_at_20_std": 0.3304193348704239,
        "nauc_recall_at_3_diff1": -0.020522139709936955,
        "nauc_recall_at_3_max": 0.14269518758311767,
        "nauc_recall_at_3_std": 0.04940955265313904,
        "nauc_recall_at_5_diff1": 0.030442862506994527,
        "nauc_recall_at_5_max": 0.3641437000384996,
        "nauc_recall_at_5_std": 0.02757585332341993,
        "ndcg_at_1": 0.01084,
        "ndcg_at_10": 0.01118,
        "ndcg_at_100": 0.02121,
        "ndcg_at_1000": 0.10276,
        "ndcg_at_20": 0.01188,
        "ndcg_at_3": 0.01093,
        "ndcg_at_5": 0.01048,
        "precision_at_1": 0.01238,
        "precision_at_10": 0.01207,
        "precision_at_100": 0.01248,
        "precision_at_1000": 0.01152,
        "precision_at_20": 0.01254,
        "precision_at_3": 0.01135,
        "precision_at_5": 0.01053,
        "recall_at_1": 8e-05,
        "recall_at_10": 0.00211,
        "recall_at_100": 0.036,
        "recall_at_1000": 0.32312,
        "recall_at_20": 0.00416,
        "recall_at_3": 0.00032,
        "recall_at_5": 0.0006
      }
    ]
  },
  "task_name": "NFCorpus"
}