{
  "dataset_revision": "ec0fa4fe99da2ff19ca1214b7966684033a58814",
  "evaluation_time": 3.0006935596466064,
  "kg_co2_emissions": null,
  "mteb_version": "1.14.12",
  "scores": {
    "test": [
      {
        "hf_subset": "default",
        "languages": [
          "eng-Latn"
        ],
        "main_score": 0.29688,
        "map_at_1": 0.04202,
        "map_at_10": 0.10515,
        "map_at_100": 0.13431,
        "map_at_1000": 0.14803,
        "map_at_20": 0.11673,
        "map_at_3": 0.07622,
        "map_at_5": 0.0893,
        "mrr_at_1": 0.3993808049535604,
        "mrr_at_10": 0.48882254656248475,
        "mrr_at_100": 0.4951900004661591,
        "mrr_at_1000": 0.4957606458131429,
        "mrr_at_20": 0.49253449394493615,
        "mrr_at_3": 0.46852425180598556,
        "mrr_at_5": 0.48059855521155836,
        "nauc_map_at_1000_diff1": 0.09213685113796982,
        "nauc_map_at_1000_max": 0.265749803057937,
        "nauc_map_at_1000_std": 0.16872283999029405,
        "nauc_map_at_100_diff1": 0.11128633915658204,
        "nauc_map_at_100_max": 0.25497584811606994,
        "nauc_map_at_100_std": 0.12921116435933258,
        "nauc_map_at_10_diff1": 0.1528262412564776,
        "nauc_map_at_10_max": 0.2091200575552893,
        "nauc_map_at_10_std": 0.014077747250727664,
        "nauc_map_at_1_diff1": 0.2920455251701036,
        "nauc_map_at_1_max": 0.08636864256537267,
        "nauc_map_at_1_std": -0.11110502254644196,
        "nauc_map_at_20_diff1": 0.13641001417154042,
        "nauc_map_at_20_max": 0.22741429992523474,
        "nauc_map_at_20_std": 0.05589419750249444,
        "nauc_map_at_3_diff1": 0.16670846642583395,
        "nauc_map_at_3_max": 0.14014888642335546,
        "nauc_map_at_3_std": -0.05058815195278566,
        "nauc_map_at_5_diff1": 0.17348422256560814,
        "nauc_map_at_5_max": 0.16749580095818578,
        "nauc_map_at_5_std": -0.038731194611142,
        "nauc_mrr_at_1000_diff1": 0.27294216454226333,
        "nauc_mrr_at_1000_max": 0.4063953107186798,
        "nauc_mrr_at_1000_std": 0.21118952634216834,
        "nauc_mrr_at_100_diff1": 0.2733665512939935,
        "nauc_mrr_at_100_max": 0.4068042073003432,
        "nauc_mrr_at_100_std": 0.21186564796748722,
        "nauc_mrr_at_10_diff1": 0.27532487110403286,
        "nauc_mrr_at_10_max": 0.40547728430767704,
        "nauc_mrr_at_10_std": 0.20903087503859938,
        "nauc_mrr_at_1_diff1": 0.2869364937546408,
        "nauc_mrr_at_1_max": 0.3500153371020591,
        "nauc_mrr_at_1_std": 0.12139279234917223,
        "nauc_mrr_at_20_diff1": 0.2717357087445955,
        "nauc_mrr_at_20_max": 0.4051143179557189,
        "nauc_mrr_at_20_std": 0.21001847530636555,
        "nauc_mrr_at_3_diff1": 0.26414863820896745,
        "nauc_mrr_at_3_max": 0.3995285066120175,
        "nauc_mrr_at_3_std": 0.20107132631956137,
        "nauc_mrr_at_5_diff1": 0.2653343130938027,
        "nauc_mrr_at_5_max": 0.39670407255815965,
        "nauc_mrr_at_5_std": 0.19902869949521956,
        "nauc_ndcg_at_1000_diff1": 0.11817598198630062,
        "nauc_ndcg_at_1000_max": 0.42314819782050783,
        "nauc_ndcg_at_1000_std": 0.3484787632788824,
        "nauc_ndcg_at_100_diff1": 0.12081123066473794,
        "nauc_ndcg_at_100_max": 0.3479706381618608,
        "nauc_ndcg_at_100_std": 0.2607958028430985,
        "nauc_ndcg_at_10_diff1": 0.1017920563428267,
        "nauc_ndcg_at_10_max": 0.32350148561845354,
        "nauc_ndcg_at_10_std": 0.25090226454165476,
        "nauc_ndcg_at_1_diff1": 0.2931937749127546,
        "nauc_ndcg_at_1_max": 0.3272105712272517,
        "nauc_ndcg_at_1_std": 0.12597959349440188,
        "nauc_ndcg_at_20_diff1": 0.08013277255907712,
        "nauc_ndcg_at_20_max": 0.3059701238926323,
        "nauc_ndcg_at_20_std": 0.2473061206234921,
        "nauc_ndcg_at_3_diff1": 0.15636410845240403,
        "nauc_ndcg_at_3_max": 0.3235747425024479,
        "nauc_ndcg_at_3_std": 0.20000668265138097,
        "nauc_ndcg_at_5_diff1": 0.13503811117096395,
        "nauc_ndcg_at_5_max": 0.32037807312053074,
        "nauc_ndcg_at_5_std": 0.21358301567087298,
        "nauc_precision_at_1000_diff1": -0.17438884700102214,
        "nauc_precision_at_1000_max": 0.07713776753194668,
        "nauc_precision_at_1000_std": 0.316163174824709,
        "nauc_precision_at_100_diff1": -0.1477141458441754,
        "nauc_precision_at_100_max": 0.18751436944203395,
        "nauc_precision_at_100_std": 0.42992264193026264,
        "nauc_precision_at_10_diff1": -0.022155139672014122,
        "nauc_precision_at_10_max": 0.34375483176994526,
        "nauc_precision_at_10_std": 0.38018724603302534,
        "nauc_precision_at_1_diff1": 0.2959005132356285,
        "nauc_precision_at_1_max": 0.34905773802070594,
        "nauc_precision_at_1_std": 0.12463036544187568,
        "nauc_precision_at_20_diff1": -0.08772536790711381,
        "nauc_precision_at_20_max": 0.2794380147773746,
        "nauc_precision_at_20_std": 0.4097144205561686,
        "nauc_precision_at_3_diff1": 0.08458938386895076,
        "nauc_precision_at_3_max": 0.3537586996066368,
        "nauc_precision_at_3_std": 0.25891599019810374,
        "nauc_precision_at_5_diff1": 0.043495988506396244,
        "nauc_precision_at_5_max": 0.35203949594729905,
        "nauc_precision_at_5_std": 0.28718275674511595,
        "nauc_recall_at_1000_diff1": 0.05026486681761705,
        "nauc_recall_at_1000_max": 0.2592754690164053,
        "nauc_recall_at_1000_std": 0.2644492306463236,
        "nauc_recall_at_100_diff1": 0.10892649727450424,
        "nauc_recall_at_100_max": 0.23393412042647643,
        "nauc_recall_at_100_std": 0.16758543309133453,
        "nauc_recall_at_10_diff1": 0.12208510894385921,
        "nauc_recall_at_10_max": 0.14862367463866724,
        "nauc_recall_at_10_std": -0.00680402970961396,
        "nauc_recall_at_1_diff1": 0.2920455251701036,
        "nauc_recall_at_1_max": 0.08636864256537267,
        "nauc_recall_at_1_std": -0.11110502254644196,
        "nauc_recall_at_20_diff1": 0.09632283644547703,
        "nauc_recall_at_20_max": 0.151390075916698,
        "nauc_recall_at_20_std": 0.01846231559979022,
        "nauc_recall_at_3_diff1": 0.11014740068122555,
        "nauc_recall_at_3_max": 0.10599519999654484,
        "nauc_recall_at_3_std": -0.06424726722547389,
        "nauc_recall_at_5_diff1": 0.13776463109949172,
        "nauc_recall_at_5_max": 0.11278980879468686,
        "nauc_recall_at_5_std": -0.05911519625516292,
        "ndcg_at_1": 0.37771,
        "ndcg_at_10": 0.29688,
        "ndcg_at_100": 0.27828,
        "ndcg_at_1000": 0.36908,
        "ndcg_at_20": 0.27879,
        "ndcg_at_3": 0.34374,
        "ndcg_at_5": 0.32352,
        "precision_at_1": 0.39628,
        "precision_at_10": 0.22322,
        "precision_at_100": 0.07418,
        "precision_at_1000": 0.02035,
        "precision_at_20": 0.16502,
        "precision_at_3": 0.32611,
        "precision_at_5": 0.28421,
        "recall_at_1": 0.04202,
        "recall_at_10": 0.14622,
        "recall_at_100": 0.29143,
        "recall_at_1000": 0.61596,
        "recall_at_20": 0.18665,
        "recall_at_3": 0.09062,
        "recall_at_5": 0.11309
      }
    ]
  },
  "task_name": "NFCorpus"
}