{
  "dataset_revision": "ec0fa4fe99da2ff19ca1214b7966684033a58814",
  "evaluation_time": 3.040771245956421,
  "kg_co2_emissions": null,
  "mteb_version": "1.14.12",
  "scores": {
    "test": [
      {
        "hf_subset": "default",
        "languages": [
          "eng-Latn"
        ],
        "main_score": 0.02607,
        "map_at_1": 0.00045,
        "map_at_10": 0.00279,
        "map_at_100": 0.00573,
        "map_at_1000": 0.0121,
        "map_at_20": 0.00348,
        "map_at_3": 0.00117,
        "map_at_5": 0.00181,
        "mrr_at_1": 0.02476780185758514,
        "mrr_at_10": 0.058039707110914544,
        "mrr_at_100": 0.06835059345247774,
        "mrr_at_1000": 0.07022720786924784,
        "mrr_at_20": 0.06264106631609916,
        "mrr_at_3": 0.0412796697626419,
        "mrr_at_5": 0.05010319917440661,
        "nauc_map_at_1000_diff1": -0.06119751766910942,
        "nauc_map_at_1000_max": 0.2073522066504162,
        "nauc_map_at_1000_std": -0.05469027542048816,
        "nauc_map_at_100_diff1": -0.056604879911329745,
        "nauc_map_at_100_max": 0.3077018953798868,
        "nauc_map_at_100_std": -0.08120365492194505,
        "nauc_map_at_10_diff1": 0.05353433351986652,
        "nauc_map_at_10_max": 0.3477452988043769,
        "nauc_map_at_10_std": -0.13003476432663308,
        "nauc_map_at_1_diff1": 0.3919992010216967,
        "nauc_map_at_1_max": 0.34770836185222564,
        "nauc_map_at_1_std": -0.15306503470513172,
        "nauc_map_at_20_diff1": -0.01134819165306776,
        "nauc_map_at_20_max": 0.3379919320343131,
        "nauc_map_at_20_std": -0.10864309240479227,
        "nauc_map_at_3_diff1": 0.07183529750232538,
        "nauc_map_at_3_max": 0.24480177896066607,
        "nauc_map_at_3_std": -0.10140847502152557,
        "nauc_map_at_5_diff1": 0.03610206518380499,
        "nauc_map_at_5_max": 0.424619854368263,
        "nauc_map_at_5_std": -0.15684683975382466,
        "nauc_mrr_at_1000_diff1": -0.011201487630055951,
        "nauc_mrr_at_1000_max": 0.14431929469940274,
        "nauc_mrr_at_1000_std": -0.07283069469291747,
        "nauc_mrr_at_100_diff1": -0.01211379877232994,
        "nauc_mrr_at_100_max": 0.14309384456022545,
        "nauc_mrr_at_100_std": -0.07154235078658493,
        "nauc_mrr_at_10_diff1": -0.0033449243744681895,
        "nauc_mrr_at_10_max": 0.15195617086521593,
        "nauc_mrr_at_10_std": -0.0719328055219043,
        "nauc_mrr_at_1_diff1": 0.1240968663674378,
        "nauc_mrr_at_1_max": 0.1984450086756099,
        "nauc_mrr_at_1_std": -0.14763217545600124,
        "nauc_mrr_at_20_diff1": -0.01867813177117021,
        "nauc_mrr_at_20_max": 0.13876324379553487,
        "nauc_mrr_at_20_std": -0.0708062813214307,
        "nauc_mrr_at_3_diff1": 0.012101691966428657,
        "nauc_mrr_at_3_max": 0.16010501847482264,
        "nauc_mrr_at_3_std": -0.07214468458522107,
        "nauc_mrr_at_5_diff1": 0.02410960953399172,
        "nauc_mrr_at_5_max": 0.1457180915071565,
        "nauc_mrr_at_5_std": -0.059564833851766495,
        "nauc_ndcg_at_1000_diff1": -0.07255727730477132,
        "nauc_ndcg_at_1000_max": 0.11141299841945725,
        "nauc_ndcg_at_1000_std": -0.07976722798033395,
        "nauc_ndcg_at_100_diff1": -0.07949503777271867,
        "nauc_ndcg_at_100_max": 0.16114504707660188,
        "nauc_ndcg_at_100_std": -0.055634152371789904,
        "nauc_ndcg_at_10_diff1": -0.03743736517390004,
        "nauc_ndcg_at_10_max": 0.13689077495854754,
        "nauc_ndcg_at_10_std": -0.04016769783036532,
        "nauc_ndcg_at_1_diff1": 0.08841835448421971,
        "nauc_ndcg_at_1_max": 0.16772303961293664,
        "nauc_ndcg_at_1_std": -0.15280367948904297,
        "nauc_ndcg_at_20_diff1": -0.0691934767174468,
        "nauc_ndcg_at_20_max": 0.12786948620343958,
        "nauc_ndcg_at_20_std": -0.03911373396882155,
        "nauc_ndcg_at_3_diff1": -0.02986432231141588,
        "nauc_ndcg_at_3_max": 0.11056057293439286,
        "nauc_ndcg_at_3_std": -0.040184976091184856,
        "nauc_ndcg_at_5_diff1": -0.021737801315412773,
        "nauc_ndcg_at_5_max": 0.12906306131931755,
        "nauc_ndcg_at_5_std": -0.02513517122387109,
        "nauc_precision_at_1000_diff1": -0.023518263012659635,
        "nauc_precision_at_1000_max": 0.008194445869550206,
        "nauc_precision_at_1000_std": 0.02824777331613543,
        "nauc_precision_at_100_diff1": -0.07141396605959681,
        "nauc_precision_at_100_max": 0.07520373240174703,
        "nauc_precision_at_100_std": 0.00908478865360247,
        "nauc_precision_at_10_diff1": -0.06539333944463105,
        "nauc_precision_at_10_max": 0.13994007106112022,
        "nauc_precision_at_10_std": -0.0398189657346537,
        "nauc_precision_at_1_diff1": 0.1240968663674378,
        "nauc_precision_at_1_max": 0.1984450086756099,
        "nauc_precision_at_1_std": -0.14763217545600124,
        "nauc_precision_at_20_diff1": -0.10813743238072009,
        "nauc_precision_at_20_max": 0.09537406897778229,
        "nauc_precision_at_20_std": -0.02901060033408435,
        "nauc_precision_at_3_diff1": -0.04854247727337161,
        "nauc_precision_at_3_max": 0.13952592964574692,
        "nauc_precision_at_3_std": -0.02300992047004046,
        "nauc_precision_at_5_diff1": -0.031133716679626725,
        "nauc_precision_at_5_max": 0.14068619313485112,
        "nauc_precision_at_5_std": 0.0006665922953049508,
        "nauc_recall_at_1000_diff1": -0.07350497642051108,
        "nauc_recall_at_1000_max": 0.05428216519413367,
        "nauc_recall_at_1000_std": -0.1020899427406957,
        "nauc_recall_at_100_diff1": -0.11029841209900723,
        "nauc_recall_at_100_max": 0.1563060365675655,
        "nauc_recall_at_100_std": -0.08546908529674718,
        "nauc_recall_at_10_diff1": 0.0031332732781040253,
        "nauc_recall_at_10_max": 0.24980785944847705,
        "nauc_recall_at_10_std": -0.1068620112084995,
        "nauc_recall_at_1_diff1": 0.3919992010216967,
        "nauc_recall_at_1_max": 0.34770836185222564,
        "nauc_recall_at_1_std": -0.15306503470513172,
        "nauc_recall_at_20_diff1": -0.09894392686180038,
        "nauc_recall_at_20_max": 0.21090946374572825,
        "nauc_recall_at_20_std": -0.10182894972568039,
        "nauc_recall_at_3_diff1": -0.04406044755729487,
        "nauc_recall_at_3_max": 0.2257348044948842,
        "nauc_recall_at_3_std": -0.04254549347605238,
        "nauc_recall_at_5_diff1": -0.011607319707358383,
        "nauc_recall_at_5_max": 0.5140688316380632,
        "nauc_recall_at_5_std": -0.1733676338035165,
        "ndcg_at_1": 0.02322,
        "ndcg_at_10": 0.02607,
        "ndcg_at_100": 0.03837,
        "ndcg_at_1000": 0.1375,
        "ndcg_at_20": 0.02551,
        "ndcg_at_3": 0.0251,
        "ndcg_at_5": 0.02525,
        "precision_at_1": 0.02477,
        "precision_at_10": 0.02693,
        "precision_at_100": 0.01854,
        "precision_at_1000": 0.01349,
        "precision_at_20": 0.02322,
        "precision_at_3": 0.02786,
        "precision_at_5": 0.02663,
        "recall_at_1": 0.00045,
        "recall_at_10": 0.00936,
        "recall_at_100": 0.05777,
        "recall_at_1000": 0.3999,
        "recall_at_20": 0.01454,
        "recall_at_3": 0.00188,
        "recall_at_5": 0.00436
      }
    ]
  },
  "task_name": "NFCorpus"
}