{
  "dataset_revision": "ec0fa4fe99da2ff19ca1214b7966684033a58814",
  "evaluation_time": 2.98463773727417,
  "kg_co2_emissions": null,
  "mteb_version": "1.14.12",
  "scores": {
    "test": [
      {
        "hf_subset": "default",
        "languages": [
          "eng-Latn"
        ],
        "main_score": 0.12755,
        "map_at_1": 0.01816,
        "map_at_10": 0.0368,
        "map_at_100": 0.05071,
        "map_at_1000": 0.06096,
        "map_at_20": 0.04211,
        "map_at_3": 0.02672,
        "map_at_5": 0.03132,
        "mrr_at_1": 0.17647058823529413,
        "mrr_at_10": 0.2539879109538553,
        "mrr_at_100": 0.26516407386252555,
        "mrr_at_1000": 0.2662125222956913,
        "mrr_at_20": 0.2615348565138414,
        "mrr_at_3": 0.23271413828689372,
        "mrr_at_5": 0.24509803921568632,
        "nauc_map_at_1000_diff1": 0.06397021111771385,
        "nauc_map_at_1000_max": 0.3059255434143516,
        "nauc_map_at_1000_std": 0.13969750821955979,
        "nauc_map_at_100_diff1": 0.08790347999298537,
        "nauc_map_at_100_max": 0.294111106005731,
        "nauc_map_at_100_std": 0.11861640554333684,
        "nauc_map_at_10_diff1": 0.12371370217099827,
        "nauc_map_at_10_max": 0.2812696482011488,
        "nauc_map_at_10_std": 0.06218068394994931,
        "nauc_map_at_1_diff1": 0.08949635078667083,
        "nauc_map_at_1_max": 0.15814893689755322,
        "nauc_map_at_1_std": -0.029706922699559945,
        "nauc_map_at_20_diff1": 0.09926880308054864,
        "nauc_map_at_20_max": 0.2823942547413798,
        "nauc_map_at_20_std": 0.0728574776086972,
        "nauc_map_at_3_diff1": 0.1132066835284402,
        "nauc_map_at_3_max": 0.22351972612578072,
        "nauc_map_at_3_std": 0.03979249523866302,
        "nauc_map_at_5_diff1": 0.11925399510725633,
        "nauc_map_at_5_max": 0.235220090040274,
        "nauc_map_at_5_std": 0.05004947708772381,
        "nauc_mrr_at_1000_diff1": 0.00702986282141795,
        "nauc_mrr_at_1000_max": 0.28941643254927146,
        "nauc_mrr_at_1000_std": 0.12812310857349332,
        "nauc_mrr_at_100_diff1": 0.007051374136964587,
        "nauc_mrr_at_100_max": 0.2899438271806902,
        "nauc_mrr_at_100_std": 0.12870392662773997,
        "nauc_mrr_at_10_diff1": 0.006341490999984358,
        "nauc_mrr_at_10_max": 0.28574941094745765,
        "nauc_mrr_at_10_std": 0.13270453916899258,
        "nauc_mrr_at_1_diff1": 0.007656852456278452,
        "nauc_mrr_at_1_max": 0.2776355668096722,
        "nauc_mrr_at_1_std": 0.12853508691409285,
        "nauc_mrr_at_20_diff1": 0.006147215648095844,
        "nauc_mrr_at_20_max": 0.28845707072680987,
        "nauc_mrr_at_20_std": 0.12705286882429995,
        "nauc_mrr_at_3_diff1": 0.019477437473662842,
        "nauc_mrr_at_3_max": 0.2748143708369586,
        "nauc_mrr_at_3_std": 0.1350416992862917,
        "nauc_mrr_at_5_diff1": 0.0018638105156599026,
        "nauc_mrr_at_5_max": 0.2664214994995768,
        "nauc_mrr_at_5_std": 0.13574323084999448,
        "nauc_ndcg_at_1000_diff1": 0.02244294107215843,
        "nauc_ndcg_at_1000_max": 0.3829538137141701,
        "nauc_ndcg_at_1000_std": 0.14639251508313633,
        "nauc_ndcg_at_100_diff1": 0.05749268040335537,
        "nauc_ndcg_at_100_max": 0.34704692002476667,
        "nauc_ndcg_at_100_std": 0.15573322465060654,
        "nauc_ndcg_at_10_diff1": 0.028504546798822174,
        "nauc_ndcg_at_10_max": 0.36205934550671726,
        "nauc_ndcg_at_10_std": 0.18112131063749654,
        "nauc_ndcg_at_1_diff1": 0.0072076375168589136,
        "nauc_ndcg_at_1_max": 0.28743677271761847,
        "nauc_ndcg_at_1_std": 0.14211590299521057,
        "nauc_ndcg_at_20_diff1": 0.039216879048038576,
        "nauc_ndcg_at_20_max": 0.3454600788202463,
        "nauc_ndcg_at_20_std": 0.15400041513944485,
        "nauc_ndcg_at_3_diff1": 0.0033544855361462957,
        "nauc_ndcg_at_3_max": 0.30943735365715097,
        "nauc_ndcg_at_3_std": 0.20798296837435296,
        "nauc_ndcg_at_5_diff1": 0.0006199267663019413,
        "nauc_ndcg_at_5_max": 0.3179858082506501,
        "nauc_ndcg_at_5_std": 0.1980064404954462,
        "nauc_precision_at_1000_diff1": -0.13255280831933478,
        "nauc_precision_at_1000_max": 0.11560196620258092,
        "nauc_precision_at_1000_std": 0.10818479352495905,
        "nauc_precision_at_100_diff1": -0.050557943956788295,
        "nauc_precision_at_100_max": 0.2742570417337811,
        "nauc_precision_at_100_std": 0.23598413558070935,
        "nauc_precision_at_10_diff1": -0.037723715077587136,
        "nauc_precision_at_10_max": 0.40531648764775213,
        "nauc_precision_at_10_std": 0.22709806340023486,
        "nauc_precision_at_1_diff1": -0.004123529279555697,
        "nauc_precision_at_1_max": 0.29426037381886927,
        "nauc_precision_at_1_std": 0.13339966916376414,
        "nauc_precision_at_20_diff1": -0.06444786181604023,
        "nauc_precision_at_20_max": 0.35859287176179927,
        "nauc_precision_at_20_std": 0.22034649474535759,
        "nauc_precision_at_3_diff1": 0.00614618300755632,
        "nauc_precision_at_3_max": 0.35150150360522514,
        "nauc_precision_at_3_std": 0.23056204081430812,
        "nauc_precision_at_5_diff1": -0.031138068760773994,
        "nauc_precision_at_5_max": 0.34372371127232837,
        "nauc_precision_at_5_std": 0.22375281165070987,
        "nauc_recall_at_1000_diff1": 0.06185380652761459,
        "nauc_recall_at_1000_max": 0.25030658125789257,
        "nauc_recall_at_1000_std": 0.034869208003908414,
        "nauc_recall_at_100_diff1": 0.07759505534532735,
        "nauc_recall_at_100_max": 0.21863085060545154,
        "nauc_recall_at_100_std": 0.08165624115391308,
        "nauc_recall_at_10_diff1": 0.19906357800464533,
        "nauc_recall_at_10_max": 0.2799179221320273,
        "nauc_recall_at_10_std": 0.03234060986108252,
        "nauc_recall_at_1_diff1": 0.08949635078667083,
        "nauc_recall_at_1_max": 0.15814893689755322,
        "nauc_recall_at_1_std": -0.029706922699559945,
        "nauc_recall_at_20_diff1": 0.14105081374045758,
        "nauc_recall_at_20_max": 0.22786432121974104,
        "nauc_recall_at_20_std": 0.0028529149601422945,
        "nauc_recall_at_3_diff1": 0.1536174144290195,
        "nauc_recall_at_3_max": 0.24071827929659295,
        "nauc_recall_at_3_std": 0.034934910029356114,
        "nauc_recall_at_5_diff1": 0.1441713745370314,
        "nauc_recall_at_5_max": 0.21965803329155548,
        "nauc_recall_at_5_std": 0.03980146149821572,
        "ndcg_at_1": 0.17183,
        "ndcg_at_10": 0.12755,
        "ndcg_at_100": 0.14341,
        "ndcg_at_1000": 0.24433,
        "ndcg_at_20": 0.12656,
        "ndcg_at_3": 0.15272,
        "ndcg_at_5": 0.14078,
        "precision_at_1": 0.17957,
        "precision_at_10": 0.09876,
        "precision_at_100": 0.04118,
        "precision_at_1000": 0.017,
        "precision_at_20": 0.07926,
        "precision_at_3": 0.1517,
        "precision_at_5": 0.12632,
        "recall_at_1": 0.01816,
        "recall_at_10": 0.05999,
        "recall_at_100": 0.18382,
        "recall_at_1000": 0.52593,
        "recall_at_20": 0.09315,
        "recall_at_3": 0.03155,
        "recall_at_5": 0.04004
      }
    ]
  },
  "task_name": "NFCorpus"
}