{
  "dataset_revision": "ec0fa4fe99da2ff19ca1214b7966684033a58814",
  "evaluation_time": 2.974220037460327,
  "kg_co2_emissions": null,
  "mteb_version": "1.14.12",
  "scores": {
    "test": [
      {
        "hf_subset": "default",
        "languages": [
          "eng-Latn"
        ],
        "main_score": 0.10391,
        "map_at_1": 0.00857,
        "map_at_10": 0.02263,
        "map_at_100": 0.0327,
        "map_at_1000": 0.04249,
        "map_at_20": 0.02585,
        "map_at_3": 0.01481,
        "map_at_5": 0.01839,
        "mrr_at_1": 0.14241486068111456,
        "mrr_at_10": 0.21966189984765846,
        "mrr_at_100": 0.22953168231882032,
        "mrr_at_1000": 0.23059845261320963,
        "mrr_at_20": 0.22504618595254963,
        "mrr_at_3": 0.19762641898864816,
        "mrr_at_5": 0.2064499484004129,
        "nauc_map_at_1000_diff1": 0.2434652780974952,
        "nauc_map_at_1000_max": 0.4580048413355802,
        "nauc_map_at_1000_std": 0.17524771446620344,
        "nauc_map_at_100_diff1": 0.27607936283494194,
        "nauc_map_at_100_max": 0.46412604402606605,
        "nauc_map_at_100_std": 0.1577110394453224,
        "nauc_map_at_10_diff1": 0.3118673080434765,
        "nauc_map_at_10_max": 0.44855607191975716,
        "nauc_map_at_10_std": 0.12764373047578823,
        "nauc_map_at_1_diff1": 0.285115384422122,
        "nauc_map_at_1_max": 0.44927390199799133,
        "nauc_map_at_1_std": 0.07058153690975967,
        "nauc_map_at_20_diff1": 0.2925935826065979,
        "nauc_map_at_20_max": 0.44741442319155383,
        "nauc_map_at_20_std": 0.12293396010232129,
        "nauc_map_at_3_diff1": 0.2915844160479942,
        "nauc_map_at_3_max": 0.45470973456841457,
        "nauc_map_at_3_std": 0.08526098962091927,
        "nauc_map_at_5_diff1": 0.31170614981294514,
        "nauc_map_at_5_max": 0.462305984371364,
        "nauc_map_at_5_std": 0.09938733857641523,
        "nauc_mrr_at_1000_diff1": 0.17877677714742138,
        "nauc_mrr_at_1000_max": 0.427398118511546,
        "nauc_mrr_at_1000_std": 0.10017048622761518,
        "nauc_mrr_at_100_diff1": 0.1789053291419642,
        "nauc_mrr_at_100_max": 0.4275876198452249,
        "nauc_mrr_at_100_std": 0.10070533814273618,
        "nauc_mrr_at_10_diff1": 0.18362072494412085,
        "nauc_mrr_at_10_max": 0.42290280823995785,
        "nauc_mrr_at_10_std": 0.09925138213505015,
        "nauc_mrr_at_1_diff1": 0.21151914815143735,
        "nauc_mrr_at_1_max": 0.43688097400224674,
        "nauc_mrr_at_1_std": 0.08906871864392622,
        "nauc_mrr_at_20_diff1": 0.18030619138656093,
        "nauc_mrr_at_20_max": 0.4262969188298647,
        "nauc_mrr_at_20_std": 0.09987027780696567,
        "nauc_mrr_at_3_diff1": 0.1873293708633737,
        "nauc_mrr_at_3_max": 0.41600615132925217,
        "nauc_mrr_at_3_std": 0.09159051846285396,
        "nauc_mrr_at_5_diff1": 0.18457233072740936,
        "nauc_mrr_at_5_max": 0.428120313286722,
        "nauc_mrr_at_5_std": 0.09990759116659557,
        "nauc_ndcg_at_1000_diff1": 0.1349017472857069,
        "nauc_ndcg_at_1000_max": 0.4609970189270276,
        "nauc_ndcg_at_1000_std": 0.155223392735428,
        "nauc_ndcg_at_100_diff1": 0.2129731814365959,
        "nauc_ndcg_at_100_max": 0.4877319452861331,
        "nauc_ndcg_at_100_std": 0.15423724184867493,
        "nauc_ndcg_at_10_diff1": 0.20482250512297806,
        "nauc_ndcg_at_10_max": 0.4514015019067264,
        "nauc_ndcg_at_10_std": 0.1464911249856435,
        "nauc_ndcg_at_1_diff1": 0.21341419063815478,
        "nauc_ndcg_at_1_max": 0.42523076288480466,
        "nauc_ndcg_at_1_std": 0.10690526403921964,
        "nauc_ndcg_at_20_diff1": 0.18950321081909335,
        "nauc_ndcg_at_20_max": 0.4619756198475724,
        "nauc_ndcg_at_20_std": 0.13265654546110822,
        "nauc_ndcg_at_3_diff1": 0.20939884628833041,
        "nauc_ndcg_at_3_max": 0.4132289745683716,
        "nauc_ndcg_at_3_std": 0.11802315770635277,
        "nauc_ndcg_at_5_diff1": 0.21465614042727202,
        "nauc_ndcg_at_5_max": 0.4351609403986512,
        "nauc_ndcg_at_5_std": 0.1439359886171302,
        "nauc_precision_at_1000_diff1": -0.0006260724072205128,
        "nauc_precision_at_1000_max": 0.17377174823171687,
        "nauc_precision_at_1000_std": 0.013478251139958661,
        "nauc_precision_at_100_diff1": 0.06669272158106082,
        "nauc_precision_at_100_max": 0.3429420164685306,
        "nauc_precision_at_100_std": 0.14667940720499784,
        "nauc_precision_at_10_diff1": 0.14701177039662583,
        "nauc_precision_at_10_max": 0.4242942104810297,
        "nauc_precision_at_10_std": 0.15597794077105345,
        "nauc_precision_at_1_diff1": 0.21151914815143735,
        "nauc_precision_at_1_max": 0.43688097400224674,
        "nauc_precision_at_1_std": 0.08906871864392622,
        "nauc_precision_at_20_diff1": 0.10708828276266341,
        "nauc_precision_at_20_max": 0.3990497423522636,
        "nauc_precision_at_20_std": 0.13389868927664322,
        "nauc_precision_at_3_diff1": 0.18311554676787445,
        "nauc_precision_at_3_max": 0.416874457418578,
        "nauc_precision_at_3_std": 0.13114293783808428,
        "nauc_precision_at_5_diff1": 0.16823693190316416,
        "nauc_precision_at_5_max": 0.43852104602928316,
        "nauc_precision_at_5_std": 0.1600978690792929,
        "nauc_recall_at_1000_diff1": -0.01773050571239207,
        "nauc_recall_at_1000_max": 0.20825747383493765,
        "nauc_recall_at_1000_std": 0.040965468544661016,
        "nauc_recall_at_100_diff1": 0.12687152066118507,
        "nauc_recall_at_100_max": 0.2998309016035601,
        "nauc_recall_at_100_std": 0.10973885604973169,
        "nauc_recall_at_10_diff1": 0.2430345379964942,
        "nauc_recall_at_10_max": 0.3466997239846699,
        "nauc_recall_at_10_std": 0.0900244558519152,
        "nauc_recall_at_1_diff1": 0.285115384422122,
        "nauc_recall_at_1_max": 0.44927390199799133,
        "nauc_recall_at_1_std": 0.07058153690975967,
        "nauc_recall_at_20_diff1": 0.1841006768732577,
        "nauc_recall_at_20_max": 0.3339693007201863,
        "nauc_recall_at_20_std": 0.061399483599326996,
        "nauc_recall_at_3_diff1": 0.22513016674598205,
        "nauc_recall_at_3_max": 0.40559290803732845,
        "nauc_recall_at_3_std": 0.09759621680206677,
        "nauc_recall_at_5_diff1": 0.2692292252564339,
        "nauc_recall_at_5_max": 0.4027131721787258,
        "nauc_recall_at_5_std": 0.08257394590604321,
        "ndcg_at_1": 0.13622,
        "ndcg_at_10": 0.10391,
        "ndcg_at_100": 0.11577,
        "ndcg_at_1000": 0.22062,
        "ndcg_at_20": 0.09815,
        "ndcg_at_3": 0.1227,
        "ndcg_at_5": 0.11226,
        "precision_at_1": 0.14241,
        "precision_at_10": 0.08483,
        "precision_at_100": 0.03718,
        "precision_at_1000": 0.01664,
        "precision_at_20": 0.06502,
        "precision_at_3": 0.12281,
        "precision_at_5": 0.10279,
        "recall_at_1": 0.00857,
        "recall_at_10": 0.04437,
        "recall_at_100": 0.1564,
        "recall_at_1000": 0.51433,
        "recall_at_20": 0.06357,
        "recall_at_3": 0.01936,
        "recall_at_5": 0.02943
      }
    ]
  },
  "task_name": "NFCorpus"
}