{
  "dataset_revision": "ec0fa4fe99da2ff19ca1214b7966684033a58814",
  "evaluation_time": 3.0190677642822266,
  "kg_co2_emissions": null,
  "mteb_version": "1.14.12",
  "scores": {
    "test": [
      {
        "hf_subset": "default",
        "languages": [
          "eng-Latn"
        ],
        "main_score": 0.11876,
        "map_at_1": 0.01295,
        "map_at_10": 0.03219,
        "map_at_100": 0.04347,
        "map_at_1000": 0.05327,
        "map_at_20": 0.03628,
        "map_at_3": 0.02203,
        "map_at_5": 0.02603,
        "mrr_at_1": 0.16408668730650156,
        "mrr_at_10": 0.24072067423460616,
        "mrr_at_100": 0.25050607496122385,
        "mrr_at_1000": 0.2514964021584044,
        "mrr_at_20": 0.24616799829827862,
        "mrr_at_3": 0.21362229102167182,
        "mrr_at_5": 0.22848297213622296,
        "nauc_map_at_1000_diff1": 0.02049304332652204,
        "nauc_map_at_1000_max": 0.2960912769866167,
        "nauc_map_at_1000_std": 0.11622592340549688,
        "nauc_map_at_100_diff1": 0.0230326048000861,
        "nauc_map_at_100_max": 0.28314305712606214,
        "nauc_map_at_100_std": 0.10949914499087489,
        "nauc_map_at_10_diff1": 0.04404033346484682,
        "nauc_map_at_10_max": 0.26803423518525016,
        "nauc_map_at_10_std": 0.046855731099159414,
        "nauc_map_at_1_diff1": 0.17619772711757634,
        "nauc_map_at_1_max": 0.2986225476568128,
        "nauc_map_at_1_std": -0.0119381106200177,
        "nauc_map_at_20_diff1": 0.031208918120620287,
        "nauc_map_at_20_max": 0.27248552122992586,
        "nauc_map_at_20_std": 0.08449495181830165,
        "nauc_map_at_3_diff1": 0.10139545051643438,
        "nauc_map_at_3_max": 0.2390438188120593,
        "nauc_map_at_3_std": -0.014620094180415183,
        "nauc_map_at_5_diff1": 0.07018278866265959,
        "nauc_map_at_5_max": 0.24944754500586183,
        "nauc_map_at_5_std": 0.0290475177007779,
        "nauc_mrr_at_1000_diff1": -0.016329063539664856,
        "nauc_mrr_at_1000_max": 0.2845477398906029,
        "nauc_mrr_at_1000_std": 0.05668657725020442,
        "nauc_mrr_at_100_diff1": -0.01627805912080632,
        "nauc_mrr_at_100_max": 0.2844187859424979,
        "nauc_mrr_at_100_std": 0.05731436256650593,
        "nauc_mrr_at_10_diff1": -0.018453924145635608,
        "nauc_mrr_at_10_max": 0.2817284833201228,
        "nauc_mrr_at_10_std": 0.054097843292511785,
        "nauc_mrr_at_1_diff1": 0.012266029857872816,
        "nauc_mrr_at_1_max": 0.279584031363386,
        "nauc_mrr_at_1_std": 0.07951350137707476,
        "nauc_mrr_at_20_diff1": -0.014782094348683772,
        "nauc_mrr_at_20_max": 0.28269084990265264,
        "nauc_mrr_at_20_std": 0.05733241843112085,
        "nauc_mrr_at_3_diff1": -0.012009327572330142,
        "nauc_mrr_at_3_max": 0.26962121118268306,
        "nauc_mrr_at_3_std": 0.06588437667873785,
        "nauc_mrr_at_5_diff1": -0.011065077954260566,
        "nauc_mrr_at_5_max": 0.2697915553463897,
        "nauc_mrr_at_5_std": 0.06655336880397009,
        "nauc_ndcg_at_1000_diff1": -0.01082379359315309,
        "nauc_ndcg_at_1000_max": 0.3682841764246525,
        "nauc_ndcg_at_1000_std": 0.09807487627104405,
        "nauc_ndcg_at_100_diff1": 0.0077763925316596235,
        "nauc_ndcg_at_100_max": 0.3161480938595747,
        "nauc_ndcg_at_100_std": 0.10955210024079251,
        "nauc_ndcg_at_10_diff1": -0.006762686531697512,
        "nauc_ndcg_at_10_max": 0.33922315074108733,
        "nauc_ndcg_at_10_std": 0.11385535697321528,
        "nauc_ndcg_at_1_diff1": 0.04165861508959642,
        "nauc_ndcg_at_1_max": 0.28586657895471623,
        "nauc_ndcg_at_1_std": 0.11666247396004814,
        "nauc_ndcg_at_20_diff1": 0.015214379929259995,
        "nauc_ndcg_at_20_max": 0.3301822423297346,
        "nauc_ndcg_at_20_std": 0.12427028210356378,
        "nauc_ndcg_at_3_diff1": -0.020488848812956324,
        "nauc_ndcg_at_3_max": 0.30155617927493367,
        "nauc_ndcg_at_3_std": 0.12752704939013013,
        "nauc_ndcg_at_5_diff1": -0.006112158335975394,
        "nauc_ndcg_at_5_max": 0.3122921660786447,
        "nauc_ndcg_at_5_std": 0.13574792100241811,
        "nauc_precision_at_1000_diff1": -0.034395280585441675,
        "nauc_precision_at_1000_max": 0.11196885896782713,
        "nauc_precision_at_1000_std": 0.02310009924119779,
        "nauc_precision_at_100_diff1": -0.0454131161494169,
        "nauc_precision_at_100_max": 0.22818084674416625,
        "nauc_precision_at_100_std": 0.1747269351899952,
        "nauc_precision_at_10_diff1": -0.09746114049217196,
        "nauc_precision_at_10_max": 0.3512728825842128,
        "nauc_precision_at_10_std": 0.1586224616246117,
        "nauc_precision_at_1_diff1": 0.012266029857872816,
        "nauc_precision_at_1_max": 0.279584031363386,
        "nauc_precision_at_1_std": 0.07951350137707476,
        "nauc_precision_at_20_diff1": -0.07836640458795566,
        "nauc_precision_at_20_max": 0.33846537025198037,
        "nauc_precision_at_20_std": 0.20650548462204768,
        "nauc_precision_at_3_diff1": -0.07562812197399416,
        "nauc_precision_at_3_max": 0.311389740501922,
        "nauc_precision_at_3_std": 0.1297247500295424,
        "nauc_precision_at_5_diff1": -0.06107240855781043,
        "nauc_precision_at_5_max": 0.3231413285863864,
        "nauc_precision_at_5_std": 0.1603876737792782,
        "nauc_recall_at_1000_diff1": 0.10863875748656304,
        "nauc_recall_at_1000_max": 0.18657377463315347,
        "nauc_recall_at_1000_std": 0.0843818777667526,
        "nauc_recall_at_100_diff1": 0.05108580694733553,
        "nauc_recall_at_100_max": 0.19653588716219375,
        "nauc_recall_at_100_std": 0.07272394632328684,
        "nauc_recall_at_10_diff1": 0.07026473810880708,
        "nauc_recall_at_10_max": 0.23687853029055347,
        "nauc_recall_at_10_std": -0.007548723789074295,
        "nauc_recall_at_1_diff1": 0.17619772711757634,
        "nauc_recall_at_1_max": 0.2986225476568128,
        "nauc_recall_at_1_std": -0.0119381106200177,
        "nauc_recall_at_20_diff1": 0.09677637389765975,
        "nauc_recall_at_20_max": 0.21341384261678964,
        "nauc_recall_at_20_std": 0.06003979869663744,
        "nauc_recall_at_3_diff1": 0.11365662829731643,
        "nauc_recall_at_3_max": 0.1873004614430479,
        "nauc_recall_at_3_std": -0.05827974775427106,
        "nauc_recall_at_5_diff1": 0.08014801569931708,
        "nauc_recall_at_5_max": 0.18612143751781743,
        "nauc_recall_at_5_std": -0.005108927208822912,
        "ndcg_at_1": 0.15015,
        "ndcg_at_10": 0.11876,
        "ndcg_at_100": 0.13078,
        "ndcg_at_1000": 0.23325,
        "ndcg_at_20": 0.11331,
        "ndcg_at_3": 0.1302,
        "ndcg_at_5": 0.12311,
        "precision_at_1": 0.16409,
        "precision_at_10": 0.09567,
        "precision_at_100": 0.03839,
        "precision_at_1000": 0.01674,
        "precision_at_20": 0.07012,
        "precision_at_3": 0.12384,
        "precision_at_5": 0.11022,
        "recall_at_1": 0.01295,
        "recall_at_10": 0.05736,
        "recall_at_100": 0.17119,
        "recall_at_1000": 0.52028,
        "recall_at_20": 0.0816,
        "recall_at_3": 0.02755,
        "recall_at_5": 0.038
      }
    ]
  },
  "task_name": "NFCorpus"
}