{
  "dataset_revision": "ec0fa4fe99da2ff19ca1214b7966684033a58814",
  "evaluation_time": 3.004643440246582,
  "kg_co2_emissions": null,
  "mteb_version": "1.14.12",
  "scores": {
    "test": [
      {
        "hf_subset": "default",
        "languages": [
          "eng-Latn"
        ],
        "main_score": 0.05405,
        "map_at_1": 0.00354,
        "map_at_10": 0.01023,
        "map_at_100": 0.01512,
        "map_at_1000": 0.02196,
        "map_at_20": 0.01156,
        "map_at_3": 0.0076,
        "map_at_5": 0.00865,
        "mrr_at_1": 0.07430340557275542,
        "mrr_at_10": 0.12487468671679203,
        "mrr_at_100": 0.13606604107458772,
        "mrr_at_1000": 0.13748056612901494,
        "mrr_at_20": 0.13125098648131567,
        "mrr_at_3": 0.10371517027863777,
        "mrr_at_5": 0.11517027863777088,
        "nauc_map_at_1000_diff1": 0.06320932916965114,
        "nauc_map_at_1000_max": -0.08810106021800845,
        "nauc_map_at_1000_std": 0.2955286515329391,
        "nauc_map_at_100_diff1": 0.14340854015813817,
        "nauc_map_at_100_max": -0.1198221326070837,
        "nauc_map_at_100_std": 0.36136972885253194,
        "nauc_map_at_10_diff1": 0.20190057691883642,
        "nauc_map_at_10_max": -0.13489974060324014,
        "nauc_map_at_10_std": 0.40410063558343084,
        "nauc_map_at_1_diff1": 0.310175723165485,
        "nauc_map_at_1_max": -0.12275836263908002,
        "nauc_map_at_1_std": 0.41491490632874906,
        "nauc_map_at_20_diff1": 0.18371410756142043,
        "nauc_map_at_20_max": -0.12819899300435983,
        "nauc_map_at_20_std": 0.3919459343314027,
        "nauc_map_at_3_diff1": 0.2790457672624866,
        "nauc_map_at_3_max": -0.1656427336313152,
        "nauc_map_at_3_std": 0.42720207178152275,
        "nauc_map_at_5_diff1": 0.23699388100712468,
        "nauc_map_at_5_max": -0.161634754428856,
        "nauc_map_at_5_std": 0.42627853595822984,
        "nauc_mrr_at_1000_diff1": -0.006083850070301337,
        "nauc_mrr_at_1000_max": 0.04443115112808512,
        "nauc_mrr_at_1000_std": 0.19215590302056496,
        "nauc_mrr_at_100_diff1": -0.006571220669902433,
        "nauc_mrr_at_100_max": 0.04441414141676968,
        "nauc_mrr_at_100_std": 0.191171190275214,
        "nauc_mrr_at_10_diff1": -0.0037002699406193757,
        "nauc_mrr_at_10_max": 0.050154691782520334,
        "nauc_mrr_at_10_std": 0.19794885610073426,
        "nauc_mrr_at_1_diff1": 0.10148469813857366,
        "nauc_mrr_at_1_max": 0.08979504304853486,
        "nauc_mrr_at_1_std": 0.28664003813566624,
        "nauc_mrr_at_20_diff1": -0.007945390142417198,
        "nauc_mrr_at_20_max": 0.04515567408562523,
        "nauc_mrr_at_20_std": 0.19335534275899607,
        "nauc_mrr_at_3_diff1": 0.029720974521600593,
        "nauc_mrr_at_3_max": 0.033971355088077956,
        "nauc_mrr_at_3_std": 0.2143333278452459,
        "nauc_mrr_at_5_diff1": 0.00951350345803815,
        "nauc_mrr_at_5_max": 0.027300245836485874,
        "nauc_mrr_at_5_std": 0.2054912010044785,
        "nauc_ndcg_at_1000_diff1": -0.042518559648430265,
        "nauc_ndcg_at_1000_max": 0.013139686116009559,
        "nauc_ndcg_at_1000_std": 0.18153294943136528,
        "nauc_ndcg_at_100_diff1": -0.007107031201943757,
        "nauc_ndcg_at_100_max": -0.020848185421661728,
        "nauc_ndcg_at_100_std": 0.21251006202033002,
        "nauc_ndcg_at_10_diff1": -0.05846875155049493,
        "nauc_ndcg_at_10_max": 0.07542717983535106,
        "nauc_ndcg_at_10_std": 0.17752541451809445,
        "nauc_ndcg_at_1_diff1": 0.13601755914221697,
        "nauc_ndcg_at_1_max": 0.12179594270230576,
        "nauc_ndcg_at_1_std": 0.2823104953803675,
        "nauc_ndcg_at_20_diff1": -0.06224349449762566,
        "nauc_ndcg_at_20_max": 0.048762577291369756,
        "nauc_ndcg_at_20_std": 0.1771965077782524,
        "nauc_ndcg_at_3_diff1": 0.01878778886502419,
        "nauc_ndcg_at_3_max": 0.056185512488615585,
        "nauc_ndcg_at_3_std": 0.1871592662180228,
        "nauc_ndcg_at_5_diff1": -0.020721609938573884,
        "nauc_ndcg_at_5_max": 0.04367244086836018,
        "nauc_ndcg_at_5_std": 0.1818649631903036,
        "nauc_precision_at_1000_diff1": -0.24431452987856384,
        "nauc_precision_at_1000_max": 0.07409427619159989,
        "nauc_precision_at_1000_std": -0.09302740194718286,
        "nauc_precision_at_100_diff1": -0.19998213225463163,
        "nauc_precision_at_100_max": 0.051703444494009355,
        "nauc_precision_at_100_std": 0.0022815326548433082,
        "nauc_precision_at_10_diff1": -0.12292049733914184,
        "nauc_precision_at_10_max": 0.10946982176547043,
        "nauc_precision_at_10_std": 0.11742035074361563,
        "nauc_precision_at_1_diff1": 0.10148469813857366,
        "nauc_precision_at_1_max": 0.08979504304853486,
        "nauc_precision_at_1_std": 0.28664003813566624,
        "nauc_precision_at_20_diff1": -0.1569991237147074,
        "nauc_precision_at_20_max": 0.08284079625747055,
        "nauc_precision_at_20_std": 0.07208166691819264,
        "nauc_precision_at_3_diff1": -0.021299142301235918,
        "nauc_precision_at_3_max": 0.03598065633929714,
        "nauc_precision_at_3_std": 0.1811242761972474,
        "nauc_precision_at_5_diff1": -0.06464819662442334,
        "nauc_precision_at_5_max": 0.03120050706290402,
        "nauc_precision_at_5_std": 0.1558125386501645,
        "nauc_recall_at_1000_diff1": 0.013574278328005202,
        "nauc_recall_at_1000_max": 0.002096917731622729,
        "nauc_recall_at_1000_std": 0.1183486727179565,
        "nauc_recall_at_100_diff1": 0.021930904134068337,
        "nauc_recall_at_100_max": -0.060700017165144456,
        "nauc_recall_at_100_std": 0.15034649306674985,
        "nauc_recall_at_10_diff1": 0.016393672496641462,
        "nauc_recall_at_10_max": -0.05462191640263822,
        "nauc_recall_at_10_std": 0.2843630832097379,
        "nauc_recall_at_1_diff1": 0.310175723165485,
        "nauc_recall_at_1_max": -0.12275836263908002,
        "nauc_recall_at_1_std": 0.41491490632874906,
        "nauc_recall_at_20_diff1": -0.014275568956314239,
        "nauc_recall_at_20_max": -0.0529852643439559,
        "nauc_recall_at_20_std": 0.2374456226605116,
        "nauc_recall_at_3_diff1": 0.18719087771033852,
        "nauc_recall_at_3_max": -0.12941506060084096,
        "nauc_recall_at_3_std": 0.32920216392714396,
        "nauc_recall_at_5_diff1": 0.11779453744846308,
        "nauc_recall_at_5_max": -0.13489087374861175,
        "nauc_recall_at_5_std": 0.34611700192151834,
        "ndcg_at_1": 0.06656,
        "ndcg_at_10": 0.05405,
        "ndcg_at_100": 0.06688,
        "ndcg_at_1000": 0.1617,
        "ndcg_at_20": 0.05164,
        "ndcg_at_3": 0.06557,
        "ndcg_at_5": 0.05989,
        "precision_at_1": 0.0743,
        "precision_at_10": 0.04613,
        "precision_at_100": 0.02486,
        "precision_at_1000": 0.01407,
        "precision_at_20": 0.03684,
        "precision_at_3": 0.06914,
        "precision_at_5": 0.05882,
        "recall_at_1": 0.00354,
        "recall_at_10": 0.02204,
        "recall_at_100": 0.09107,
        "recall_at_1000": 0.42618,
        "recall_at_20": 0.03157,
        "recall_at_3": 0.01062,
        "recall_at_5": 0.01366
      }
    ]
  },
  "task_name": "NFCorpus"
}