{
  "dataset_revision": "ec0fa4fe99da2ff19ca1214b7966684033a58814",
  "evaluation_time": 2.9764201641082764,
  "kg_co2_emissions": null,
  "mteb_version": "1.14.12",
  "scores": {
    "test": [
      {
        "hf_subset": "default",
        "languages": [
          "eng-Latn"
        ],
        "main_score": 0.0846,
        "map_at_1": 0.00592,
        "map_at_10": 0.01776,
        "map_at_100": 0.02598,
        "map_at_1000": 0.03371,
        "map_at_20": 0.02071,
        "map_at_3": 0.01267,
        "map_at_5": 0.01439,
        "mrr_at_1": 0.1238390092879257,
        "mrr_at_10": 0.194419873212443,
        "mrr_at_100": 0.20476290980419848,
        "mrr_at_1000": 0.20592269268145502,
        "mrr_at_20": 0.20087214587617178,
        "mrr_at_3": 0.1692466460268318,
        "mrr_at_5": 0.18070175438596492,
        "nauc_map_at_1000_diff1": 0.15028966846264724,
        "nauc_map_at_1000_max": 0.1398522630199308,
        "nauc_map_at_1000_std": 0.27167161952623037,
        "nauc_map_at_100_diff1": 0.16442273933467555,
        "nauc_map_at_100_max": 0.10995464702683944,
        "nauc_map_at_100_std": 0.29092116588780487,
        "nauc_map_at_10_diff1": 0.19403570377857346,
        "nauc_map_at_10_max": 0.09982060694796034,
        "nauc_map_at_10_std": 0.2992588134406318,
        "nauc_map_at_1_diff1": 0.17661321638009875,
        "nauc_map_at_1_max": 0.028997165430927327,
        "nauc_map_at_1_std": 0.2756944816629822,
        "nauc_map_at_20_diff1": 0.18481460453119666,
        "nauc_map_at_20_max": 0.09809923820160134,
        "nauc_map_at_20_std": 0.2948689972113196,
        "nauc_map_at_3_diff1": 0.20319627570397517,
        "nauc_map_at_3_max": 0.09560973284208771,
        "nauc_map_at_3_std": 0.26825452899074875,
        "nauc_map_at_5_diff1": 0.2002469156451712,
        "nauc_map_at_5_max": 0.08468317934803428,
        "nauc_map_at_5_std": 0.29702431421369074,
        "nauc_mrr_at_1000_diff1": 0.19095413918577803,
        "nauc_mrr_at_1000_max": 0.23279043225259297,
        "nauc_mrr_at_1000_std": 0.15807586592649717,
        "nauc_mrr_at_100_diff1": 0.19027875241673936,
        "nauc_mrr_at_100_max": 0.23257332549505194,
        "nauc_mrr_at_100_std": 0.15795419200045355,
        "nauc_mrr_at_10_diff1": 0.19190686600587417,
        "nauc_mrr_at_10_max": 0.232523709289997,
        "nauc_mrr_at_10_std": 0.15764297623515214,
        "nauc_mrr_at_1_diff1": 0.22679174698083227,
        "nauc_mrr_at_1_max": 0.2394892666234766,
        "nauc_mrr_at_1_std": 0.15718007342871398,
        "nauc_mrr_at_20_diff1": 0.1920601194220324,
        "nauc_mrr_at_20_max": 0.23160234559739332,
        "nauc_mrr_at_20_std": 0.15509722797609737,
        "nauc_mrr_at_3_diff1": 0.2115541583988441,
        "nauc_mrr_at_3_max": 0.23833990492368037,
        "nauc_mrr_at_3_std": 0.17249298615240527,
        "nauc_mrr_at_5_diff1": 0.19944097105183417,
        "nauc_mrr_at_5_max": 0.22594766538510386,
        "nauc_mrr_at_5_std": 0.15675973516570185,
        "nauc_ndcg_at_1000_diff1": 0.1104519948669968,
        "nauc_ndcg_at_1000_max": 0.2041357263141563,
        "nauc_ndcg_at_1000_std": 0.2237497065350748,
        "nauc_ndcg_at_100_diff1": 0.16925531591768922,
        "nauc_ndcg_at_100_max": 0.16775418055741795,
        "nauc_ndcg_at_100_std": 0.23657679698083509,
        "nauc_ndcg_at_10_diff1": 0.19315492679484172,
        "nauc_ndcg_at_10_max": 0.2526395793035587,
        "nauc_ndcg_at_10_std": 0.21205050992159755,
        "nauc_ndcg_at_1_diff1": 0.25632657797817715,
        "nauc_ndcg_at_1_max": 0.22538262607542303,
        "nauc_ndcg_at_1_std": 0.17287595839945238,
        "nauc_ndcg_at_20_diff1": 0.18924706974372976,
        "nauc_ndcg_at_20_max": 0.22507003341799778,
        "nauc_ndcg_at_20_std": 0.2150994090193668,
        "nauc_ndcg_at_3_diff1": 0.22859121197567125,
        "nauc_ndcg_at_3_max": 0.26268676006108416,
        "nauc_ndcg_at_3_std": 0.2051690994596339,
        "nauc_ndcg_at_5_diff1": 0.2200026865852456,
        "nauc_ndcg_at_5_max": 0.2511636294158397,
        "nauc_ndcg_at_5_std": 0.21483119406738638,
        "nauc_precision_at_1000_diff1": 0.019882548059946277,
        "nauc_precision_at_1000_max": 0.2360926071597384,
        "nauc_precision_at_1000_std": -0.06832667337070004,
        "nauc_precision_at_100_diff1": 0.056516113587296836,
        "nauc_precision_at_100_max": 0.26083999182842477,
        "nauc_precision_at_100_std": 0.07935261130955734,
        "nauc_precision_at_10_diff1": 0.09019388901951934,
        "nauc_precision_at_10_max": 0.26209320857557517,
        "nauc_precision_at_10_std": 0.17918822327919032,
        "nauc_precision_at_1_diff1": 0.22679174698083227,
        "nauc_precision_at_1_max": 0.2394892666234766,
        "nauc_precision_at_1_std": 0.15718007342871398,
        "nauc_precision_at_20_diff1": 0.08482000072536869,
        "nauc_precision_at_20_max": 0.22786361816245068,
        "nauc_precision_at_20_std": 0.17163718795816715,
        "nauc_precision_at_3_diff1": 0.1791549200556441,
        "nauc_precision_at_3_max": 0.2812799093419127,
        "nauc_precision_at_3_std": 0.19751176929528186,
        "nauc_precision_at_5_diff1": 0.15736289598776168,
        "nauc_precision_at_5_max": 0.25806938138118335,
        "nauc_precision_at_5_std": 0.20065287494627163,
        "nauc_recall_at_1000_diff1": 0.04144256252698974,
        "nauc_recall_at_1000_max": 0.07598819266253425,
        "nauc_recall_at_1000_std": 0.15065007889666926,
        "nauc_recall_at_100_diff1": 0.11575488589689173,
        "nauc_recall_at_100_max": 0.04987027832978688,
        "nauc_recall_at_100_std": 0.20287003592444552,
        "nauc_recall_at_10_diff1": 0.20362584439379636,
        "nauc_recall_at_10_max": 0.07660694312970609,
        "nauc_recall_at_10_std": 0.26814108458782493,
        "nauc_recall_at_1_diff1": 0.17661321638009875,
        "nauc_recall_at_1_max": 0.028997165430927327,
        "nauc_recall_at_1_std": 0.2756944816629822,
        "nauc_recall_at_20_diff1": 0.15967429659466154,
        "nauc_recall_at_20_max": 0.07196219989842126,
        "nauc_recall_at_20_std": 0.17273052974544173,
        "nauc_recall_at_3_diff1": 0.21211551584919738,
        "nauc_recall_at_3_max": 0.10005767691521268,
        "nauc_recall_at_3_std": 0.22716802991790966,
        "nauc_recall_at_5_diff1": 0.21243031508924745,
        "nauc_recall_at_5_max": 0.0686143114470713,
        "nauc_recall_at_5_std": 0.2663171067331694,
        "ndcg_at_1": 0.11455,
        "ndcg_at_10": 0.0846,
        "ndcg_at_100": 0.09783,
        "ndcg_at_1000": 0.19455,
        "ndcg_at_20": 0.08238,
        "ndcg_at_3": 0.10066,
        "ndcg_at_5": 0.09142,
        "precision_at_1": 0.12384,
        "precision_at_10": 0.07059,
        "precision_at_100": 0.03149,
        "precision_at_1000": 0.0152,
        "precision_at_20": 0.0565,
        "precision_at_3": 0.09907,
        "precision_at_5": 0.08235,
        "recall_at_1": 0.00592,
        "recall_at_10": 0.034,
        "recall_at_100": 0.13211,
        "recall_at_1000": 0.46287,
        "recall_at_20": 0.05666,
        "recall_at_3": 0.01843,
        "recall_at_5": 0.02243
      }
    ]
  },
  "task_name": "NFCorpus"
}