{
  "dataset_revision": "ec0fa4fe99da2ff19ca1214b7966684033a58814",
  "evaluation_time": 3.029531955718994,
  "kg_co2_emissions": null,
  "mteb_version": "1.14.12",
  "scores": {
    "test": [
      {
        "hf_subset": "default",
        "languages": [
          "eng-Latn"
        ],
        "main_score": 0.06947,
        "map_at_1": 0.00592,
        "map_at_10": 0.01465,
        "map_at_100": 0.02328,
        "map_at_1000": 0.03242,
        "map_at_20": 0.01722,
        "map_at_3": 0.00979,
        "map_at_5": 0.01177,
        "mrr_at_1": 0.09287925696594428,
        "mrr_at_10": 0.1456226350189199,
        "mrr_at_100": 0.15787542176769823,
        "mrr_at_1000": 0.15912433434324758,
        "mrr_at_20": 0.1525750860867417,
        "mrr_at_3": 0.12332301341589268,
        "mrr_at_5": 0.13137254901960785,
        "nauc_map_at_1000_diff1": -0.14176396181261006,
        "nauc_map_at_1000_max": 0.33671621360693405,
        "nauc_map_at_1000_std": 0.290500675052803,
        "nauc_map_at_100_diff1": -0.16711563110881908,
        "nauc_map_at_100_max": 0.3496852013765793,
        "nauc_map_at_100_std": 0.28978724345318824,
        "nauc_map_at_10_diff1": -0.15187524296334043,
        "nauc_map_at_10_max": 0.3606438647984032,
        "nauc_map_at_10_std": 0.26640425187624256,
        "nauc_map_at_1_diff1": -0.09901233636372325,
        "nauc_map_at_1_max": 0.4607974190932391,
        "nauc_map_at_1_std": 0.18343835937456268,
        "nauc_map_at_20_diff1": -0.1638718206037399,
        "nauc_map_at_20_max": 0.3629283613466332,
        "nauc_map_at_20_std": 0.27907365048732197,
        "nauc_map_at_3_diff1": -0.13805567604539165,
        "nauc_map_at_3_max": 0.3631780380555187,
        "nauc_map_at_3_std": 0.22612122638503973,
        "nauc_map_at_5_diff1": -0.1540377598495731,
        "nauc_map_at_5_max": 0.38570516230177976,
        "nauc_map_at_5_std": 0.2480889287617689,
        "nauc_mrr_at_1000_diff1": 0.04499513755770289,
        "nauc_mrr_at_1000_max": 0.3096232956327324,
        "nauc_mrr_at_1000_std": 0.24347377058475692,
        "nauc_mrr_at_100_diff1": 0.04444421036330577,
        "nauc_mrr_at_100_max": 0.3095591237971752,
        "nauc_mrr_at_100_std": 0.2434243371178472,
        "nauc_mrr_at_10_diff1": 0.04174129846407951,
        "nauc_mrr_at_10_max": 0.29520439047014013,
        "nauc_mrr_at_10_std": 0.24890203018878096,
        "nauc_mrr_at_1_diff1": 0.08045840124819632,
        "nauc_mrr_at_1_max": 0.3907961844208064,
        "nauc_mrr_at_1_std": 0.3137123891922839,
        "nauc_mrr_at_20_diff1": 0.04628304850442392,
        "nauc_mrr_at_20_max": 0.3054901054196389,
        "nauc_mrr_at_20_std": 0.24415552475012137,
        "nauc_mrr_at_3_diff1": 0.06443681614956714,
        "nauc_mrr_at_3_max": 0.31171713917996385,
        "nauc_mrr_at_3_std": 0.26547451596557187,
        "nauc_mrr_at_5_diff1": 0.05136154261779571,
        "nauc_mrr_at_5_max": 0.3021901347053229,
        "nauc_mrr_at_5_std": 0.26217140483565227,
        "nauc_ndcg_at_1000_diff1": -0.06563712164157906,
        "nauc_ndcg_at_1000_max": 0.3405025369760429,
        "nauc_ndcg_at_1000_std": 0.21434183284956818,
        "nauc_ndcg_at_100_diff1": -0.11657489875557374,
        "nauc_ndcg_at_100_max": 0.3034623897058073,
        "nauc_ndcg_at_100_std": 0.22193583034045783,
        "nauc_ndcg_at_10_diff1": -0.03976916859539614,
        "nauc_ndcg_at_10_max": 0.32225634198974457,
        "nauc_ndcg_at_10_std": 0.30417204225356315,
        "nauc_ndcg_at_1_diff1": 0.0635035123825219,
        "nauc_ndcg_at_1_max": 0.41209787879189297,
        "nauc_ndcg_at_1_std": 0.32570736664445965,
        "nauc_ndcg_at_20_diff1": -0.07023198696972237,
        "nauc_ndcg_at_20_max": 0.32145675356868963,
        "nauc_ndcg_at_20_std": 0.279524851429918,
        "nauc_ndcg_at_3_diff1": 0.04067068562401406,
        "nauc_ndcg_at_3_max": 0.37115632055795783,
        "nauc_ndcg_at_3_std": 0.3240213077112599,
        "nauc_ndcg_at_5_diff1": -0.010333947313875122,
        "nauc_ndcg_at_5_max": 0.3576061101018467,
        "nauc_ndcg_at_5_std": 0.3273915746466474,
        "nauc_precision_at_1000_diff1": 0.023979642960089944,
        "nauc_precision_at_1000_max": 0.16895077439798023,
        "nauc_precision_at_1000_std": 0.09610731507635706,
        "nauc_precision_at_100_diff1": -0.04838866791726742,
        "nauc_precision_at_100_max": 0.20817780452661316,
        "nauc_precision_at_100_std": 0.21414647137997378,
        "nauc_precision_at_10_diff1": -0.076070723612717,
        "nauc_precision_at_10_max": 0.24687169913260482,
        "nauc_precision_at_10_std": 0.2750684353607616,
        "nauc_precision_at_1_diff1": 0.08045840124819632,
        "nauc_precision_at_1_max": 0.3907961844208064,
        "nauc_precision_at_1_std": 0.3137123891922839,
        "nauc_precision_at_20_diff1": -0.06080733210401541,
        "nauc_precision_at_20_max": 0.28808886713270027,
        "nauc_precision_at_20_std": 0.25766092361490106,
        "nauc_precision_at_3_diff1": 0.02575302519270933,
        "nauc_precision_at_3_max": 0.3293748408239162,
        "nauc_precision_at_3_std": 0.31877367416816504,
        "nauc_precision_at_5_diff1": -0.04792761570234701,
        "nauc_precision_at_5_max": 0.2920244661735783,
        "nauc_precision_at_5_std": 0.30964230382734637,
        "nauc_recall_at_1000_diff1": -0.054993121216587504,
        "nauc_recall_at_1000_max": 0.21723020553746006,
        "nauc_recall_at_1000_std": 0.06657984791582747,
        "nauc_recall_at_100_diff1": -0.2011764369485755,
        "nauc_recall_at_100_max": 0.17848799710339136,
        "nauc_recall_at_100_std": 0.075480194470042,
        "nauc_recall_at_10_diff1": -0.1520501734110409,
        "nauc_recall_at_10_max": 0.1969085384200818,
        "nauc_recall_at_10_std": 0.19902549971871908,
        "nauc_recall_at_1_diff1": -0.09901233636372325,
        "nauc_recall_at_1_max": 0.4607974190932391,
        "nauc_recall_at_1_std": 0.18343835937456268,
        "nauc_recall_at_20_diff1": -0.20518551857922668,
        "nauc_recall_at_20_max": 0.16111304823558759,
        "nauc_recall_at_20_std": 0.16208147524035965,
        "nauc_recall_at_3_diff1": -0.17864706076589365,
        "nauc_recall_at_3_max": 0.2578011926491389,
        "nauc_recall_at_3_std": 0.22135407349466404,
        "nauc_recall_at_5_diff1": -0.20526015208692236,
        "nauc_recall_at_5_max": 0.30516060267853357,
        "nauc_recall_at_5_std": 0.2161219614260277,
        "ndcg_at_1": 0.08669,
        "ndcg_at_10": 0.06947,
        "ndcg_at_100": 0.09034,
        "ndcg_at_1000": 0.19156,
        "ndcg_at_20": 0.06923,
        "ndcg_at_3": 0.076,
        "ndcg_at_5": 0.07298,
        "precision_at_1": 0.09288,
        "precision_at_10": 0.06006,
        "precision_at_100": 0.03307,
        "precision_at_1000": 0.01608,
        "precision_at_20": 0.05124,
        "precision_at_3": 0.07637,
        "precision_at_5": 0.06997,
        "recall_at_1": 0.00592,
        "recall_at_10": 0.02877,
        "recall_at_100": 0.12813,
        "recall_at_1000": 0.46754,
        "recall_at_20": 0.04556,
        "recall_at_3": 0.01288,
        "recall_at_5": 0.01732
      }
    ]
  },
  "task_name": "NFCorpus"
}