{
  "dataset_revision": "ec0fa4fe99da2ff19ca1214b7966684033a58814",
  "evaluation_time": 2.9883148670196533,
  "kg_co2_emissions": null,
  "mteb_version": "1.14.12",
  "scores": {
    "test": [
      {
        "hf_subset": "default",
        "languages": [
          "eng-Latn"
        ],
        "main_score": 0.02242,
        "map_at_1": 0.00026,
        "map_at_10": 0.00255,
        "map_at_100": 0.00482,
        "map_at_1000": 0.0102,
        "map_at_20": 0.00328,
        "map_at_3": 0.00095,
        "map_at_5": 0.0017,
        "mrr_at_1": 0.015479876160990712,
        "mrr_at_10": 0.051046734483266964,
        "mrr_at_100": 0.06213116229900789,
        "mrr_at_1000": 0.06382290101247565,
        "mrr_at_20": 0.05635441762189836,
        "mrr_at_3": 0.03611971104231166,
        "mrr_at_5": 0.044478844169246634,
        "nauc_map_at_1000_diff1": 0.04147803162669545,
        "nauc_map_at_1000_max": -0.1319570385383294,
        "nauc_map_at_1000_std": 0.1867368774906816,
        "nauc_map_at_100_diff1": 0.05285226756591073,
        "nauc_map_at_100_max": -0.16838338590779425,
        "nauc_map_at_100_std": 0.28776021155911635,
        "nauc_map_at_10_diff1": 0.10212604969915365,
        "nauc_map_at_10_max": -0.18254359462160832,
        "nauc_map_at_10_std": 0.3163812309353426,
        "nauc_map_at_1_diff1": -0.22079172981562278,
        "nauc_map_at_1_max": 0.3634659536893775,
        "nauc_map_at_1_std": -0.4658272485852008,
        "nauc_map_at_20_diff1": 0.07232762401039577,
        "nauc_map_at_20_max": -0.1804591315219154,
        "nauc_map_at_20_std": 0.3248873201435908,
        "nauc_map_at_3_diff1": 0.15695806528538855,
        "nauc_map_at_3_max": -0.22207991379905997,
        "nauc_map_at_3_std": 0.3348760238808955,
        "nauc_map_at_5_diff1": 0.07197312490796173,
        "nauc_map_at_5_max": -0.13695688062962463,
        "nauc_map_at_5_std": 0.27007957359924245,
        "nauc_mrr_at_1000_diff1": 0.06145041554158815,
        "nauc_mrr_at_1000_max": -0.0431399739227598,
        "nauc_mrr_at_1000_std": 0.04537124707636536,
        "nauc_mrr_at_100_diff1": 0.06285023737659066,
        "nauc_mrr_at_100_max": -0.04241429923415654,
        "nauc_mrr_at_100_std": 0.043930784229334156,
        "nauc_mrr_at_10_diff1": 0.07351051559149395,
        "nauc_mrr_at_10_max": -0.051618882457049285,
        "nauc_mrr_at_10_std": 0.05554533995956872,
        "nauc_mrr_at_1_diff1": -0.14239176430759676,
        "nauc_mrr_at_1_max": 0.3121175975196158,
        "nauc_mrr_at_1_std": -0.43400696708535746,
        "nauc_mrr_at_20_diff1": 0.06932152799551286,
        "nauc_mrr_at_20_max": -0.04450922319648914,
        "nauc_mrr_at_20_std": 0.05123234594340338,
        "nauc_mrr_at_3_diff1": 0.10929152194587301,
        "nauc_mrr_at_3_max": -0.059819815187929705,
        "nauc_mrr_at_3_std": 0.03816439752551909,
        "nauc_mrr_at_5_diff1": 0.04804064514829514,
        "nauc_mrr_at_5_max": -0.04252634869532062,
        "nauc_mrr_at_5_std": 0.0424273328045739,
        "nauc_ndcg_at_1000_diff1": 0.011685004819187243,
        "nauc_ndcg_at_1000_max": -0.07632340432781787,
        "nauc_ndcg_at_1000_std": 0.10157302269533147,
        "nauc_ndcg_at_100_diff1": 0.048780180308174596,
        "nauc_ndcg_at_100_max": -0.12479549992329772,
        "nauc_ndcg_at_100_std": 0.16954679730605018,
        "nauc_ndcg_at_10_diff1": 0.041098555022898,
        "nauc_ndcg_at_10_max": -0.05192017209263414,
        "nauc_ndcg_at_10_std": 0.07429571884769967,
        "nauc_ndcg_at_1_diff1": -0.13537937431471025,
        "nauc_ndcg_at_1_max": 0.31082055065354514,
        "nauc_ndcg_at_1_std": -0.4267947172154533,
        "nauc_ndcg_at_20_diff1": 0.0249032891354552,
        "nauc_ndcg_at_20_max": -0.08160252717117297,
        "nauc_ndcg_at_20_std": 0.13322454833037992,
        "nauc_ndcg_at_3_diff1": 0.12735393896125372,
        "nauc_ndcg_at_3_max": -0.0841455500992295,
        "nauc_ndcg_at_3_std": 0.06590511971448745,
        "nauc_ndcg_at_5_diff1": 0.05141588220764306,
        "nauc_ndcg_at_5_max": -0.047438280636731674,
        "nauc_ndcg_at_5_std": 0.060641286439705885,
        "nauc_precision_at_1000_diff1": 0.0011729234569769656,
        "nauc_precision_at_1000_max": -0.029502024483193428,
        "nauc_precision_at_1000_std": -0.04250668930258716,
        "nauc_precision_at_100_diff1": 0.0076393978215876825,
        "nauc_precision_at_100_max": -0.034604314990950916,
        "nauc_precision_at_100_std": 0.018952104844374432,
        "nauc_precision_at_10_diff1": 0.034032198998480256,
        "nauc_precision_at_10_max": -0.03990512739105937,
        "nauc_precision_at_10_std": 0.09776712064897065,
        "nauc_precision_at_1_diff1": -0.14239176430759676,
        "nauc_precision_at_1_max": 0.3121175975196158,
        "nauc_precision_at_1_std": -0.43400696708535746,
        "nauc_precision_at_20_diff1": 0.0014291558595146076,
        "nauc_precision_at_20_max": -0.04472683989022886,
        "nauc_precision_at_20_std": 0.11908245392264664,
        "nauc_precision_at_3_diff1": 0.162645594650635,
        "nauc_precision_at_3_max": -0.13883536126339532,
        "nauc_precision_at_3_std": 0.14046103938791896,
        "nauc_precision_at_5_diff1": 0.04858475029396281,
        "nauc_precision_at_5_max": -0.07015552976328046,
        "nauc_precision_at_5_std": 0.1143511171680689,
        "nauc_recall_at_1000_diff1": 0.06570612483679844,
        "nauc_recall_at_1000_max": -0.04759054306880297,
        "nauc_recall_at_1000_std": 0.11600644340677317,
        "nauc_recall_at_100_diff1": 0.09543651356818186,
        "nauc_recall_at_100_max": -0.17387979825938726,
        "nauc_recall_at_100_std": 0.23768469743424178,
        "nauc_recall_at_10_diff1": 0.15826927283686087,
        "nauc_recall_at_10_max": -0.25216468550244736,
        "nauc_recall_at_10_std": 0.34172952958181296,
        "nauc_recall_at_1_diff1": -0.22079172981562278,
        "nauc_recall_at_1_max": 0.3634659536893775,
        "nauc_recall_at_1_std": -0.4658272485852008,
        "nauc_recall_at_20_diff1": 0.11385506272928163,
        "nauc_recall_at_20_max": -0.20535800240228871,
        "nauc_recall_at_20_std": 0.32208436932608925,
        "nauc_recall_at_3_diff1": 0.19422758807084445,
        "nauc_recall_at_3_max": -0.35472752188865103,
        "nauc_recall_at_3_std": 0.5453002586145147,
        "nauc_recall_at_5_diff1": 0.05342687009142106,
        "nauc_recall_at_5_max": -0.18635509430059785,
        "nauc_recall_at_5_std": 0.30063400262012313,
        "ndcg_at_1": 0.01393,
        "ndcg_at_10": 0.02242,
        "ndcg_at_100": 0.0339,
        "ndcg_at_1000": 0.12721,
        "ndcg_at_20": 0.02369,
        "ndcg_at_3": 0.02204,
        "ndcg_at_5": 0.02322,
        "precision_at_1": 0.01548,
        "precision_at_10": 0.02291,
        "precision_at_100": 0.01653,
        "precision_at_1000": 0.01278,
        "precision_at_20": 0.02121,
        "precision_at_3": 0.02477,
        "precision_at_5": 0.02539,
        "recall_at_1": 0.00026,
        "recall_at_10": 0.01,
        "recall_at_100": 0.04731,
        "recall_at_1000": 0.38129,
        "recall_at_20": 0.016,
        "recall_at_3": 0.00191,
        "recall_at_5": 0.005
      }
    ]
  },
  "task_name": "NFCorpus"
}