{
  "dataset_revision": "ec0fa4fe99da2ff19ca1214b7966684033a58814",
  "evaluation_time": 2.9785327911376953,
  "kg_co2_emissions": null,
  "mteb_version": "1.14.12",
  "scores": {
    "test": [
      {
        "hf_subset": "default",
        "languages": [
          "eng-Latn"
        ],
        "main_score": 0.19172,
        "map_at_1": 0.02189,
        "map_at_10": 0.05614,
        "map_at_100": 0.0735,
        "map_at_1000": 0.08409,
        "map_at_20": 0.06256,
        "map_at_3": 0.03795,
        "map_at_5": 0.04634,
        "mrr_at_1": 0.2755417956656347,
        "mrr_at_10": 0.3540247678018576,
        "mrr_at_100": 0.36403619693863554,
        "mrr_at_1000": 0.36472978741560214,
        "mrr_at_20": 0.36005548218391725,
        "mrr_at_3": 0.3317853457172342,
        "mrr_at_5": 0.3450980392156863,
        "nauc_map_at_1000_diff1": 0.1827745892396192,
        "nauc_map_at_1000_max": 0.41544982975270134,
        "nauc_map_at_1000_std": 0.25450108956886164,
        "nauc_map_at_100_diff1": 0.19877394589751365,
        "nauc_map_at_100_max": 0.40530422215916356,
        "nauc_map_at_100_std": 0.23546633493516658,
        "nauc_map_at_10_diff1": 0.22809481673915674,
        "nauc_map_at_10_max": 0.3881098536755427,
        "nauc_map_at_10_std": 0.18207268002011848,
        "nauc_map_at_1_diff1": 0.36855335945224954,
        "nauc_map_at_1_max": 0.33608051388774723,
        "nauc_map_at_1_std": 0.12503119106898972,
        "nauc_map_at_20_diff1": 0.2075196805961718,
        "nauc_map_at_20_max": 0.39325606103775784,
        "nauc_map_at_20_std": 0.1959903601502527,
        "nauc_map_at_3_diff1": 0.24919742613733692,
        "nauc_map_at_3_max": 0.32939311096390944,
        "nauc_map_at_3_std": 0.11832423111686181,
        "nauc_map_at_5_diff1": 0.23771558321312627,
        "nauc_map_at_5_max": 0.3500054539859108,
        "nauc_map_at_5_std": 0.14020303138117754,
        "nauc_mrr_at_1000_diff1": 0.23872876860691397,
        "nauc_mrr_at_1000_max": 0.44526698692343597,
        "nauc_mrr_at_1000_std": 0.20432685590743338,
        "nauc_mrr_at_100_diff1": 0.23878714751895472,
        "nauc_mrr_at_100_max": 0.44554821752792756,
        "nauc_mrr_at_100_std": 0.2043145797127796,
        "nauc_mrr_at_10_diff1": 0.23711215722444456,
        "nauc_mrr_at_10_max": 0.44373701460275505,
        "nauc_mrr_at_10_std": 0.20513406917330973,
        "nauc_mrr_at_1_diff1": 0.28821149041184285,
        "nauc_mrr_at_1_max": 0.43454721633572974,
        "nauc_mrr_at_1_std": 0.20122344714299675,
        "nauc_mrr_at_20_diff1": 0.23535369307751802,
        "nauc_mrr_at_20_max": 0.4434639586106487,
        "nauc_mrr_at_20_std": 0.2020750432450249,
        "nauc_mrr_at_3_diff1": 0.23995596753388934,
        "nauc_mrr_at_3_max": 0.43654185534333956,
        "nauc_mrr_at_3_std": 0.192352205067763,
        "nauc_mrr_at_5_diff1": 0.24358171165486697,
        "nauc_mrr_at_5_max": 0.4437333545252934,
        "nauc_mrr_at_5_std": 0.20515119168121115,
        "nauc_ndcg_at_1000_diff1": 0.1860059096035096,
        "nauc_ndcg_at_1000_max": 0.49357359327792916,
        "nauc_ndcg_at_1000_std": 0.3125944357145147,
        "nauc_ndcg_at_100_diff1": 0.1892131111923712,
        "nauc_ndcg_at_100_max": 0.42600059268378815,
        "nauc_ndcg_at_100_std": 0.2695707303006078,
        "nauc_ndcg_at_10_diff1": 0.14969169814315328,
        "nauc_ndcg_at_10_max": 0.4182569932398188,
        "nauc_ndcg_at_10_std": 0.2607305476856263,
        "nauc_ndcg_at_1_diff1": 0.2792461997246309,
        "nauc_ndcg_at_1_max": 0.40930213477528865,
        "nauc_ndcg_at_1_std": 0.18772048681350426,
        "nauc_ndcg_at_20_diff1": 0.1349912892848631,
        "nauc_ndcg_at_20_max": 0.40540202221468363,
        "nauc_ndcg_at_20_std": 0.26066710465028115,
        "nauc_ndcg_at_3_diff1": 0.16855570820546803,
        "nauc_ndcg_at_3_max": 0.39257264921742024,
        "nauc_ndcg_at_3_std": 0.19793559593143997,
        "nauc_ndcg_at_5_diff1": 0.17420358531448046,
        "nauc_ndcg_at_5_max": 0.4063059777752372,
        "nauc_ndcg_at_5_std": 0.23203435390933463,
        "nauc_precision_at_1000_diff1": -0.11028291671069158,
        "nauc_precision_at_1000_max": 0.10032141653116582,
        "nauc_precision_at_1000_std": 0.11743096718234958,
        "nauc_precision_at_100_diff1": -0.04112923021791477,
        "nauc_precision_at_100_max": 0.24795443176779935,
        "nauc_precision_at_100_std": 0.2915974280492926,
        "nauc_precision_at_10_diff1": 0.05444729781206737,
        "nauc_precision_at_10_max": 0.4210500031004288,
        "nauc_precision_at_10_std": 0.31262655993707217,
        "nauc_precision_at_1_diff1": 0.27742467264470017,
        "nauc_precision_at_1_max": 0.43387269004390744,
        "nauc_precision_at_1_std": 0.19089201444851947,
        "nauc_precision_at_20_diff1": 0.0053093286318574495,
        "nauc_precision_at_20_max": 0.36609378496811534,
        "nauc_precision_at_20_std": 0.32137330043937695,
        "nauc_precision_at_3_diff1": 0.10526402602692618,
        "nauc_precision_at_3_max": 0.40143663821699915,
        "nauc_precision_at_3_std": 0.21487131523579106,
        "nauc_precision_at_5_diff1": 0.10335245999444273,
        "nauc_precision_at_5_max": 0.4160521528346885,
        "nauc_precision_at_5_std": 0.2735582186753802,
        "nauc_recall_at_1000_diff1": 0.12146996365557966,
        "nauc_recall_at_1000_max": 0.2885417813152668,
        "nauc_recall_at_1000_std": 0.20512054883767203,
        "nauc_recall_at_100_diff1": 0.1286694968395132,
        "nauc_recall_at_100_max": 0.21636823263996843,
        "nauc_recall_at_100_std": 0.15678325009082286,
        "nauc_recall_at_10_diff1": 0.11011665970639957,
        "nauc_recall_at_10_max": 0.2519134032036151,
        "nauc_recall_at_10_std": 0.13512578652921342,
        "nauc_recall_at_1_diff1": 0.36855335945224954,
        "nauc_recall_at_1_max": 0.33608051388774723,
        "nauc_recall_at_1_std": 0.12503119106898972,
        "nauc_recall_at_20_diff1": 0.05965875583423037,
        "nauc_recall_at_20_max": 0.22308144441855232,
        "nauc_recall_at_20_std": 0.10515588768359901,
        "nauc_recall_at_3_diff1": 0.1912557432397732,
        "nauc_recall_at_3_max": 0.2751379442386546,
        "nauc_recall_at_3_std": 0.11425438097266488,
        "nauc_recall_at_5_diff1": 0.1537041214166783,
        "nauc_recall_at_5_max": 0.254181325663172,
        "nauc_recall_at_5_std": 0.11287909387870457,
        "ndcg_at_1": 0.26316,
        "ndcg_at_10": 0.19172,
        "ndcg_at_100": 0.1884,
        "ndcg_at_1000": 0.28224,
        "ndcg_at_20": 0.18153,
        "ndcg_at_3": 0.22489,
        "ndcg_at_5": 0.20994,
        "precision_at_1": 0.27864,
        "precision_at_10": 0.14551,
        "precision_at_100": 0.05149,
        "precision_at_1000": 0.01759,
        "precision_at_20": 0.1113,
        "precision_at_3": 0.21672,
        "precision_at_5": 0.18638,
        "recall_at_1": 0.02189,
        "recall_at_10": 0.09309,
        "recall_at_100": 0.21917,
        "recall_at_1000": 0.54418,
        "recall_at_20": 0.12279,
        "recall_at_3": 0.04614,
        "recall_at_5": 0.06442
      }
    ]
  },
  "task_name": "NFCorpus"
}