{
  "dataset_revision": "ec0fa4fe99da2ff19ca1214b7966684033a58814",
  "evaluation_time": 2.9858505725860596,
  "kg_co2_emissions": null,
  "mteb_version": "1.14.12",
  "scores": {
    "test": [
      {
        "hf_subset": "default",
        "languages": [
          "eng-Latn"
        ],
        "main_score": 0.13812,
        "map_at_1": 0.01543,
        "map_at_10": 0.03861,
        "map_at_100": 0.05073,
        "map_at_1000": 0.06089,
        "map_at_20": 0.04322,
        "map_at_3": 0.02855,
        "map_at_5": 0.03321,
        "mrr_at_1": 0.23219814241486067,
        "mrr_at_10": 0.29919406359034845,
        "mrr_at_100": 0.3083453541418927,
        "mrr_at_1000": 0.3092639334132288,
        "mrr_at_20": 0.30408780991001666,
        "mrr_at_3": 0.2781217750257997,
        "mrr_at_5": 0.2914344685242518,
        "nauc_map_at_1000_diff1": 0.13619093740464083,
        "nauc_map_at_1000_max": 0.34184566998931526,
        "nauc_map_at_1000_std": 0.08524748403933749,
        "nauc_map_at_100_diff1": 0.15554537628113924,
        "nauc_map_at_100_max": 0.34646234400245285,
        "nauc_map_at_100_std": 0.0801692937761059,
        "nauc_map_at_10_diff1": 0.1595154306396889,
        "nauc_map_at_10_max": 0.3254175283357835,
        "nauc_map_at_10_std": 0.07069043676948321,
        "nauc_map_at_1_diff1": 0.26110551013117417,
        "nauc_map_at_1_max": 0.2821848825386043,
        "nauc_map_at_1_std": 0.07985293354445103,
        "nauc_map_at_20_diff1": 0.1688115118199444,
        "nauc_map_at_20_max": 0.33982253551259095,
        "nauc_map_at_20_std": 0.07747371315119586,
        "nauc_map_at_3_diff1": 0.18890143823089786,
        "nauc_map_at_3_max": 0.3124718082159767,
        "nauc_map_at_3_std": 0.07613418566926161,
        "nauc_map_at_5_diff1": 0.15966826166125114,
        "nauc_map_at_5_max": 0.3144358608851167,
        "nauc_map_at_5_std": 0.052580422051094484,
        "nauc_mrr_at_1000_diff1": 0.19890856349877079,
        "nauc_mrr_at_1000_max": 0.3583260419088115,
        "nauc_mrr_at_1000_std": 0.009268533572361359,
        "nauc_mrr_at_100_diff1": 0.19827852421449935,
        "nauc_mrr_at_100_max": 0.35798302863977555,
        "nauc_mrr_at_100_std": 0.009833274737588472,
        "nauc_mrr_at_10_diff1": 0.19884052906732697,
        "nauc_mrr_at_10_max": 0.3570155075413159,
        "nauc_mrr_at_10_std": 0.007155471052904363,
        "nauc_mrr_at_1_diff1": 0.22139558646389984,
        "nauc_mrr_at_1_max": 0.3689142621001391,
        "nauc_mrr_at_1_std": 0.017252766470892376,
        "nauc_mrr_at_20_diff1": 0.1986179547465152,
        "nauc_mrr_at_20_max": 0.3558041001717005,
        "nauc_mrr_at_20_std": 0.008478259915921592,
        "nauc_mrr_at_3_diff1": 0.21975235017353775,
        "nauc_mrr_at_3_max": 0.3655912206801792,
        "nauc_mrr_at_3_std": 0.019619514146566288,
        "nauc_mrr_at_5_diff1": 0.2073637843840097,
        "nauc_mrr_at_5_max": 0.35569684283851677,
        "nauc_mrr_at_5_std": 0.015741624432400843,
        "nauc_ndcg_at_1000_diff1": 0.15118910639847424,
        "nauc_ndcg_at_1000_max": 0.38664919052322755,
        "nauc_ndcg_at_1000_std": 0.046217645325170885,
        "nauc_ndcg_at_100_diff1": 0.16693638146770892,
        "nauc_ndcg_at_100_max": 0.3553085297433161,
        "nauc_ndcg_at_100_std": 0.04649462690205798,
        "nauc_ndcg_at_10_diff1": 0.1905579018276188,
        "nauc_ndcg_at_10_max": 0.3481800031092723,
        "nauc_ndcg_at_10_std": 0.05357927176311813,
        "nauc_ndcg_at_1_diff1": 0.2507166979931281,
        "nauc_ndcg_at_1_max": 0.3413835047255402,
        "nauc_ndcg_at_1_std": 0.04452942419624802,
        "nauc_ndcg_at_20_diff1": 0.1717596400077711,
        "nauc_ndcg_at_20_max": 0.33835381840846585,
        "nauc_ndcg_at_20_std": 0.05063960818667275,
        "nauc_ndcg_at_3_diff1": 0.23684324145204183,
        "nauc_ndcg_at_3_max": 0.3617218817450588,
        "nauc_ndcg_at_3_std": 0.057041349805472784,
        "nauc_ndcg_at_5_diff1": 0.21471540571028958,
        "nauc_ndcg_at_5_max": 0.3516038468511712,
        "nauc_ndcg_at_5_std": 0.05874538277504028,
        "nauc_precision_at_1000_diff1": -0.05483107265827273,
        "nauc_precision_at_1000_max": 0.05275020550445484,
        "nauc_precision_at_1000_std": -0.031666582297267376,
        "nauc_precision_at_100_diff1": 0.002554422688560853,
        "nauc_precision_at_100_max": 0.17249364369017073,
        "nauc_precision_at_100_std": 0.032333249250347536,
        "nauc_precision_at_10_diff1": 0.0928426238553706,
        "nauc_precision_at_10_max": 0.3516479476067709,
        "nauc_precision_at_10_std": 0.029340385729946104,
        "nauc_precision_at_1_diff1": 0.22139558646389984,
        "nauc_precision_at_1_max": 0.3689142621001391,
        "nauc_precision_at_1_std": 0.017252766470892376,
        "nauc_precision_at_20_diff1": 0.07239925723441505,
        "nauc_precision_at_20_max": 0.2896303550518192,
        "nauc_precision_at_20_std": 0.022919180394698507,
        "nauc_precision_at_3_diff1": 0.19613346856872946,
        "nauc_precision_at_3_max": 0.3970966845327153,
        "nauc_precision_at_3_std": 0.040479754973825895,
        "nauc_precision_at_5_diff1": 0.1524590819915625,
        "nauc_precision_at_5_max": 0.36508347132536695,
        "nauc_precision_at_5_std": 0.05537667210952888,
        "nauc_recall_at_1000_diff1": 0.027200400056303684,
        "nauc_recall_at_1000_max": 0.17506436066019807,
        "nauc_recall_at_1000_std": -0.0350878277837741,
        "nauc_recall_at_100_diff1": 0.07305752595723197,
        "nauc_recall_at_100_max": 0.20998566717327333,
        "nauc_recall_at_100_std": 0.0019593459294398254,
        "nauc_recall_at_10_diff1": 0.09315237810277209,
        "nauc_recall_at_10_max": 0.24048172327117892,
        "nauc_recall_at_10_std": 0.04495742796217886,
        "nauc_recall_at_1_diff1": 0.26110551013117417,
        "nauc_recall_at_1_max": 0.2821848825386043,
        "nauc_recall_at_1_std": 0.07985293354445103,
        "nauc_recall_at_20_diff1": 0.1065318527004823,
        "nauc_recall_at_20_max": 0.23763442416394526,
        "nauc_recall_at_20_std": 0.053645642444405,
        "nauc_recall_at_3_diff1": 0.17988375826740427,
        "nauc_recall_at_3_max": 0.32186217712339343,
        "nauc_recall_at_3_std": 0.07382615117574466,
        "nauc_recall_at_5_diff1": 0.096776275051876,
        "nauc_recall_at_5_max": 0.2826640263949252,
        "nauc_recall_at_5_std": 0.0057746421909125436,
        "ndcg_at_1": 0.21672,
        "ndcg_at_10": 0.13812,
        "ndcg_at_100": 0.14354,
        "ndcg_at_1000": 0.24501,
        "ndcg_at_20": 0.13217,
        "ndcg_at_3": 0.17276,
        "ndcg_at_5": 0.15847,
        "precision_at_1": 0.2322,
        "precision_at_10": 0.10248,
        "precision_at_100": 0.04195,
        "precision_at_1000": 0.01665,
        "precision_at_20": 0.08142,
        "precision_at_3": 0.16409,
        "precision_at_5": 0.13808,
        "recall_at_1": 0.01543,
        "recall_at_10": 0.06126,
        "recall_at_100": 0.16941,
        "recall_at_1000": 0.53012,
        "recall_at_20": 0.08318,
        "recall_at_3": 0.03493,
        "recall_at_5": 0.04599
      }
    ]
  },
  "task_name": "NFCorpus"
}