{
  "dataset_revision": "ec0fa4fe99da2ff19ca1214b7966684033a58814",
  "evaluation_time": 2.9960343837738037,
  "kg_co2_emissions": null,
  "mteb_version": "1.14.12",
  "scores": {
    "test": [
      {
        "hf_subset": "default",
        "languages": [
          "eng-Latn"
        ],
        "main_score": 0.02955,
        "map_at_1": 0.00094,
        "map_at_10": 0.00338,
        "map_at_100": 0.00656,
        "map_at_1000": 0.01302,
        "map_at_20": 0.00428,
        "map_at_3": 0.00255,
        "map_at_5": 0.00306,
        "mrr_at_1": 0.043343653250773995,
        "mrr_at_10": 0.07441766180156273,
        "mrr_at_100": 0.08618483031605523,
        "mrr_at_1000": 0.08763085597350885,
        "mrr_at_20": 0.08007475156709791,
        "mrr_at_3": 0.061403508771929835,
        "mrr_at_5": 0.0672858617131063,
        "nauc_map_at_1000_diff1": -0.022691764824458744,
        "nauc_map_at_1000_max": -0.057832705620416244,
        "nauc_map_at_1000_std": 0.008035212146017514,
        "nauc_map_at_100_diff1": 0.0376947210955013,
        "nauc_map_at_100_max": -0.06171082783635523,
        "nauc_map_at_100_std": 0.048105650395084715,
        "nauc_map_at_10_diff1": 0.1250744998546712,
        "nauc_map_at_10_max": -0.1474215619006843,
        "nauc_map_at_10_std": 0.08167109279578195,
        "nauc_map_at_1_diff1": -0.21488563470444122,
        "nauc_map_at_1_max": -0.16597227510658574,
        "nauc_map_at_1_std": 0.17947663763754396,
        "nauc_map_at_20_diff1": 0.09908303875269554,
        "nauc_map_at_20_max": -0.0847898796625834,
        "nauc_map_at_20_std": 0.06709987986202655,
        "nauc_map_at_3_diff1": 0.1959367370046826,
        "nauc_map_at_3_max": -0.26089948891202264,
        "nauc_map_at_3_std": 0.09281772721075426,
        "nauc_map_at_5_diff1": 0.1480960089141529,
        "nauc_map_at_5_max": -0.19629139814871843,
        "nauc_map_at_5_std": 0.10525387038606232,
        "nauc_mrr_at_1000_diff1": -0.07347803376668445,
        "nauc_mrr_at_1000_max": -0.07810984046165416,
        "nauc_mrr_at_1000_std": -0.005345245517215042,
        "nauc_mrr_at_100_diff1": -0.07391183070963385,
        "nauc_mrr_at_100_max": -0.07760546646280443,
        "nauc_mrr_at_100_std": -0.004605060549601923,
        "nauc_mrr_at_10_diff1": -0.0751423019026502,
        "nauc_mrr_at_10_max": -0.0850665584665413,
        "nauc_mrr_at_10_std": 0.007450358449652258,
        "nauc_mrr_at_1_diff1": -0.15360437192526413,
        "nauc_mrr_at_1_max": -0.1545554434913104,
        "nauc_mrr_at_1_std": 0.01886715965446307,
        "nauc_mrr_at_20_diff1": -0.07729929214650583,
        "nauc_mrr_at_20_max": -0.07897098798626906,
        "nauc_mrr_at_20_std": -0.002389039098136733,
        "nauc_mrr_at_3_diff1": -0.07539153912983723,
        "nauc_mrr_at_3_max": -0.1297774843229158,
        "nauc_mrr_at_3_std": 0.026933667196181194,
        "nauc_mrr_at_5_diff1": -0.07634521757266068,
        "nauc_mrr_at_5_max": -0.10788487355767126,
        "nauc_mrr_at_5_std": 0.013573769163784983,
        "nauc_ndcg_at_1000_diff1": -0.07183237295047076,
        "nauc_ndcg_at_1000_max": 0.05949586716858688,
        "nauc_ndcg_at_1000_std": -0.11231339794862787,
        "nauc_ndcg_at_100_diff1": -0.07866006989759854,
        "nauc_ndcg_at_100_max": -0.019717150018145866,
        "nauc_ndcg_at_100_std": -0.01730577747585463,
        "nauc_ndcg_at_10_diff1": -0.07638394907644874,
        "nauc_ndcg_at_10_max": -0.08742204200318507,
        "nauc_ndcg_at_10_std": -0.0032799722544726018,
        "nauc_ndcg_at_1_diff1": -0.14715582641527902,
        "nauc_ndcg_at_1_max": -0.14260203733825863,
        "nauc_ndcg_at_1_std": 0.010900080708755741,
        "nauc_ndcg_at_20_diff1": -0.07066781498994,
        "nauc_ndcg_at_20_max": -0.0631240282967922,
        "nauc_ndcg_at_20_std": -0.026031023963943193,
        "nauc_ndcg_at_3_diff1": -0.07960864754862056,
        "nauc_ndcg_at_3_max": -0.14000541477710862,
        "nauc_ndcg_at_3_std": 0.014227217184520623,
        "nauc_ndcg_at_5_diff1": -0.07650960198406856,
        "nauc_ndcg_at_5_max": -0.11211569973343408,
        "nauc_ndcg_at_5_std": 0.0053636188346029064,
        "nauc_precision_at_1000_diff1": -0.0958901684286553,
        "nauc_precision_at_1000_max": -0.10786182681289125,
        "nauc_precision_at_1000_std": -0.06550944514890304,
        "nauc_precision_at_100_diff1": -0.13803080577757648,
        "nauc_precision_at_100_max": -0.08421133598421353,
        "nauc_precision_at_100_std": -0.02043797209741396,
        "nauc_precision_at_10_diff1": -0.09312575451833333,
        "nauc_precision_at_10_max": -0.02412694845775748,
        "nauc_precision_at_10_std": -0.003899580676314244,
        "nauc_precision_at_1_diff1": -0.15360437192526413,
        "nauc_precision_at_1_max": -0.1545554434913104,
        "nauc_precision_at_1_std": 0.01886715965446307,
        "nauc_precision_at_20_diff1": -0.10898720808502842,
        "nauc_precision_at_20_max": -0.016965429388430233,
        "nauc_precision_at_20_std": -0.0448095655270053,
        "nauc_precision_at_3_diff1": -0.09446892261284863,
        "nauc_precision_at_3_max": -0.14363745434166153,
        "nauc_precision_at_3_std": 0.019341751126093577,
        "nauc_precision_at_5_diff1": -0.0777570074240616,
        "nauc_precision_at_5_max": -0.06099979233281389,
        "nauc_precision_at_5_std": 0.010208997913004832,
        "nauc_recall_at_1000_diff1": -0.0202105651983799,
        "nauc_recall_at_1000_max": 0.05286740950826924,
        "nauc_recall_at_1000_std": -0.11721213636987551,
        "nauc_recall_at_100_diff1": -0.057905159346423214,
        "nauc_recall_at_100_max": 0.024984466221451358,
        "nauc_recall_at_100_std": -0.024652352260435547,
        "nauc_recall_at_10_diff1": 0.09540786023054272,
        "nauc_recall_at_10_max": 0.0032830356317107732,
        "nauc_recall_at_10_std": -0.024770124785315727,
        "nauc_recall_at_1_diff1": -0.21488563470444122,
        "nauc_recall_at_1_max": -0.16597227510658574,
        "nauc_recall_at_1_std": 0.17947663763754396,
        "nauc_recall_at_20_diff1": 0.034508437697988274,
        "nauc_recall_at_20_max": 0.042162203243376786,
        "nauc_recall_at_20_std": -0.05089783894969935,
        "nauc_recall_at_3_diff1": 0.2819937510137021,
        "nauc_recall_at_3_max": -0.2780423671624056,
        "nauc_recall_at_3_std": 0.052046229641674144,
        "nauc_recall_at_5_diff1": 0.19296629868711287,
        "nauc_recall_at_5_max": -0.17134553359255097,
        "nauc_recall_at_5_std": 0.05205105665209725,
        "ndcg_at_1": 0.04025,
        "ndcg_at_10": 0.02955,
        "ndcg_at_100": 0.04198,
        "ndcg_at_1000": 0.13917,
        "ndcg_at_20": 0.0296,
        "ndcg_at_3": 0.03475,
        "ndcg_at_5": 0.0339,
        "precision_at_1": 0.04334,
        "precision_at_10": 0.02663,
        "precision_at_100": 0.01867,
        "precision_at_1000": 0.01377,
        "precision_at_20": 0.02523,
        "precision_at_3": 0.03509,
        "precision_at_5": 0.03467,
        "recall_at_1": 0.00094,
        "recall_at_10": 0.00776,
        "recall_at_100": 0.06456,
        "recall_at_1000": 0.40199,
        "recall_at_20": 0.01453,
        "recall_at_3": 0.00424,
        "recall_at_5": 0.00553
      }
    ]
  },
  "task_name": "NFCorpus"
}