{
  "dataset_revision": "ec0fa4fe99da2ff19ca1214b7966684033a58814",
  "evaluation_time": 2.99375319480896,
  "kg_co2_emissions": null,
  "mteb_version": "1.14.12",
  "scores": {
    "test": [
      {
        "hf_subset": "default",
        "languages": [
          "eng-Latn"
        ],
        "main_score": 0.08541,
        "map_at_1": 0.00528,
        "map_at_10": 0.01747,
        "map_at_100": 0.02568,
        "map_at_1000": 0.03344,
        "map_at_20": 0.02005,
        "map_at_3": 0.01209,
        "map_at_5": 0.01481,
        "mrr_at_1": 0.11764705882352941,
        "mrr_at_10": 0.1934935377659837,
        "mrr_at_100": 0.20243322062147118,
        "mrr_at_1000": 0.20370353942097277,
        "mrr_at_20": 0.19803232763938813,
        "mrr_at_3": 0.1697626418988648,
        "mrr_at_5": 0.17920536635706916,
        "nauc_map_at_1000_diff1": 0.11357855330622413,
        "nauc_map_at_1000_max": 0.16137749019942102,
        "nauc_map_at_1000_std": 0.25018508526283156,
        "nauc_map_at_100_diff1": 0.12489456460164632,
        "nauc_map_at_100_max": 0.13534969372904812,
        "nauc_map_at_100_std": 0.2707289648567573,
        "nauc_map_at_10_diff1": 0.16698521273163625,
        "nauc_map_at_10_max": 0.12773984063011237,
        "nauc_map_at_10_std": 0.26859553750406145,
        "nauc_map_at_1_diff1": 0.2525093115160292,
        "nauc_map_at_1_max": 0.09053976001662538,
        "nauc_map_at_1_std": 0.3146501396817407,
        "nauc_map_at_20_diff1": 0.15648037650029376,
        "nauc_map_at_20_max": 0.1274932246717817,
        "nauc_map_at_20_std": 0.2763498985945599,
        "nauc_map_at_3_diff1": 0.2080694258276435,
        "nauc_map_at_3_max": 0.15971082439769477,
        "nauc_map_at_3_std": 0.21590747766766108,
        "nauc_map_at_5_diff1": 0.20593313823996262,
        "nauc_map_at_5_max": 0.14150883868136385,
        "nauc_map_at_5_std": 0.2558060261668163,
        "nauc_mrr_at_1000_diff1": 0.19770918911872518,
        "nauc_mrr_at_1000_max": 0.255475057561134,
        "nauc_mrr_at_1000_std": 0.13782686268847008,
        "nauc_mrr_at_100_diff1": 0.19680222297197147,
        "nauc_mrr_at_100_max": 0.25549446269681775,
        "nauc_mrr_at_100_std": 0.13782337102098244,
        "nauc_mrr_at_10_diff1": 0.19893868184737265,
        "nauc_mrr_at_10_max": 0.2590266511788863,
        "nauc_mrr_at_10_std": 0.13388338049655404,
        "nauc_mrr_at_1_diff1": 0.2490153019968249,
        "nauc_mrr_at_1_max": 0.2743853507528212,
        "nauc_mrr_at_1_std": 0.15675945162645946,
        "nauc_mrr_at_20_diff1": 0.19894287936239413,
        "nauc_mrr_at_20_max": 0.2534948635457477,
        "nauc_mrr_at_20_std": 0.1373398248601604,
        "nauc_mrr_at_3_diff1": 0.21042993395485637,
        "nauc_mrr_at_3_max": 0.26183592692759955,
        "nauc_mrr_at_3_std": 0.1263724589505378,
        "nauc_mrr_at_5_diff1": 0.20241663321023065,
        "nauc_mrr_at_5_max": 0.2433814240058106,
        "nauc_mrr_at_5_std": 0.14163899104657063,
        "nauc_ndcg_at_1000_diff1": 0.09164840465832101,
        "nauc_ndcg_at_1000_max": 0.21780553022550606,
        "nauc_ndcg_at_1000_std": 0.2018173995067279,
        "nauc_ndcg_at_100_diff1": 0.14261896612830316,
        "nauc_ndcg_at_100_max": 0.1884570622531962,
        "nauc_ndcg_at_100_std": 0.22249564531455837,
        "nauc_ndcg_at_10_diff1": 0.1646257395652445,
        "nauc_ndcg_at_10_max": 0.2467554134378494,
        "nauc_ndcg_at_10_std": 0.192285798258307,
        "nauc_ndcg_at_1_diff1": 0.26869645816507426,
        "nauc_ndcg_at_1_max": 0.24989583939845045,
        "nauc_ndcg_at_1_std": 0.17797675091036402,
        "nauc_ndcg_at_20_diff1": 0.16179009982347844,
        "nauc_ndcg_at_20_max": 0.2327027774950375,
        "nauc_ndcg_at_20_std": 0.20324592058916255,
        "nauc_ndcg_at_3_diff1": 0.21940032344514915,
        "nauc_ndcg_at_3_max": 0.2723902390329127,
        "nauc_ndcg_at_3_std": 0.15364512614538198,
        "nauc_ndcg_at_5_diff1": 0.19986900505256402,
        "nauc_ndcg_at_5_max": 0.24249297342224332,
        "nauc_ndcg_at_5_std": 0.18842518917257325,
        "nauc_precision_at_1000_diff1": 0.0040719619065257145,
        "nauc_precision_at_1000_max": 0.2259495178593178,
        "nauc_precision_at_1000_std": -0.07876655815163429,
        "nauc_precision_at_100_diff1": 0.041564469494218596,
        "nauc_precision_at_100_max": 0.26375296992581215,
        "nauc_precision_at_100_std": 0.05976603331915488,
        "nauc_precision_at_10_diff1": 0.06353215227123446,
        "nauc_precision_at_10_max": 0.2516235744765212,
        "nauc_precision_at_10_std": 0.1610675978233712,
        "nauc_precision_at_1_diff1": 0.2490153019968249,
        "nauc_precision_at_1_max": 0.2743853507528212,
        "nauc_precision_at_1_std": 0.15675945162645946,
        "nauc_precision_at_20_diff1": 0.047178819878047354,
        "nauc_precision_at_20_max": 0.24423873607464086,
        "nauc_precision_at_20_std": 0.15347990080877744,
        "nauc_precision_at_3_diff1": 0.17573794764058573,
        "nauc_precision_at_3_max": 0.29619330996368537,
        "nauc_precision_at_3_std": 0.130948432874239,
        "nauc_precision_at_5_diff1": 0.1414880090670226,
        "nauc_precision_at_5_max": 0.2321990775900292,
        "nauc_precision_at_5_std": 0.18187880659857292,
        "nauc_recall_at_1000_diff1": -0.025062563502148943,
        "nauc_recall_at_1000_max": 0.04575675430562574,
        "nauc_recall_at_1000_std": 0.11198646112812563,
        "nauc_recall_at_100_diff1": 0.1121782053588985,
        "nauc_recall_at_100_max": 0.07891201860517456,
        "nauc_recall_at_100_std": 0.21118237417335,
        "nauc_recall_at_10_diff1": 0.15787424000323338,
        "nauc_recall_at_10_max": 0.0718832921474549,
        "nauc_recall_at_10_std": 0.2669147967421909,
        "nauc_recall_at_1_diff1": 0.2525093115160292,
        "nauc_recall_at_1_max": 0.09053976001662538,
        "nauc_recall_at_1_std": 0.3146501396817407,
        "nauc_recall_at_20_diff1": 0.16107586874169985,
        "nauc_recall_at_20_max": 0.04738859498795893,
        "nauc_recall_at_20_std": 0.2399849909496044,
        "nauc_recall_at_3_diff1": 0.18901179504632076,
        "nauc_recall_at_3_max": 0.1526820596537278,
        "nauc_recall_at_3_std": 0.15437972616646337,
        "nauc_recall_at_5_diff1": 0.19865884952107676,
        "nauc_recall_at_5_max": 0.10613168800297948,
        "nauc_recall_at_5_std": 0.24635925819626664,
        "ndcg_at_1": 0.10836,
        "ndcg_at_10": 0.08541,
        "ndcg_at_100": 0.09789,
        "ndcg_at_1000": 0.1955,
        "ndcg_at_20": 0.08083,
        "ndcg_at_3": 0.1008,
        "ndcg_at_5": 0.09399,
        "precision_at_1": 0.11765,
        "precision_at_10": 0.07183,
        "precision_at_100": 0.0322,
        "precision_at_1000": 0.0153,
        "precision_at_20": 0.05666,
        "precision_at_3": 0.10217,
        "precision_at_5": 0.08793,
        "recall_at_1": 0.00528,
        "recall_at_10": 0.03477,
        "recall_at_100": 0.13122,
        "recall_at_1000": 0.47201,
        "recall_at_20": 0.05074,
        "recall_at_3": 0.01846,
        "recall_at_5": 0.02546
      }
    ]
  },
  "task_name": "NFCorpus"
}