{
  "dataset_revision": "ec0fa4fe99da2ff19ca1214b7966684033a58814",
  "evaluation_time": 2.9797120094299316,
  "kg_co2_emissions": null,
  "mteb_version": "1.14.12",
  "scores": {
    "test": [
      {
        "hf_subset": "default",
        "languages": [
          "eng-Latn"
        ],
        "main_score": 0.08271,
        "map_at_1": 0.00528,
        "map_at_10": 0.01684,
        "map_at_100": 0.0253,
        "map_at_1000": 0.03312,
        "map_at_20": 0.01931,
        "map_at_3": 0.01196,
        "map_at_5": 0.01418,
        "mrr_at_1": 0.11455108359133127,
        "mrr_at_10": 0.1891542581945059,
        "mrr_at_100": 0.19928128745445106,
        "mrr_at_1000": 0.2004666333202561,
        "mrr_at_20": 0.19434145815173634,
        "mrr_at_3": 0.16305469556243551,
        "mrr_at_5": 0.1759029927760578,
        "nauc_map_at_1000_diff1": 0.13320591426000963,
        "nauc_map_at_1000_max": 0.15362575900623612,
        "nauc_map_at_1000_std": 0.2803480585659456,
        "nauc_map_at_100_diff1": 0.14537020571401005,
        "nauc_map_at_100_max": 0.12869731960116002,
        "nauc_map_at_100_std": 0.29735287885105843,
        "nauc_map_at_10_diff1": 0.19975868475323852,
        "nauc_map_at_10_max": 0.11853094216077734,
        "nauc_map_at_10_std": 0.29786255852597177,
        "nauc_map_at_1_diff1": 0.29291016272256154,
        "nauc_map_at_1_max": 0.06608131054011845,
        "nauc_map_at_1_std": 0.3796011361365685,
        "nauc_map_at_20_diff1": 0.18664515910106932,
        "nauc_map_at_20_max": 0.11989153195723506,
        "nauc_map_at_20_std": 0.31041984320510135,
        "nauc_map_at_3_diff1": 0.2431081419048952,
        "nauc_map_at_3_max": 0.13393066909962265,
        "nauc_map_at_3_std": 0.2606136778255109,
        "nauc_map_at_5_diff1": 0.21988993936675402,
        "nauc_map_at_5_max": 0.11346648427174931,
        "nauc_map_at_5_std": 0.292257645668713,
        "nauc_mrr_at_1000_diff1": 0.22602490169386705,
        "nauc_mrr_at_1000_max": 0.26571305055548905,
        "nauc_mrr_at_1000_std": 0.16589412687678515,
        "nauc_mrr_at_100_diff1": 0.22504208053030278,
        "nauc_mrr_at_100_max": 0.2653720954971119,
        "nauc_mrr_at_100_std": 0.16550135843040972,
        "nauc_mrr_at_10_diff1": 0.22443032838438107,
        "nauc_mrr_at_10_max": 0.2634277899945464,
        "nauc_mrr_at_10_std": 0.16493593421239297,
        "nauc_mrr_at_1_diff1": 0.30357655011130574,
        "nauc_mrr_at_1_max": 0.28865874887326504,
        "nauc_mrr_at_1_std": 0.1999417374641973,
        "nauc_mrr_at_20_diff1": 0.22751080597906406,
        "nauc_mrr_at_20_max": 0.2653696193345795,
        "nauc_mrr_at_20_std": 0.16375993432344665,
        "nauc_mrr_at_3_diff1": 0.23855466614005416,
        "nauc_mrr_at_3_max": 0.2704918712551122,
        "nauc_mrr_at_3_std": 0.16933654639043064,
        "nauc_mrr_at_5_diff1": 0.23432157466604803,
        "nauc_mrr_at_5_max": 0.25927030991534067,
        "nauc_mrr_at_5_std": 0.16705589410945784,
        "nauc_ndcg_at_1000_diff1": 0.08512664271561177,
        "nauc_ndcg_at_1000_max": 0.21149378366675886,
        "nauc_ndcg_at_1000_std": 0.22990098187817445,
        "nauc_ndcg_at_100_diff1": 0.1439988400108461,
        "nauc_ndcg_at_100_max": 0.1842365749577241,
        "nauc_ndcg_at_100_std": 0.2402138861990061,
        "nauc_ndcg_at_10_diff1": 0.19041366224534748,
        "nauc_ndcg_at_10_max": 0.2561320114144272,
        "nauc_ndcg_at_10_std": 0.22078031885112015,
        "nauc_ndcg_at_1_diff1": 0.3270620303608614,
        "nauc_ndcg_at_1_max": 0.27171995575525165,
        "nauc_ndcg_at_1_std": 0.2252941718072557,
        "nauc_ndcg_at_20_diff1": 0.19139623375688894,
        "nauc_ndcg_at_20_max": 0.2423203445052879,
        "nauc_ndcg_at_20_std": 0.2338697019833759,
        "nauc_ndcg_at_3_diff1": 0.2330071911187277,
        "nauc_ndcg_at_3_max": 0.2883890081703785,
        "nauc_ndcg_at_3_std": 0.19215511423494241,
        "nauc_ndcg_at_5_diff1": 0.21336965751529063,
        "nauc_ndcg_at_5_max": 0.2621396546071303,
        "nauc_ndcg_at_5_std": 0.21765654720864883,
        "nauc_precision_at_1000_diff1": 0.047125497693010956,
        "nauc_precision_at_1000_max": 0.21608071720187555,
        "nauc_precision_at_1000_std": -0.04426121398270688,
        "nauc_precision_at_100_diff1": 0.05155285192299568,
        "nauc_precision_at_100_max": 0.27046607092542896,
        "nauc_precision_at_100_std": 0.08818666544259125,
        "nauc_precision_at_10_diff1": 0.07529557620770139,
        "nauc_precision_at_10_max": 0.2517420829585342,
        "nauc_precision_at_10_std": 0.18101487644233877,
        "nauc_precision_at_1_diff1": 0.30357655011130574,
        "nauc_precision_at_1_max": 0.28865874887326504,
        "nauc_precision_at_1_std": 0.1999417374641973,
        "nauc_precision_at_20_diff1": 0.07219451490720862,
        "nauc_precision_at_20_max": 0.2531638128985361,
        "nauc_precision_at_20_std": 0.16808168526833958,
        "nauc_precision_at_3_diff1": 0.17136500033750415,
        "nauc_precision_at_3_max": 0.3080613871071793,
        "nauc_precision_at_3_std": 0.16392464388298597,
        "nauc_precision_at_5_diff1": 0.14388543664852999,
        "nauc_precision_at_5_max": 0.25729601206060093,
        "nauc_precision_at_5_std": 0.19570785961971257,
        "nauc_recall_at_1000_diff1": -0.08611471854538719,
        "nauc_recall_at_1000_max": 0.028301886664984583,
        "nauc_recall_at_1000_std": 0.1386810654263636,
        "nauc_recall_at_100_diff1": 0.04375641864037136,
        "nauc_recall_at_100_max": 0.05196326816765754,
        "nauc_recall_at_100_std": 0.20623676751172554,
        "nauc_recall_at_10_diff1": 0.1874811317256641,
        "nauc_recall_at_10_max": 0.08392933790620145,
        "nauc_recall_at_10_std": 0.2600381519807076,
        "nauc_recall_at_1_diff1": 0.29291016272256154,
        "nauc_recall_at_1_max": 0.06608131054011845,
        "nauc_recall_at_1_std": 0.3796011361365685,
        "nauc_recall_at_20_diff1": 0.1832726843124409,
        "nauc_recall_at_20_max": 0.06733825645072357,
        "nauc_recall_at_20_std": 0.2741637150142905,
        "nauc_recall_at_3_diff1": 0.20637861808878324,
        "nauc_recall_at_3_max": 0.11432293048694156,
        "nauc_recall_at_3_std": 0.18895731039842964,
        "nauc_recall_at_5_diff1": 0.18686640350760336,
        "nauc_recall_at_5_max": 0.06721846706195957,
        "nauc_recall_at_5_std": 0.2612934034475368,
        "ndcg_at_1": 0.10526,
        "ndcg_at_10": 0.08271,
        "ndcg_at_100": 0.09777,
        "ndcg_at_1000": 0.19537,
        "ndcg_at_20": 0.07849,
        "ndcg_at_3": 0.09649,
        "ndcg_at_5": 0.09051,
        "precision_at_1": 0.11455,
        "precision_at_10": 0.06935,
        "precision_at_100": 0.0322,
        "precision_at_1000": 0.0153,
        "precision_at_20": 0.05495,
        "precision_at_3": 0.09701,
        "precision_at_5": 0.08483,
        "recall_at_1": 0.00528,
        "recall_at_10": 0.03318,
        "recall_at_100": 0.1318,
        "recall_at_1000": 0.47115,
        "recall_at_20": 0.04645,
        "recall_at_3": 0.018,
        "recall_at_5": 0.02385
      }
    ]
  },
  "task_name": "NFCorpus"
}