{
  "dataset_revision": "ec0fa4fe99da2ff19ca1214b7966684033a58814",
  "evaluation_time": 3.0181241035461426,
  "kg_co2_emissions": null,
  "mteb_version": "1.14.12",
  "scores": {
    "test": [
      {
        "hf_subset": "default",
        "languages": [
          "eng-Latn"
        ],
        "main_score": 0.26265,
        "map_at_1": 0.0376,
        "map_at_10": 0.08863,
        "map_at_100": 0.11262,
        "map_at_1000": 0.1252,
        "map_at_20": 0.09782,
        "map_at_3": 0.06563,
        "map_at_5": 0.07629,
        "mrr_at_1": 0.3684210526315789,
        "mrr_at_10": 0.4496400314511771,
        "mrr_at_100": 0.45641328581343826,
        "mrr_at_1000": 0.45703263925277104,
        "mrr_at_20": 0.4530550242915694,
        "mrr_at_3": 0.4282765737874098,
        "mrr_at_5": 0.44081527347781213,
        "nauc_map_at_1000_diff1": 0.22017286224235175,
        "nauc_map_at_1000_max": 0.35669601697674563,
        "nauc_map_at_1000_std": 0.22315302231320644,
        "nauc_map_at_100_diff1": 0.2359139986192598,
        "nauc_map_at_100_max": 0.3484411662398808,
        "nauc_map_at_100_std": 0.19101403099267464,
        "nauc_map_at_10_diff1": 0.2597429974489274,
        "nauc_map_at_10_max": 0.3073812679534547,
        "nauc_map_at_10_std": 0.08853878031662754,
        "nauc_map_at_1_diff1": 0.3567164319642601,
        "nauc_map_at_1_max": 0.19038588593412234,
        "nauc_map_at_1_std": -0.07046405453009512,
        "nauc_map_at_20_diff1": 0.25219080262461596,
        "nauc_map_at_20_max": 0.3304532992026919,
        "nauc_map_at_20_std": 0.14035561886258582,
        "nauc_map_at_3_diff1": 0.2981328092541017,
        "nauc_map_at_3_max": 0.2581392185933398,
        "nauc_map_at_3_std": 0.013521423718215176,
        "nauc_map_at_5_diff1": 0.27742898359947166,
        "nauc_map_at_5_max": 0.2738691949886865,
        "nauc_map_at_5_std": 0.038519031167665946,
        "nauc_mrr_at_1000_diff1": 0.3064014801922129,
        "nauc_mrr_at_1000_max": 0.4032039851347362,
        "nauc_mrr_at_1000_std": 0.18679137355587527,
        "nauc_mrr_at_100_diff1": 0.30625375263323246,
        "nauc_mrr_at_100_max": 0.4033716976252334,
        "nauc_mrr_at_100_std": 0.18703689216020267,
        "nauc_mrr_at_10_diff1": 0.3077775692477987,
        "nauc_mrr_at_10_max": 0.39870710217382554,
        "nauc_mrr_at_10_std": 0.1832082972766924,
        "nauc_mrr_at_1_diff1": 0.34573818594939554,
        "nauc_mrr_at_1_max": 0.335053941430279,
        "nauc_mrr_at_1_std": 0.10481209147039112,
        "nauc_mrr_at_20_diff1": 0.3060851733524145,
        "nauc_mrr_at_20_max": 0.40359328525955657,
        "nauc_mrr_at_20_std": 0.18729007655283442,
        "nauc_mrr_at_3_diff1": 0.3056032627987034,
        "nauc_mrr_at_3_max": 0.39213743111662497,
        "nauc_mrr_at_3_std": 0.17118347243846743,
        "nauc_mrr_at_5_diff1": 0.30645070052062334,
        "nauc_mrr_at_5_max": 0.39806847917687227,
        "nauc_mrr_at_5_std": 0.1743977734117164,
        "nauc_ndcg_at_1000_diff1": 0.22722519896828156,
        "nauc_ndcg_at_1000_max": 0.49101984129026266,
        "nauc_ndcg_at_1000_std": 0.3701053276601605,
        "nauc_ndcg_at_100_diff1": 0.2127105414365517,
        "nauc_ndcg_at_100_max": 0.4144525375967449,
        "nauc_ndcg_at_100_std": 0.2809966675881229,
        "nauc_ndcg_at_10_diff1": 0.18856771434307779,
        "nauc_ndcg_at_10_max": 0.3782126117605811,
        "nauc_ndcg_at_10_std": 0.2462635853765399,
        "nauc_ndcg_at_1_diff1": 0.3437130952126557,
        "nauc_ndcg_at_1_max": 0.3171304934236469,
        "nauc_ndcg_at_1_std": 0.09972564220926561,
        "nauc_ndcg_at_20_diff1": 0.17988885305779972,
        "nauc_ndcg_at_20_max": 0.37775779003736826,
        "nauc_ndcg_at_20_std": 0.26057042567830657,
        "nauc_ndcg_at_3_diff1": 0.23531970410950107,
        "nauc_ndcg_at_3_max": 0.3665091999895998,
        "nauc_ndcg_at_3_std": 0.19207316043953088,
        "nauc_ndcg_at_5_diff1": 0.21642094121207403,
        "nauc_ndcg_at_5_max": 0.375141497521807,
        "nauc_ndcg_at_5_std": 0.21679721305215102,
        "nauc_precision_at_1000_diff1": -0.1427423904123603,
        "nauc_precision_at_1000_max": 0.05406162659105602,
        "nauc_precision_at_1000_std": 0.22444497608657177,
        "nauc_precision_at_100_diff1": -0.10057855060412868,
        "nauc_precision_at_100_max": 0.1980910489758825,
        "nauc_precision_at_100_std": 0.36688360352847327,
        "nauc_precision_at_10_diff1": 0.03521641409028428,
        "nauc_precision_at_10_max": 0.3638414876950064,
        "nauc_precision_at_10_std": 0.35926908048588324,
        "nauc_precision_at_1_diff1": 0.34573818594939554,
        "nauc_precision_at_1_max": 0.335053941430279,
        "nauc_precision_at_1_std": 0.10481209147039112,
        "nauc_precision_at_20_diff1": -0.019626278510491514,
        "nauc_precision_at_20_max": 0.32055515443654475,
        "nauc_precision_at_20_std": 0.3985459193892634,
        "nauc_precision_at_3_diff1": 0.14889342918450144,
        "nauc_precision_at_3_max": 0.3860915745158869,
        "nauc_precision_at_3_std": 0.26303918362969864,
        "nauc_precision_at_5_diff1": 0.09905819235213192,
        "nauc_precision_at_5_max": 0.3825051411421858,
        "nauc_precision_at_5_std": 0.3041453829568198,
        "nauc_recall_at_1000_diff1": 0.11116140653826531,
        "nauc_recall_at_1000_max": 0.31693298658541635,
        "nauc_recall_at_1000_std": 0.3198961885335454,
        "nauc_recall_at_100_diff1": 0.16203617280707597,
        "nauc_recall_at_100_max": 0.2919121543387733,
        "nauc_recall_at_100_std": 0.21476232405205392,
        "nauc_recall_at_10_diff1": 0.21588586049808464,
        "nauc_recall_at_10_max": 0.2283338690811107,
        "nauc_recall_at_10_std": 0.06614945813247147,
        "nauc_recall_at_1_diff1": 0.3567164319642601,
        "nauc_recall_at_1_max": 0.19038588593412234,
        "nauc_recall_at_1_std": -0.07046405453009512,
        "nauc_recall_at_20_diff1": 0.1937793297252627,
        "nauc_recall_at_20_max": 0.26618893947797406,
        "nauc_recall_at_20_std": 0.13721343763142405,
        "nauc_recall_at_3_diff1": 0.2641297202580858,
        "nauc_recall_at_3_max": 0.2383755904333116,
        "nauc_recall_at_3_std": 0.008768262943455453,
        "nauc_recall_at_5_diff1": 0.24242290082030593,
        "nauc_recall_at_5_max": 0.22261459668501563,
        "nauc_recall_at_5_std": 0.014441889030832347,
        "ndcg_at_1": 0.35139,
        "ndcg_at_10": 0.26265,
        "ndcg_at_100": 0.24683,
        "ndcg_at_1000": 0.33737,
        "ndcg_at_20": 0.24243,
        "ndcg_at_3": 0.30785,
        "ndcg_at_5": 0.28736,
        "precision_at_1": 0.36842,
        "precision_at_10": 0.19381,
        "precision_at_100": 0.06601,
        "precision_at_1000": 0.0192,
        "precision_at_20": 0.14195,
        "precision_at_3": 0.28999,
        "precision_at_5": 0.24706,
        "recall_at_1": 0.0376,
        "recall_at_10": 0.12778,
        "recall_at_100": 0.26021,
        "recall_at_1000": 0.57712,
        "recall_at_20": 0.15362,
        "recall_at_3": 0.07534,
        "recall_at_5": 0.09611
      }
    ]
  },
  "task_name": "NFCorpus"
}