{
  "dataset_revision": "ec0fa4fe99da2ff19ca1214b7966684033a58814",
  "evaluation_time": 3.0220117568969727,
  "kg_co2_emissions": null,
  "mteb_version": "1.14.12",
  "scores": {
    "test": [
      {
        "hf_subset": "default",
        "languages": [
          "eng-Latn"
        ],
        "main_score": 0.0143,
        "map_at_1": 5e-05,
        "map_at_10": 0.00121,
        "map_at_100": 0.00259,
        "map_at_1000": 0.00712,
        "map_at_20": 0.00158,
        "map_at_3": 0.00033,
        "map_at_5": 0.00067,
        "mrr_at_1": 0.009287925696594427,
        "mrr_at_10": 0.03633839500712564,
        "mrr_at_100": 0.04686506033391235,
        "mrr_at_1000": 0.048643074254421985,
        "mrr_at_20": 0.04141105458296745,
        "mrr_at_3": 0.020639834881320946,
        "mrr_at_5": 0.028379772961816305,
        "nauc_map_at_1000_diff1": 0.00785213528460761,
        "nauc_map_at_1000_max": -0.01099054762195297,
        "nauc_map_at_1000_std": 0.02996546815857532,
        "nauc_map_at_100_diff1": 0.15925188287417794,
        "nauc_map_at_100_max": -0.17849701916636088,
        "nauc_map_at_100_std": 0.20964017988144315,
        "nauc_map_at_10_diff1": 0.16740058188427048,
        "nauc_map_at_10_max": -0.1932732034290138,
        "nauc_map_at_10_std": 0.16980852593465784,
        "nauc_map_at_1_diff1": 0.5804634558727986,
        "nauc_map_at_1_max": -0.286074521806235,
        "nauc_map_at_1_std": 0.6268211181018573,
        "nauc_map_at_20_diff1": 0.15148695171936535,
        "nauc_map_at_20_max": -0.16697614692757837,
        "nauc_map_at_20_std": 0.17525270150730646,
        "nauc_map_at_3_diff1": 0.09799588587941044,
        "nauc_map_at_3_max": -0.2740382034225903,
        "nauc_map_at_3_std": 0.26314234534053965,
        "nauc_map_at_5_diff1": 0.13910009132045556,
        "nauc_map_at_5_max": -0.12474466447049813,
        "nauc_map_at_5_std": 0.1374795003222648,
        "nauc_mrr_at_1000_diff1": -0.03633316933823097,
        "nauc_mrr_at_1000_max": 0.035229792423934043,
        "nauc_mrr_at_1000_std": 0.03082628067606206,
        "nauc_mrr_at_100_diff1": -0.035843280936147325,
        "nauc_mrr_at_100_max": 0.034275780095131485,
        "nauc_mrr_at_100_std": 0.03370621589852298,
        "nauc_mrr_at_10_diff1": -0.008470933523212855,
        "nauc_mrr_at_10_max": 0.021565055070644254,
        "nauc_mrr_at_10_std": 0.056994129650537684,
        "nauc_mrr_at_1_diff1": 0.057069218187740044,
        "nauc_mrr_at_1_max": 0.06146787250185659,
        "nauc_mrr_at_1_std": 0.17504302429662086,
        "nauc_mrr_at_20_diff1": -0.028673735138175213,
        "nauc_mrr_at_20_max": 0.035630427413789786,
        "nauc_mrr_at_20_std": 0.03979656651622423,
        "nauc_mrr_at_3_diff1": -0.03057504353522017,
        "nauc_mrr_at_3_max": 0.01996879844087318,
        "nauc_mrr_at_3_std": 0.0653436762288838,
        "nauc_mrr_at_5_diff1": -0.00026455877985975855,
        "nauc_mrr_at_5_max": 0.016934775594407207,
        "nauc_mrr_at_5_std": 0.06730717290522102,
        "nauc_ndcg_at_1000_diff1": -0.07060021871989262,
        "nauc_ndcg_at_1000_max": 0.0643055540380308,
        "nauc_ndcg_at_1000_std": -0.07613625519473571,
        "nauc_ndcg_at_100_diff1": 0.0364135322078613,
        "nauc_ndcg_at_100_max": -0.06218735593393697,
        "nauc_ndcg_at_100_std": 0.10704001121059056,
        "nauc_ndcg_at_10_diff1": 0.016006325549226985,
        "nauc_ndcg_at_10_max": 0.008814767822087847,
        "nauc_ndcg_at_10_std": 0.04255283048796194,
        "nauc_ndcg_at_1_diff1": 0.057069218187740044,
        "nauc_ndcg_at_1_max": 0.06146787250185659,
        "nauc_ndcg_at_1_std": 0.17504302429662086,
        "nauc_ndcg_at_20_diff1": -0.006731880145863924,
        "nauc_ndcg_at_20_max": 0.03564576508529554,
        "nauc_ndcg_at_20_std": 0.03972794790666007,
        "nauc_ndcg_at_3_diff1": -0.05103986130740235,
        "nauc_ndcg_at_3_max": 0.08210768039094249,
        "nauc_ndcg_at_3_std": 0.01404067322019615,
        "nauc_ndcg_at_5_diff1": 0.010353343036230795,
        "nauc_ndcg_at_5_max": 0.05396211171659941,
        "nauc_ndcg_at_5_std": 0.035995767180973484,
        "nauc_precision_at_1000_diff1": -0.21440788920164502,
        "nauc_precision_at_1000_max": 0.20591509301940097,
        "nauc_precision_at_1000_std": -0.22647595306917148,
        "nauc_precision_at_100_diff1": -0.11835499910559642,
        "nauc_precision_at_100_max": 0.11904088859282763,
        "nauc_precision_at_100_std": -0.09295180361181957,
        "nauc_precision_at_10_diff1": 0.025937713747565896,
        "nauc_precision_at_10_max": -0.0016606280090341805,
        "nauc_precision_at_10_std": 0.04913324073621969,
        "nauc_precision_at_1_diff1": 0.057069218187740044,
        "nauc_precision_at_1_max": 0.06146787250185659,
        "nauc_precision_at_1_std": 0.17504302429662086,
        "nauc_precision_at_20_diff1": -0.04252172854717489,
        "nauc_precision_at_20_max": 0.09113922599552868,
        "nauc_precision_at_20_std": 0.01970982191560276,
        "nauc_precision_at_3_diff1": -0.052245298661717066,
        "nauc_precision_at_3_max": 0.03698899367329399,
        "nauc_precision_at_3_std": 0.006853889441652164,
        "nauc_precision_at_5_diff1": 0.03452502655756,
        "nauc_precision_at_5_max": 0.013206979104086766,
        "nauc_precision_at_5_std": 0.03726282712182586,
        "nauc_recall_at_1000_diff1": -0.05587152991141787,
        "nauc_recall_at_1000_max": 0.04876870676843321,
        "nauc_recall_at_1000_std": -0.05593331100877384,
        "nauc_recall_at_100_diff1": 0.16877370570573513,
        "nauc_recall_at_100_max": -0.23648980470593503,
        "nauc_recall_at_100_std": 0.2887211844642984,
        "nauc_recall_at_10_diff1": 0.12092702723169775,
        "nauc_recall_at_10_max": -0.18907840787826227,
        "nauc_recall_at_10_std": 0.14576459675578574,
        "nauc_recall_at_1_diff1": 0.5804634558727986,
        "nauc_recall_at_1_max": -0.286074521806235,
        "nauc_recall_at_1_std": 0.6268211181018573,
        "nauc_recall_at_20_diff1": 0.0854172405461372,
        "nauc_recall_at_20_max": -0.14719872701245437,
        "nauc_recall_at_20_std": 0.13815357950213997,
        "nauc_recall_at_3_diff1": 0.14689914925161052,
        "nauc_recall_at_3_max": -0.3100989775005966,
        "nauc_recall_at_3_std": 0.30111323356670494,
        "nauc_recall_at_5_diff1": 0.14339072294622202,
        "nauc_recall_at_5_max": -0.06700459671038328,
        "nauc_recall_at_5_std": 0.12303207562825876,
        "ndcg_at_1": 0.00929,
        "ndcg_at_10": 0.0143,
        "ndcg_at_100": 0.02496,
        "ndcg_at_1000": 0.11432,
        "ndcg_at_20": 0.01477,
        "ndcg_at_3": 0.01141,
        "ndcg_at_5": 0.01307,
        "precision_at_1": 0.00929,
        "precision_at_10": 0.01517,
        "precision_at_100": 0.01294,
        "precision_at_1000": 0.01185,
        "precision_at_20": 0.01378,
        "precision_at_3": 0.01238,
        "precision_at_5": 0.01486,
        "recall_at_1": 5e-05,
        "recall_at_10": 0.0059,
        "recall_at_100": 0.03829,
        "recall_at_1000": 0.35358,
        "recall_at_20": 0.01049,
        "recall_at_3": 0.00067,
        "recall_at_5": 0.0021
      }
    ]
  },
  "task_name": "NFCorpus"
}