{
  "dataset_revision": "ec0fa4fe99da2ff19ca1214b7966684033a58814",
  "evaluation_time": 3.0478763580322266,
  "kg_co2_emissions": null,
  "mteb_version": "1.14.12",
  "scores": {
    "test": [
      {
        "hf_subset": "default",
        "languages": [
          "eng-Latn"
        ],
        "main_score": 0.05808,
        "map_at_1": 0.00402,
        "map_at_10": 0.01137,
        "map_at_100": 0.01837,
        "map_at_1000": 0.02642,
        "map_at_20": 0.01347,
        "map_at_3": 0.00734,
        "map_at_5": 0.00859,
        "mrr_at_1": 0.07430340557275542,
        "mrr_at_10": 0.12382795223352504,
        "mrr_at_100": 0.13595038722663477,
        "mrr_at_1000": 0.13724846781896186,
        "mrr_at_20": 0.12941677534552007,
        "mrr_at_3": 0.10268317853457172,
        "mrr_at_5": 0.11444788441692468,
        "nauc_map_at_1000_diff1": 0.0002924137101196029,
        "nauc_map_at_1000_max": 0.19065239128230724,
        "nauc_map_at_1000_std": 0.290105475235843,
        "nauc_map_at_100_diff1": -0.01953272903900921,
        "nauc_map_at_100_max": 0.16931139542544477,
        "nauc_map_at_100_std": 0.3260832089983025,
        "nauc_map_at_10_diff1": -0.03100307810923354,
        "nauc_map_at_10_max": 0.19361330353975229,
        "nauc_map_at_10_std": 0.29425654157126974,
        "nauc_map_at_1_diff1": -0.01641458220154312,
        "nauc_map_at_1_max": 0.36496685563210807,
        "nauc_map_at_1_std": 0.1491451537698932,
        "nauc_map_at_20_diff1": -0.02801919552917862,
        "nauc_map_at_20_max": 0.18478444349948378,
        "nauc_map_at_20_std": 0.31472199628660846,
        "nauc_map_at_3_diff1": -0.09084900676204848,
        "nauc_map_at_3_max": 0.2402263544262103,
        "nauc_map_at_3_std": 0.1981875856449233,
        "nauc_map_at_5_diff1": -0.07787665223260622,
        "nauc_map_at_5_max": 0.21101042492846672,
        "nauc_map_at_5_std": 0.2286605882622736,
        "nauc_mrr_at_1000_diff1": 0.19796912837377978,
        "nauc_mrr_at_1000_max": 0.15801036743966282,
        "nauc_mrr_at_1000_std": 0.2841636750160044,
        "nauc_mrr_at_100_diff1": 0.1965951161801644,
        "nauc_mrr_at_100_max": 0.15737912805138918,
        "nauc_mrr_at_100_std": 0.2840267131253596,
        "nauc_mrr_at_10_diff1": 0.1998753338767593,
        "nauc_mrr_at_10_max": 0.15445102783775316,
        "nauc_mrr_at_10_std": 0.28507528598335735,
        "nauc_mrr_at_1_diff1": 0.3229172299281486,
        "nauc_mrr_at_1_max": 0.206760170454557,
        "nauc_mrr_at_1_std": 0.41057887660364306,
        "nauc_mrr_at_20_diff1": 0.1992529590037772,
        "nauc_mrr_at_20_max": 0.15266051293793897,
        "nauc_mrr_at_20_std": 0.28615387107269774,
        "nauc_mrr_at_3_diff1": 0.25197512223204893,
        "nauc_mrr_at_3_max": 0.1556303297469677,
        "nauc_mrr_at_3_std": 0.3232835216814667,
        "nauc_mrr_at_5_diff1": 0.20302431646255026,
        "nauc_mrr_at_5_max": 0.1493694428269742,
        "nauc_mrr_at_5_std": 0.3034027983885362,
        "nauc_ndcg_at_1000_diff1": 0.04226998430278174,
        "nauc_ndcg_at_1000_max": 0.22621017457003323,
        "nauc_ndcg_at_1000_std": 0.19410062357183838,
        "nauc_ndcg_at_100_diff1": 0.035910809742124856,
        "nauc_ndcg_at_100_max": 0.1613348742210417,
        "nauc_ndcg_at_100_std": 0.24890167199042657,
        "nauc_ndcg_at_10_diff1": 0.1202144991538722,
        "nauc_ndcg_at_10_max": 0.20331607810218946,
        "nauc_ndcg_at_10_std": 0.32028080962630057,
        "nauc_ndcg_at_1_diff1": 0.31282785657344553,
        "nauc_ndcg_at_1_max": 0.24138433726589967,
        "nauc_ndcg_at_1_std": 0.3988784235761628,
        "nauc_ndcg_at_20_diff1": 0.09235851597636992,
        "nauc_ndcg_at_20_max": 0.19319490594301555,
        "nauc_ndcg_at_20_std": 0.28777636476065954,
        "nauc_ndcg_at_3_diff1": 0.2098941945668453,
        "nauc_ndcg_at_3_max": 0.2127945759136019,
        "nauc_ndcg_at_3_std": 0.3541050748233187,
        "nauc_ndcg_at_5_diff1": 0.13308806276028043,
        "nauc_ndcg_at_5_max": 0.19072521180416693,
        "nauc_ndcg_at_5_std": 0.3230148757267272,
        "nauc_precision_at_1000_diff1": 0.04925684078998728,
        "nauc_precision_at_1000_max": 0.1925079306568624,
        "nauc_precision_at_1000_std": -0.021662187404437337,
        "nauc_precision_at_100_diff1": 0.07008440114065674,
        "nauc_precision_at_100_max": 0.1717989216083294,
        "nauc_precision_at_100_std": 0.15120983551679784,
        "nauc_precision_at_10_diff1": 0.1012871316026847,
        "nauc_precision_at_10_max": 0.16620985014336254,
        "nauc_precision_at_10_std": 0.3181056608676539,
        "nauc_precision_at_1_diff1": 0.3229172299281486,
        "nauc_precision_at_1_max": 0.206760170454557,
        "nauc_precision_at_1_std": 0.41057887660364306,
        "nauc_precision_at_20_diff1": 0.1077816362157505,
        "nauc_precision_at_20_max": 0.15819019630058387,
        "nauc_precision_at_20_std": 0.2754915061422873,
        "nauc_precision_at_3_diff1": 0.18752487909869778,
        "nauc_precision_at_3_max": 0.16589974462854187,
        "nauc_precision_at_3_std": 0.3358703015489266,
        "nauc_precision_at_5_diff1": 0.09350542702897738,
        "nauc_precision_at_5_max": 0.13250001625004915,
        "nauc_precision_at_5_std": 0.30603956886458067,
        "nauc_recall_at_1000_diff1": -0.0271694849156593,
        "nauc_recall_at_1000_max": 0.17615415906579807,
        "nauc_recall_at_1000_std": 0.06235103129446666,
        "nauc_recall_at_100_diff1": -0.050459576077459496,
        "nauc_recall_at_100_max": 0.06525477622352266,
        "nauc_recall_at_100_std": 0.14392017800361748,
        "nauc_recall_at_10_diff1": -0.0393237212938095,
        "nauc_recall_at_10_max": 0.1228630024431765,
        "nauc_recall_at_10_std": 0.187905142494303,
        "nauc_recall_at_1_diff1": -0.01641458220154312,
        "nauc_recall_at_1_max": 0.36496685563210807,
        "nauc_recall_at_1_std": 0.1491451537698932,
        "nauc_recall_at_20_diff1": -0.06594335680675172,
        "nauc_recall_at_20_max": 0.0936252328885248,
        "nauc_recall_at_20_std": 0.21258130151317967,
        "nauc_recall_at_3_diff1": -0.15667560899204305,
        "nauc_recall_at_3_max": 0.16980289351199337,
        "nauc_recall_at_3_std": 0.12736724071990443,
        "nauc_recall_at_5_diff1": -0.14081916154384222,
        "nauc_recall_at_5_max": 0.12731621986231526,
        "nauc_recall_at_5_std": 0.17477916384548395,
        "ndcg_at_1": 0.06966,
        "ndcg_at_10": 0.05808,
        "ndcg_at_100": 0.07794,
        "ndcg_at_1000": 0.1782,
        "ndcg_at_20": 0.05756,
        "ndcg_at_3": 0.06138,
        "ndcg_at_5": 0.05974,
        "precision_at_1": 0.0743,
        "precision_at_10": 0.05232,
        "precision_at_100": 0.02935,
        "precision_at_1000": 0.01532,
        "precision_at_20": 0.04427,
        "precision_at_3": 0.06295,
        "precision_at_5": 0.05882,
        "recall_at_1": 0.00402,
        "recall_at_10": 0.02386,
        "recall_at_100": 0.11689,
        "recall_at_1000": 0.45415,
        "recall_at_20": 0.03785,
        "recall_at_3": 0.01041,
        "recall_at_5": 0.01343
      }
    ]
  },
  "task_name": "NFCorpus"
}