{
  "dataset_revision": "ec0fa4fe99da2ff19ca1214b7966684033a58814",
  "evaluation_time": 253.53433108329773,
  "kg_co2_emissions": null,
  "mteb_version": "1.14.10",
  "scores": {
    "test": [
      {
        "hf_subset": "default",
        "languages": [
          "eng-Latn"
        ],
        "main_score": 0.29995,
        "map_at_1": 0.04284,
        "map_at_10": 0.10641,
        "map_at_100": 0.13576,
        "map_at_1000": 0.14968,
        "map_at_20": 0.11751,
        "map_at_3": 0.07623,
        "map_at_5": 0.08969,
        "mrr_at_1": 0.4024767801857585,
        "mrr_at_10": 0.4873630153815913,
        "mrr_at_100": 0.4933402201914199,
        "mrr_at_1000": 0.49394440311788357,
        "mrr_at_20": 0.49034843996551675,
        "mrr_at_3": 0.46491228070175433,
        "mrr_at_5": 0.477296181630547,
        "nauc_map_at_1000_diff1": 0.09917675517592384,
        "nauc_map_at_1000_max": 0.2536865019235302,
        "nauc_map_at_1000_std": 0.17377726554684222,
        "nauc_map_at_100_diff1": 0.11810707680732917,
        "nauc_map_at_100_max": 0.2413328032473231,
        "nauc_map_at_100_std": 0.1360409022261212,
        "nauc_map_at_10_diff1": 0.15608440446185845,
        "nauc_map_at_10_max": 0.1813303238306809,
        "nauc_map_at_10_std": 0.013017557442029431,
        "nauc_map_at_1_diff1": 0.2857946981520411,
        "nauc_map_at_1_max": 0.0733499730989866,
        "nauc_map_at_1_std": -0.0988571200395127,
        "nauc_map_at_20_diff1": 0.14231650152566175,
        "nauc_map_at_20_max": 0.210757330778916,
        "nauc_map_at_20_std": 0.06387097396103183,
        "nauc_map_at_3_diff1": 0.18024806273480384,
        "nauc_map_at_3_max": 0.11673597983896203,
        "nauc_map_at_3_std": -0.06134761241468989,
        "nauc_map_at_5_diff1": 0.18914689401531837,
        "nauc_map_at_5_max": 0.1458190679662613,
        "nauc_map_at_5_std": -0.042716497192403696,
        "nauc_mrr_at_1000_diff1": 0.2882608881006757,
        "nauc_mrr_at_1000_max": 0.4397005484644878,
        "nauc_mrr_at_1000_std": 0.24190957797126145,
        "nauc_mrr_at_100_diff1": 0.2887168676849404,
        "nauc_mrr_at_100_max": 0.4400753121882491,
        "nauc_mrr_at_100_std": 0.24252251407351202,
        "nauc_mrr_at_10_diff1": 0.28860080360551543,
        "nauc_mrr_at_10_max": 0.43702062483129167,
        "nauc_mrr_at_10_std": 0.23839696344266786,
        "nauc_mrr_at_1_diff1": 0.2989425115427076,
        "nauc_mrr_at_1_max": 0.40403718824928003,
        "nauc_mrr_at_1_std": 0.18432764093328358,
        "nauc_mrr_at_20_diff1": 0.2877724359366694,
        "nauc_mrr_at_20_max": 0.43771575723148404,
        "nauc_mrr_at_20_std": 0.24077721491712506,
        "nauc_mrr_at_3_diff1": 0.2762502177527325,
        "nauc_mrr_at_3_max": 0.4241303789507036,
        "nauc_mrr_at_3_std": 0.22038888442391819,
        "nauc_mrr_at_5_diff1": 0.28651876138098487,
        "nauc_mrr_at_5_max": 0.43580169002720953,
        "nauc_mrr_at_5_std": 0.23343814747611982,
        "nauc_ndcg_at_1000_diff1": 0.12341420802344799,
        "nauc_ndcg_at_1000_max": 0.4214904915225703,
        "nauc_ndcg_at_1000_std": 0.3571242307213705,
        "nauc_ndcg_at_100_diff1": 0.11986200253771212,
        "nauc_ndcg_at_100_max": 0.34841600576052617,
        "nauc_ndcg_at_100_std": 0.2789165279525933,
        "nauc_ndcg_at_10_diff1": 0.10346745147827405,
        "nauc_ndcg_at_10_max": 0.32494153050624636,
        "nauc_ndcg_at_10_std": 0.25450036227884476,
        "nauc_ndcg_at_1_diff1": 0.3018041527519792,
        "nauc_ndcg_at_1_max": 0.3815348771315931,
        "nauc_ndcg_at_1_std": 0.18681505927773165,
        "nauc_ndcg_at_20_diff1": 0.07720017474521826,
        "nauc_ndcg_at_20_max": 0.31146839631955114,
        "nauc_ndcg_at_20_std": 0.26365715000043943,
        "nauc_ndcg_at_3_diff1": 0.17732902700282088,
        "nauc_ndcg_at_3_max": 0.3360653268027499,
        "nauc_ndcg_at_3_std": 0.20550797538479393,
        "nauc_ndcg_at_5_diff1": 0.15925565662481783,
        "nauc_ndcg_at_5_max": 0.341188615363687,
        "nauc_ndcg_at_5_std": 0.22872953633038723,
        "nauc_precision_at_1000_diff1": -0.1848945584592312,
        "nauc_precision_at_1000_max": 0.0945608076874379,
        "nauc_precision_at_1000_std": 0.31160092591380356,
        "nauc_precision_at_100_diff1": -0.1495440162709573,
        "nauc_precision_at_100_max": 0.21768892988679794,
        "nauc_precision_at_100_std": 0.44228510062998294,
        "nauc_precision_at_10_diff1": -0.02483946464917291,
        "nauc_precision_at_10_max": 0.34730606326672064,
        "nauc_precision_at_10_std": 0.37869503972362634,
        "nauc_precision_at_1_diff1": 0.2989425115427076,
        "nauc_precision_at_1_max": 0.40403718824928003,
        "nauc_precision_at_1_std": 0.18432764093328358,
        "nauc_precision_at_20_diff1": -0.09452888106884352,
        "nauc_precision_at_20_max": 0.302286771577419,
        "nauc_precision_at_20_std": 0.42159746376094553,
        "nauc_precision_at_3_diff1": 0.10116721279557898,
        "nauc_precision_at_3_max": 0.3599404778171467,
        "nauc_precision_at_3_std": 0.2535325161495568,
        "nauc_precision_at_5_diff1": 0.06668681202927255,
        "nauc_precision_at_5_max": 0.37305671412360614,
        "nauc_precision_at_5_std": 0.3024869847350153,
        "nauc_recall_at_1000_diff1": 0.028116634265294795,
        "nauc_recall_at_1000_max": 0.2365226358320567,
        "nauc_recall_at_1000_std": 0.25633897572903436,
        "nauc_recall_at_100_diff1": 0.09180283070686952,
        "nauc_recall_at_100_max": 0.2266625505955554,
        "nauc_recall_at_100_std": 0.1813166075652496,
        "nauc_recall_at_10_diff1": 0.09846440598301537,
        "nauc_recall_at_10_max": 0.10891204440716126,
        "nauc_recall_at_10_std": -0.013917201547993275,
        "nauc_recall_at_1_diff1": 0.2857946981520411,
        "nauc_recall_at_1_max": 0.0733499730989866,
        "nauc_recall_at_1_std": -0.0988571200395127,
        "nauc_recall_at_20_diff1": 0.09441895327742572,
        "nauc_recall_at_20_max": 0.15310479213164166,
        "nauc_recall_at_20_std": 0.05302170306055543,
        "nauc_recall_at_3_diff1": 0.1270133036340232,
        "nauc_recall_at_3_max": 0.09011805249825307,
        "nauc_recall_at_3_std": -0.07904874632377505,
        "nauc_recall_at_5_diff1": 0.15996755058252324,
        "nauc_recall_at_5_max": 0.11321512375926036,
        "nauc_recall_at_5_std": -0.056846220791682334,
        "ndcg_at_1": 0.3839,
        "ndcg_at_10": 0.29995,
        "ndcg_at_100": 0.28018,
        "ndcg_at_1000": 0.37115,
        "ndcg_at_20": 0.2792,
        "ndcg_at_3": 0.3439,
        "ndcg_at_5": 0.32142,
        "precision_at_1": 0.40248,
        "precision_at_10": 0.22663,
        "precision_at_100": 0.07498,
        "precision_at_1000": 0.02048,
        "precision_at_20": 0.16734,
        "precision_at_3": 0.32611,
        "precision_at_5": 0.27988,
        "recall_at_1": 0.04284,
        "recall_at_10": 0.1508,
        "recall_at_100": 0.29613,
        "recall_at_1000": 0.62316,
        "recall_at_20": 0.18117,
        "recall_at_3": 0.08936,
        "recall_at_5": 0.11176
      }
    ]
  },
  "task_name": "NFCorpus"
}