{
  "dataset_revision": "ec0fa4fe99da2ff19ca1214b7966684033a58814",
  "evaluation_time": 2.9900426864624023,
  "kg_co2_emissions": null,
  "mteb_version": "1.14.12",
  "scores": {
    "test": [
      {
        "hf_subset": "default",
        "languages": [
          "eng-Latn"
        ],
        "main_score": 0.19582,
        "map_at_1": 0.0281,
        "map_at_10": 0.06081,
        "map_at_100": 0.08096,
        "map_at_1000": 0.09249,
        "map_at_20": 0.0689,
        "map_at_3": 0.04544,
        "map_at_5": 0.05299,
        "mrr_at_1": 0.28792569659442724,
        "mrr_at_10": 0.3621750454567793,
        "mrr_at_100": 0.3710821822857736,
        "mrr_at_1000": 0.37181236196022427,
        "mrr_at_20": 0.36689705266143763,
        "mrr_at_3": 0.33952528379772956,
        "mrr_at_5": 0.3511351909184727,
        "nauc_map_at_1000_diff1": 0.03983368515349722,
        "nauc_map_at_1000_max": 0.2721324012927461,
        "nauc_map_at_1000_std": -0.0016322872722918235,
        "nauc_map_at_100_diff1": 0.051235360638317955,
        "nauc_map_at_100_max": 0.2653361517383252,
        "nauc_map_at_100_std": -0.023992527498142045,
        "nauc_map_at_10_diff1": 0.056008358800345645,
        "nauc_map_at_10_max": 0.23875704923409075,
        "nauc_map_at_10_std": -0.07957994370046921,
        "nauc_map_at_1_diff1": 0.09322704369816251,
        "nauc_map_at_1_max": 0.17982087452227835,
        "nauc_map_at_1_std": -0.1724310515362019,
        "nauc_map_at_20_diff1": 0.06142643311506763,
        "nauc_map_at_20_max": 0.2536302416927969,
        "nauc_map_at_20_std": -0.05576226945651856,
        "nauc_map_at_3_diff1": 0.04190126336550606,
        "nauc_map_at_3_max": 0.1812605636706529,
        "nauc_map_at_3_std": -0.14690597199158847,
        "nauc_map_at_5_diff1": 0.04368842119410126,
        "nauc_map_at_5_max": 0.2052230997629197,
        "nauc_map_at_5_std": -0.11271456780558506,
        "nauc_mrr_at_1000_diff1": 0.15824639783761338,
        "nauc_mrr_at_1000_max": 0.36099338302996264,
        "nauc_mrr_at_1000_std": -0.026953501174763108,
        "nauc_mrr_at_100_diff1": 0.1583724878250667,
        "nauc_mrr_at_100_max": 0.36124876875677564,
        "nauc_mrr_at_100_std": -0.026870684959740862,
        "nauc_mrr_at_10_diff1": 0.1567820226603173,
        "nauc_mrr_at_10_max": 0.35517840752637697,
        "nauc_mrr_at_10_std": -0.02548362647118567,
        "nauc_mrr_at_1_diff1": 0.19871155992993694,
        "nauc_mrr_at_1_max": 0.3304293061528941,
        "nauc_mrr_at_1_std": -0.03798673484023767,
        "nauc_mrr_at_20_diff1": 0.157564479559192,
        "nauc_mrr_at_20_max": 0.36076345694637374,
        "nauc_mrr_at_20_std": -0.025658039254999414,
        "nauc_mrr_at_3_diff1": 0.16920761723971509,
        "nauc_mrr_at_3_max": 0.34748180722368194,
        "nauc_mrr_at_3_std": -0.027251499579524795,
        "nauc_mrr_at_5_diff1": 0.1642700784444164,
        "nauc_mrr_at_5_max": 0.35211874394584647,
        "nauc_mrr_at_5_std": -0.02856866765496292,
        "nauc_ndcg_at_1000_diff1": 0.03703209012334972,
        "nauc_ndcg_at_1000_max": 0.3946335358450438,
        "nauc_ndcg_at_1000_std": 0.026437493587966727,
        "nauc_ndcg_at_100_diff1": 0.05636839063448591,
        "nauc_ndcg_at_100_max": 0.3426423113890135,
        "nauc_ndcg_at_100_std": 0.009854128645655356,
        "nauc_ndcg_at_10_diff1": 0.05398598028390596,
        "nauc_ndcg_at_10_max": 0.3063001165617387,
        "nauc_ndcg_at_10_std": 0.034306823685529994,
        "nauc_ndcg_at_1_diff1": 0.21387343255525226,
        "nauc_ndcg_at_1_max": 0.3013552579090351,
        "nauc_ndcg_at_1_std": -0.016442389894847736,
        "nauc_ndcg_at_20_diff1": 0.04170963624342151,
        "nauc_ndcg_at_20_max": 0.30958843323175356,
        "nauc_ndcg_at_20_std": 0.020378450254219426,
        "nauc_ndcg_at_3_diff1": 0.13021862701051928,
        "nauc_ndcg_at_3_max": 0.2779289751261503,
        "nauc_ndcg_at_3_std": 0.003429154593008334,
        "nauc_ndcg_at_5_diff1": 0.09669566408013078,
        "nauc_ndcg_at_5_max": 0.3038804799242349,
        "nauc_ndcg_at_5_std": 0.011075255241483995,
        "nauc_precision_at_1000_diff1": -0.11943406972232234,
        "nauc_precision_at_1000_max": 0.09550540613449707,
        "nauc_precision_at_1000_std": 0.08055987796270546,
        "nauc_precision_at_100_diff1": -0.07118739088329182,
        "nauc_precision_at_100_max": 0.20226071189343842,
        "nauc_precision_at_100_std": 0.15057858973134883,
        "nauc_precision_at_10_diff1": -0.003099833051475771,
        "nauc_precision_at_10_max": 0.3041826420945155,
        "nauc_precision_at_10_std": 0.13613807300401587,
        "nauc_precision_at_1_diff1": 0.19871155992993694,
        "nauc_precision_at_1_max": 0.3304293061528941,
        "nauc_precision_at_1_std": -0.03798673484023767,
        "nauc_precision_at_20_diff1": -0.022211381066506233,
        "nauc_precision_at_20_max": 0.29542742047746234,
        "nauc_precision_at_20_std": 0.136901499748632,
        "nauc_precision_at_3_diff1": 0.10613544277869845,
        "nauc_precision_at_3_max": 0.3084993355858642,
        "nauc_precision_at_3_std": 0.045457389308428395,
        "nauc_precision_at_5_diff1": 0.05034290890388922,
        "nauc_precision_at_5_max": 0.3328101377269231,
        "nauc_precision_at_5_std": 0.07189976280281137,
        "nauc_recall_at_1000_diff1": -0.02253425330704032,
        "nauc_recall_at_1000_max": 0.2316689952834799,
        "nauc_recall_at_1000_std": -0.0328299372650704,
        "nauc_recall_at_100_diff1": 0.041285625462886964,
        "nauc_recall_at_100_max": 0.19767043276373286,
        "nauc_recall_at_100_std": -0.025930150821450497,
        "nauc_recall_at_10_diff1": 0.0034660276829023458,
        "nauc_recall_at_10_max": 0.2022513664336595,
        "nauc_recall_at_10_std": -0.0712245614668224,
        "nauc_recall_at_1_diff1": 0.09322704369816251,
        "nauc_recall_at_1_max": 0.17982087452227835,
        "nauc_recall_at_1_std": -0.1724310515362019,
        "nauc_recall_at_20_diff1": 0.01468425381778896,
        "nauc_recall_at_20_max": 0.19789818983920776,
        "nauc_recall_at_20_std": -0.07003708497235876,
        "nauc_recall_at_3_diff1": 0.005334580645267838,
        "nauc_recall_at_3_max": 0.16041311670063488,
        "nauc_recall_at_3_std": -0.14745321542385828,
        "nauc_recall_at_5_diff1": -0.00944759650387124,
        "nauc_recall_at_5_max": 0.1699725759416373,
        "nauc_recall_at_5_std": -0.10540627502954303,
        "ndcg_at_1": 0.26935,
        "ndcg_at_10": 0.19582,
        "ndcg_at_100": 0.20037,
        "ndcg_at_1000": 0.29582,
        "ndcg_at_20": 0.18738,
        "ndcg_at_3": 0.22929,
        "ndcg_at_5": 0.21487,
        "precision_at_1": 0.28793,
        "precision_at_10": 0.14489,
        "precision_at_100": 0.05579,
        "precision_at_1000": 0.01825,
        "precision_at_20": 0.11285,
        "precision_at_3": 0.21569,
        "precision_at_5": 0.18638,
        "recall_at_1": 0.0281,
        "recall_at_10": 0.08946,
        "recall_at_100": 0.23701,
        "recall_at_1000": 0.56782,
        "recall_at_20": 0.1219,
        "recall_at_3": 0.05426,
        "recall_at_5": 0.06924
      }
    ]
  },
  "task_name": "NFCorpus"
}