{
  "dataset_revision": "ec0fa4fe99da2ff19ca1214b7966684033a58814",
  "evaluation_time": 2.9802005290985107,
  "kg_co2_emissions": null,
  "mteb_version": "1.14.12",
  "scores": {
    "test": [
      {
        "hf_subset": "default",
        "languages": [
          "eng-Latn"
        ],
        "main_score": 0.01103,
        "map_at_1": 6e-05,
        "map_at_10": 0.00047,
        "map_at_100": 0.00178,
        "map_at_1000": 0.00612,
        "map_at_20": 0.00098,
        "map_at_3": 9e-05,
        "map_at_5": 0.00018,
        "mrr_at_1": 0.01238390092879257,
        "mrr_at_10": 0.029933903385915762,
        "mrr_at_100": 0.03912583414819942,
        "mrr_at_1000": 0.04082630060896903,
        "mrr_at_20": 0.032811777906861725,
        "mrr_at_3": 0.020123839009287926,
        "mrr_at_5": 0.02306501547987616,
        "nauc_map_at_1000_diff1": 0.17466673694207388,
        "nauc_map_at_1000_max": -0.09478101980760723,
        "nauc_map_at_1000_std": 0.17999784014252462,
        "nauc_map_at_100_diff1": 0.20757207371590244,
        "nauc_map_at_100_max": -0.1045250246932006,
        "nauc_map_at_100_std": 0.16908980514756072,
        "nauc_map_at_10_diff1": 0.1272134270339564,
        "nauc_map_at_10_max": -0.13463670986736365,
        "nauc_map_at_10_std": 0.06865334421878164,
        "nauc_map_at_1_diff1": 0.2626510706420626,
        "nauc_map_at_1_max": -0.4856474253114108,
        "nauc_map_at_1_std": 0.06230525284315885,
        "nauc_map_at_20_diff1": 0.2662826168505599,
        "nauc_map_at_20_max": -0.20339770712644062,
        "nauc_map_at_20_std": 0.2078681003540448,
        "nauc_map_at_3_diff1": 0.08409615810478836,
        "nauc_map_at_3_max": -0.24408788568808407,
        "nauc_map_at_3_std": -0.05175689725282802,
        "nauc_map_at_5_diff1": 0.06639106260739522,
        "nauc_map_at_5_max": -0.12139832759625271,
        "nauc_map_at_5_std": -0.04810726847261215,
        "nauc_mrr_at_1000_diff1": 0.11903255566393657,
        "nauc_mrr_at_1000_max": -0.15409299348221434,
        "nauc_mrr_at_1000_std": 0.06713946653870864,
        "nauc_mrr_at_100_diff1": 0.11327655236410133,
        "nauc_mrr_at_100_max": -0.1460109447542551,
        "nauc_mrr_at_100_std": 0.0642890089993981,
        "nauc_mrr_at_10_diff1": 0.1607296277106232,
        "nauc_mrr_at_10_max": -0.21336726773602704,
        "nauc_mrr_at_10_std": 0.10798888214644133,
        "nauc_mrr_at_1_diff1": 0.36051969109623117,
        "nauc_mrr_at_1_max": -0.4723988446389348,
        "nauc_mrr_at_1_std": 0.3311081400902196,
        "nauc_mrr_at_20_diff1": 0.14302549793473907,
        "nauc_mrr_at_20_max": -0.17946035693954174,
        "nauc_mrr_at_20_std": 0.08832796876579743,
        "nauc_mrr_at_3_diff1": 0.17656553012613757,
        "nauc_mrr_at_3_max": -0.32606342817214135,
        "nauc_mrr_at_3_std": 0.10969543932358931,
        "nauc_mrr_at_5_diff1": 0.17412902936644276,
        "nauc_mrr_at_5_max": -0.2753975200715987,
        "nauc_mrr_at_5_std": 0.09187364767587629,
        "nauc_ndcg_at_1000_diff1": 0.07555325189506588,
        "nauc_ndcg_at_1000_max": -0.064249822894672,
        "nauc_ndcg_at_1000_std": 0.0981941079827254,
        "nauc_ndcg_at_100_diff1": 0.13257105021000437,
        "nauc_ndcg_at_100_max": -0.04822839300669836,
        "nauc_ndcg_at_100_std": 0.11320507395367317,
        "nauc_ndcg_at_10_diff1": 0.1726785193326578,
        "nauc_ndcg_at_10_max": -0.21044969935160768,
        "nauc_ndcg_at_10_std": 0.11028948218470204,
        "nauc_ndcg_at_1_diff1": 0.36051969109623117,
        "nauc_ndcg_at_1_max": -0.4723988446389348,
        "nauc_ndcg_at_1_std": 0.3311081400902196,
        "nauc_ndcg_at_20_diff1": 0.22500889389045273,
        "nauc_ndcg_at_20_max": -0.19936885667196552,
        "nauc_ndcg_at_20_std": 0.16124568805407424,
        "nauc_ndcg_at_3_diff1": 0.1697938308477699,
        "nauc_ndcg_at_3_max": -0.2856155061161531,
        "nauc_ndcg_at_3_std": 0.134377544297142,
        "nauc_ndcg_at_5_diff1": 0.22463529322611595,
        "nauc_ndcg_at_5_max": -0.28519184655081353,
        "nauc_ndcg_at_5_std": 0.12839205822824595,
        "nauc_precision_at_1000_diff1": 0.0961736058881566,
        "nauc_precision_at_1000_max": -0.08995182544130298,
        "nauc_precision_at_1000_std": 0.09177986421670256,
        "nauc_precision_at_100_diff1": 0.11870766442570542,
        "nauc_precision_at_100_max": -0.06689537503165326,
        "nauc_precision_at_100_std": 0.09598965303376121,
        "nauc_precision_at_10_diff1": 0.13175486525590482,
        "nauc_precision_at_10_max": -0.153567903524961,
        "nauc_precision_at_10_std": 0.07792521598726898,
        "nauc_precision_at_1_diff1": 0.36051969109623117,
        "nauc_precision_at_1_max": -0.4723988446389348,
        "nauc_precision_at_1_std": 0.3311081400902196,
        "nauc_precision_at_20_diff1": 0.1906563398452042,
        "nauc_precision_at_20_max": -0.12768515862086652,
        "nauc_precision_at_20_std": 0.13115033254011396,
        "nauc_precision_at_3_diff1": 0.09921669770916319,
        "nauc_precision_at_3_max": -0.21379075975590284,
        "nauc_precision_at_3_std": 0.06010118521193034,
        "nauc_precision_at_5_diff1": 0.18143901410825725,
        "nauc_precision_at_5_max": -0.19278000716156762,
        "nauc_precision_at_5_std": 0.06723782111179312,
        "nauc_recall_at_1000_diff1": 0.1038916450700046,
        "nauc_recall_at_1000_max": -0.1249841308825055,
        "nauc_recall_at_1000_std": 0.15072947719370003,
        "nauc_recall_at_100_diff1": 0.09628252101414236,
        "nauc_recall_at_100_max": 0.0011110629231919503,
        "nauc_recall_at_100_std": 0.0888004385129016,
        "nauc_recall_at_10_diff1": 0.14670152326883057,
        "nauc_recall_at_10_max": -0.13213545693032117,
        "nauc_recall_at_10_std": 0.10661139704376207,
        "nauc_recall_at_1_diff1": 0.2626510706420626,
        "nauc_recall_at_1_max": -0.4856474253114108,
        "nauc_recall_at_1_std": 0.06230525284315885,
        "nauc_recall_at_20_diff1": 0.26494424988597703,
        "nauc_recall_at_20_max": -0.2344784794733382,
        "nauc_recall_at_20_std": 0.22000942538863452,
        "nauc_recall_at_3_diff1": -0.052203003760794925,
        "nauc_recall_at_3_max": -0.05500921441290453,
        "nauc_recall_at_3_std": -0.1386076463065425,
        "nauc_recall_at_5_diff1": -0.004141589300354499,
        "nauc_recall_at_5_max": -0.020424071280410145,
        "nauc_recall_at_5_std": -0.13119494144970026,
        "ndcg_at_1": 0.01238,
        "ndcg_at_10": 0.01103,
        "ndcg_at_100": 0.02096,
        "ndcg_at_1000": 0.10495,
        "ndcg_at_20": 0.01223,
        "ndcg_at_3": 0.00963,
        "ndcg_at_5": 0.01009,
        "precision_at_1": 0.01238,
        "precision_at_10": 0.01238,
        "precision_at_100": 0.01316,
        "precision_at_1000": 0.01166,
        "precision_at_20": 0.01161,
        "precision_at_3": 0.00929,
        "precision_at_5": 0.01115,
        "recall_at_1": 6e-05,
        "recall_at_10": 0.00252,
        "recall_at_100": 0.03189,
        "recall_at_1000": 0.32638,
        "recall_at_20": 0.00894,
        "recall_at_3": 0.00015,
        "recall_at_5": 0.00049
      }
    ]
  },
  "task_name": "NFCorpus"
}