{
  "dataset_revision": "ec0fa4fe99da2ff19ca1214b7966684033a58814",
  "evaluation_time": 3.024089813232422,
  "kg_co2_emissions": null,
  "mteb_version": "1.14.12",
  "scores": {
    "test": [
      {
        "hf_subset": "default",
        "languages": [
          "eng-Latn"
        ],
        "main_score": 0.2946,
        "map_at_1": 0.04214,
        "map_at_10": 0.10474,
        "map_at_100": 0.13343,
        "map_at_1000": 0.14724,
        "map_at_20": 0.11587,
        "map_at_3": 0.07695,
        "map_at_5": 0.08953,
        "mrr_at_1": 0.3993808049535604,
        "mrr_at_10": 0.4858334561894934,
        "mrr_at_100": 0.49234698915913727,
        "mrr_at_1000": 0.4929374477135308,
        "mrr_at_20": 0.4893299536215217,
        "mrr_at_3": 0.46542827657378744,
        "mrr_at_5": 0.4778121775025801,
        "nauc_map_at_1000_diff1": 0.09893709673101071,
        "nauc_map_at_1000_max": 0.25636926767719675,
        "nauc_map_at_1000_std": 0.15362821448192568,
        "nauc_map_at_100_diff1": 0.11527027043843464,
        "nauc_map_at_100_max": 0.24448855328032856,
        "nauc_map_at_100_std": 0.11466680059236917,
        "nauc_map_at_10_diff1": 0.15312873857722026,
        "nauc_map_at_10_max": 0.19023383677425906,
        "nauc_map_at_10_std": -0.004189768408217786,
        "nauc_map_at_1_diff1": 0.28317118673618386,
        "nauc_map_at_1_max": 0.06923069382152015,
        "nauc_map_at_1_std": -0.1300265746937934,
        "nauc_map_at_20_diff1": 0.1371497436498834,
        "nauc_map_at_20_max": 0.2142331087066811,
        "nauc_map_at_20_std": 0.04067829434393457,
        "nauc_map_at_3_diff1": 0.1690925837164818,
        "nauc_map_at_3_max": 0.1104123374561401,
        "nauc_map_at_3_std": -0.08080058959938116,
        "nauc_map_at_5_diff1": 0.1711427249806354,
        "nauc_map_at_5_max": 0.14347523461901118,
        "nauc_map_at_5_std": -0.05974524564386708,
        "nauc_mrr_at_1000_diff1": 0.27807855960561345,
        "nauc_mrr_at_1000_max": 0.41127822503287376,
        "nauc_mrr_at_1000_std": 0.21485644547189833,
        "nauc_mrr_at_100_diff1": 0.27844231893914034,
        "nauc_mrr_at_100_max": 0.41168723861657514,
        "nauc_mrr_at_100_std": 0.21556994820607614,
        "nauc_mrr_at_10_diff1": 0.2795876093977324,
        "nauc_mrr_at_10_max": 0.4113474106463855,
        "nauc_mrr_at_10_std": 0.21294774290973065,
        "nauc_mrr_at_1_diff1": 0.29660360721865375,
        "nauc_mrr_at_1_max": 0.3597485722193339,
        "nauc_mrr_at_1_std": 0.1357536264857013,
        "nauc_mrr_at_20_diff1": 0.27694062616985,
        "nauc_mrr_at_20_max": 0.41096045706159096,
        "nauc_mrr_at_20_std": 0.21409216946376242,
        "nauc_mrr_at_3_diff1": 0.27330602730492143,
        "nauc_mrr_at_3_max": 0.39760312028082445,
        "nauc_mrr_at_3_std": 0.19439851121664886,
        "nauc_mrr_at_5_diff1": 0.274647880881631,
        "nauc_mrr_at_5_max": 0.40172439467441595,
        "nauc_mrr_at_5_std": 0.2035420051000909,
        "nauc_ndcg_at_1000_diff1": 0.13500925124726545,
        "nauc_ndcg_at_1000_max": 0.41971409976162466,
        "nauc_ndcg_at_1000_std": 0.3381578566334869,
        "nauc_ndcg_at_100_diff1": 0.1318604991250855,
        "nauc_ndcg_at_100_max": 0.3486305791831831,
        "nauc_ndcg_at_100_std": 0.2527175550901317,
        "nauc_ndcg_at_10_diff1": 0.11840983095752733,
        "nauc_ndcg_at_10_max": 0.32630436174901123,
        "nauc_ndcg_at_10_std": 0.23225179777275423,
        "nauc_ndcg_at_1_diff1": 0.3026193443985371,
        "nauc_ndcg_at_1_max": 0.3426344581709908,
        "nauc_ndcg_at_1_std": 0.12750362493275635,
        "nauc_ndcg_at_20_diff1": 0.09352217686010994,
        "nauc_ndcg_at_20_max": 0.31587698973476563,
        "nauc_ndcg_at_20_std": 0.2369549227573583,
        "nauc_ndcg_at_3_diff1": 0.17652334225139013,
        "nauc_ndcg_at_3_max": 0.32767700561353763,
        "nauc_ndcg_at_3_std": 0.18011453850238296,
        "nauc_ndcg_at_5_diff1": 0.15445333525498844,
        "nauc_ndcg_at_5_max": 0.3303349043301241,
        "nauc_ndcg_at_5_std": 0.20430393701689065,
        "nauc_precision_at_1000_diff1": -0.15444975076199577,
        "nauc_precision_at_1000_max": 0.08361898104040061,
        "nauc_precision_at_1000_std": 0.3028297997385546,
        "nauc_precision_at_100_diff1": -0.12040346838514977,
        "nauc_precision_at_100_max": 0.2105070197076573,
        "nauc_precision_at_100_std": 0.422675573729195,
        "nauc_precision_at_10_diff1": 0.004805183980644161,
        "nauc_precision_at_10_max": 0.3527753997429851,
        "nauc_precision_at_10_std": 0.35830935324380003,
        "nauc_precision_at_1_diff1": 0.30558186891103645,
        "nauc_precision_at_1_max": 0.36333730632993155,
        "nauc_precision_at_1_std": 0.12614092507522956,
        "nauc_precision_at_20_diff1": -0.06483620624954405,
        "nauc_precision_at_20_max": 0.3016085059221399,
        "nauc_precision_at_20_std": 0.4014597783869738,
        "nauc_precision_at_3_diff1": 0.11305593689456052,
        "nauc_precision_at_3_max": 0.3587215002969077,
        "nauc_precision_at_3_std": 0.2370614395806976,
        "nauc_precision_at_5_diff1": 0.07655180277220629,
        "nauc_precision_at_5_max": 0.3673214065819914,
        "nauc_precision_at_5_std": 0.2804093274885933,
        "nauc_recall_at_1000_diff1": 0.07801637468976103,
        "nauc_recall_at_1000_max": 0.2527329040935941,
        "nauc_recall_at_1000_std": 0.2656080578665341,
        "nauc_recall_at_100_diff1": 0.10928516455750079,
        "nauc_recall_at_100_max": 0.23161732336768084,
        "nauc_recall_at_100_std": 0.17492545223610398,
        "nauc_recall_at_10_diff1": 0.12024677457397286,
        "nauc_recall_at_10_max": 0.14384884352149044,
        "nauc_recall_at_10_std": -0.008862804173934716,
        "nauc_recall_at_1_diff1": 0.28317118673618386,
        "nauc_recall_at_1_max": 0.06923069382152015,
        "nauc_recall_at_1_std": -0.1300265746937934,
        "nauc_recall_at_20_diff1": 0.09304171767252327,
        "nauc_recall_at_20_max": 0.1713416284871147,
        "nauc_recall_at_20_std": 0.02846995946925382,
        "nauc_recall_at_3_diff1": 0.1177750606484353,
        "nauc_recall_at_3_max": 0.07777339640822573,
        "nauc_recall_at_3_std": -0.09266784642647936,
        "nauc_recall_at_5_diff1": 0.13220537669053942,
        "nauc_recall_at_5_max": 0.09674025087103222,
        "nauc_recall_at_5_std": -0.06377450811974317,
        "ndcg_at_1": 0.37771,
        "ndcg_at_10": 0.2946,
        "ndcg_at_100": 0.27594,
        "ndcg_at_1000": 0.36774,
        "ndcg_at_20": 0.2749,
        "ndcg_at_3": 0.34202,
        "ndcg_at_5": 0.32054,
        "precision_at_1": 0.39628,
        "precision_at_10": 0.22105,
        "precision_at_100": 0.07337,
        "precision_at_1000": 0.02033,
        "precision_at_20": 0.16254,
        "precision_at_3": 0.32405,
        "precision_at_5": 0.27926,
        "recall_at_1": 0.04214,
        "recall_at_10": 0.1447,
        "recall_at_100": 0.28885,
        "recall_at_1000": 0.61558,
        "recall_at_20": 0.17851,
        "recall_at_3": 0.09017,
        "recall_at_5": 0.11262
      }
    ]
  },
  "task_name": "NFCorpus"
}