{
  "dataset_revision": "ec0fa4fe99da2ff19ca1214b7966684033a58814",
  "evaluation_time": 2.981369733810425,
  "kg_co2_emissions": null,
  "mteb_version": "1.14.12",
  "scores": {
    "test": [
      {
        "hf_subset": "default",
        "languages": [
          "eng-Latn"
        ],
        "main_score": 0.12622,
        "map_at_1": 0.01195,
        "map_at_10": 0.03153,
        "map_at_100": 0.04276,
        "map_at_1000": 0.05207,
        "map_at_20": 0.03572,
        "map_at_3": 0.02222,
        "map_at_5": 0.02649,
        "mrr_at_1": 0.18885448916408668,
        "mrr_at_10": 0.2585372745589465,
        "mrr_at_100": 0.267892072319911,
        "mrr_at_1000": 0.2689488519052809,
        "mrr_at_20": 0.26246469338346967,
        "mrr_at_3": 0.23684210526315794,
        "mrr_at_5": 0.24814241486068117,
        "nauc_map_at_1000_diff1": 0.22858831484946512,
        "nauc_map_at_1000_max": 0.3985674704163422,
        "nauc_map_at_1000_std": 0.19400861209923992,
        "nauc_map_at_100_diff1": 0.23861094547213682,
        "nauc_map_at_100_max": 0.3919660551965185,
        "nauc_map_at_100_std": 0.20439728296728835,
        "nauc_map_at_10_diff1": 0.2696844146599719,
        "nauc_map_at_10_max": 0.38224998991990566,
        "nauc_map_at_10_std": 0.1881380709537548,
        "nauc_map_at_1_diff1": 0.32060600067696604,
        "nauc_map_at_1_max": 0.2779068355962004,
        "nauc_map_at_1_std": 0.11693203902014816,
        "nauc_map_at_20_diff1": 0.2552977345435543,
        "nauc_map_at_20_max": 0.3815585779586864,
        "nauc_map_at_20_std": 0.20314056909254444,
        "nauc_map_at_3_diff1": 0.2823419244960759,
        "nauc_map_at_3_max": 0.3151673624154496,
        "nauc_map_at_3_std": 0.16516286824064924,
        "nauc_map_at_5_diff1": 0.2825715630504572,
        "nauc_map_at_5_max": 0.33421511867129444,
        "nauc_map_at_5_std": 0.16708827090417297,
        "nauc_mrr_at_1000_diff1": 0.22890393795866387,
        "nauc_mrr_at_1000_max": 0.39298792558959983,
        "nauc_mrr_at_1000_std": 0.07024215626470338,
        "nauc_mrr_at_100_diff1": 0.22817508777168344,
        "nauc_mrr_at_100_max": 0.39282251751665936,
        "nauc_mrr_at_100_std": 0.06951286501534419,
        "nauc_mrr_at_10_diff1": 0.23006063953938216,
        "nauc_mrr_at_10_max": 0.3912709613099064,
        "nauc_mrr_at_10_std": 0.07255483794530745,
        "nauc_mrr_at_1_diff1": 0.2537399757913239,
        "nauc_mrr_at_1_max": 0.3542920964429921,
        "nauc_mrr_at_1_std": 0.07592172738728235,
        "nauc_mrr_at_20_diff1": 0.22934500438091893,
        "nauc_mrr_at_20_max": 0.39341306010506205,
        "nauc_mrr_at_20_std": 0.07186590631556396,
        "nauc_mrr_at_3_diff1": 0.24312615094064574,
        "nauc_mrr_at_3_max": 0.3972477789680839,
        "nauc_mrr_at_3_std": 0.0688189502255905,
        "nauc_mrr_at_5_diff1": 0.23498645829065368,
        "nauc_mrr_at_5_max": 0.39563851636324465,
        "nauc_mrr_at_5_std": 0.06867341259602597,
        "nauc_ndcg_at_1000_diff1": 0.18552996160489613,
        "nauc_ndcg_at_1000_max": 0.42789432626894996,
        "nauc_ndcg_at_1000_std": 0.13826093597594694,
        "nauc_ndcg_at_100_diff1": 0.20109058233019553,
        "nauc_ndcg_at_100_max": 0.42238580498577544,
        "nauc_ndcg_at_100_std": 0.1310284618240566,
        "nauc_ndcg_at_10_diff1": 0.22074615900794145,
        "nauc_ndcg_at_10_max": 0.42746978930547047,
        "nauc_ndcg_at_10_std": 0.13003272678122801,
        "nauc_ndcg_at_1_diff1": 0.26151362029757363,
        "nauc_ndcg_at_1_max": 0.34466883638315815,
        "nauc_ndcg_at_1_std": 0.09147027406078576,
        "nauc_ndcg_at_20_diff1": 0.21287936612938196,
        "nauc_ndcg_at_20_max": 0.4084850021085414,
        "nauc_ndcg_at_20_std": 0.1293756923317142,
        "nauc_ndcg_at_3_diff1": 0.2190976349175918,
        "nauc_ndcg_at_3_max": 0.39791975578161926,
        "nauc_ndcg_at_3_std": 0.10391520735449067,
        "nauc_ndcg_at_5_diff1": 0.2254468657341237,
        "nauc_ndcg_at_5_max": 0.4137150441406737,
        "nauc_ndcg_at_5_std": 0.10926217268130388,
        "nauc_precision_at_1000_diff1": 0.03875581148543994,
        "nauc_precision_at_1000_max": 0.18248410247258723,
        "nauc_precision_at_1000_std": -0.08340205409786888,
        "nauc_precision_at_100_diff1": 0.0782225238911227,
        "nauc_precision_at_100_max": 0.323291812071808,
        "nauc_precision_at_100_std": 0.07079058100774699,
        "nauc_precision_at_10_diff1": 0.1433010026689135,
        "nauc_precision_at_10_max": 0.41796254577219616,
        "nauc_precision_at_10_std": 0.13413441510022828,
        "nauc_precision_at_1_diff1": 0.2537399757913239,
        "nauc_precision_at_1_max": 0.3542920964429921,
        "nauc_precision_at_1_std": 0.07592172738728235,
        "nauc_precision_at_20_diff1": 0.10836761739524595,
        "nauc_precision_at_20_max": 0.36727531627195686,
        "nauc_precision_at_20_std": 0.12473303002718618,
        "nauc_precision_at_3_diff1": 0.1844803092957357,
        "nauc_precision_at_3_max": 0.4311536866040286,
        "nauc_precision_at_3_std": 0.10633488851088659,
        "nauc_precision_at_5_diff1": 0.17041819981371054,
        "nauc_precision_at_5_max": 0.42598007720804143,
        "nauc_precision_at_5_std": 0.10858600559209385,
        "nauc_recall_at_1000_diff1": 0.11954655549432429,
        "nauc_recall_at_1000_max": 0.18948185849796317,
        "nauc_recall_at_1000_std": 0.06942207122087976,
        "nauc_recall_at_100_diff1": 0.08121532116925502,
        "nauc_recall_at_100_max": 0.23516379453979067,
        "nauc_recall_at_100_std": 0.06566206032844701,
        "nauc_recall_at_10_diff1": 0.24944726855284383,
        "nauc_recall_at_10_max": 0.36101443132836303,
        "nauc_recall_at_10_std": 0.13545625007843562,
        "nauc_recall_at_1_diff1": 0.32060600067696604,
        "nauc_recall_at_1_max": 0.2779068355962004,
        "nauc_recall_at_1_std": 0.11693203902014816,
        "nauc_recall_at_20_diff1": 0.18414960794167815,
        "nauc_recall_at_20_max": 0.28933851523683474,
        "nauc_recall_at_20_std": 0.11662076244665899,
        "nauc_recall_at_3_diff1": 0.29826162773060105,
        "nauc_recall_at_3_max": 0.3242443156358657,
        "nauc_recall_at_3_std": 0.12890997140350235,
        "nauc_recall_at_5_diff1": 0.2620144072472811,
        "nauc_recall_at_5_max": 0.32030824000961977,
        "nauc_recall_at_5_std": 0.11197010017364066,
        "ndcg_at_1": 0.17957,
        "ndcg_at_10": 0.12622,
        "ndcg_at_100": 0.12891,
        "ndcg_at_1000": 0.22721,
        "ndcg_at_20": 0.11776,
        "ndcg_at_3": 0.15591,
        "ndcg_at_5": 0.14263,
        "precision_at_1": 0.18885,
        "precision_at_10": 0.1,
        "precision_at_100": 0.03898,
        "precision_at_1000": 0.01627,
        "precision_at_20": 0.07632,
        "precision_at_3": 0.1548,
        "precision_at_5": 0.12941,
        "recall_at_1": 0.01195,
        "recall_at_10": 0.05088,
        "recall_at_100": 0.15452,
        "recall_at_1000": 0.49778,
        "recall_at_20": 0.07027,
        "recall_at_3": 0.02766,
        "recall_at_5": 0.03737
      }
    ]
  },
  "task_name": "NFCorpus"
}