{
  "dataset_revision": "ec0fa4fe99da2ff19ca1214b7966684033a58814",
  "evaluation_time": 2.98551869392395,
  "kg_co2_emissions": null,
  "mteb_version": "1.14.12",
  "scores": {
    "test": [
      {
        "hf_subset": "default",
        "languages": [
          "eng-Latn"
        ],
        "main_score": 0.17727,
        "map_at_1": 0.02439,
        "map_at_10": 0.05509,
        "map_at_100": 0.06908,
        "map_at_1000": 0.07757,
        "map_at_20": 0.0608,
        "map_at_3": 0.03956,
        "map_at_5": 0.04601,
        "mrr_at_1": 0.25696594427244585,
        "mrr_at_10": 0.3323652267924714,
        "mrr_at_100": 0.34126466517161724,
        "mrr_at_1000": 0.3420053271220542,
        "mrr_at_20": 0.3377532801466943,
        "mrr_at_3": 0.30959752321981415,
        "mrr_at_5": 0.3208978328173374,
        "nauc_map_at_1000_diff1": 0.11435655111313481,
        "nauc_map_at_1000_max": 0.23179733880386055,
        "nauc_map_at_1000_std": -0.04847927196391179,
        "nauc_map_at_100_diff1": 0.12764520215566819,
        "nauc_map_at_100_max": 0.21185492014096233,
        "nauc_map_at_100_std": -0.038089284528388286,
        "nauc_map_at_10_diff1": 0.15082110626554995,
        "nauc_map_at_10_max": 0.19355788311656147,
        "nauc_map_at_10_std": -0.05861296838610208,
        "nauc_map_at_1_diff1": 0.2741063402660008,
        "nauc_map_at_1_max": 0.2673964607242024,
        "nauc_map_at_1_std": -0.23831111482814593,
        "nauc_map_at_20_diff1": 0.137593739787204,
        "nauc_map_at_20_max": 0.19535342900748698,
        "nauc_map_at_20_std": -0.04276952850469908,
        "nauc_map_at_3_diff1": 0.18398030658284534,
        "nauc_map_at_3_max": 0.1682130796363273,
        "nauc_map_at_3_std": -0.09118647072839899,
        "nauc_map_at_5_diff1": 0.14764841390876393,
        "nauc_map_at_5_max": 0.1853884081190772,
        "nauc_map_at_5_std": -0.08897966260001158,
        "nauc_mrr_at_1000_diff1": 0.20596076973068175,
        "nauc_mrr_at_1000_max": 0.2722744191461235,
        "nauc_mrr_at_1000_std": -0.11952672270909687,
        "nauc_mrr_at_100_diff1": 0.20602447417085842,
        "nauc_mrr_at_100_max": 0.27271588790629886,
        "nauc_mrr_at_100_std": -0.1196611644816767,
        "nauc_mrr_at_10_diff1": 0.20868196451299606,
        "nauc_mrr_at_10_max": 0.2726726469804094,
        "nauc_mrr_at_10_std": -0.12039516909916582,
        "nauc_mrr_at_1_diff1": 0.25870185014377384,
        "nauc_mrr_at_1_max": 0.2281916919690135,
        "nauc_mrr_at_1_std": -0.0958629147928718,
        "nauc_mrr_at_20_diff1": 0.20507651471295896,
        "nauc_mrr_at_20_max": 0.27354573771645874,
        "nauc_mrr_at_20_std": -0.12133097512928967,
        "nauc_mrr_at_3_diff1": 0.22729723467445187,
        "nauc_mrr_at_3_max": 0.25229475401376483,
        "nauc_mrr_at_3_std": -0.1022205403827286,
        "nauc_mrr_at_5_diff1": 0.22063503608019253,
        "nauc_mrr_at_5_max": 0.26062073018980925,
        "nauc_mrr_at_5_std": -0.10477426491644973,
        "nauc_ndcg_at_1000_diff1": 0.08016011111728641,
        "nauc_ndcg_at_1000_max": 0.3438234441899883,
        "nauc_ndcg_at_1000_std": -0.10525760007163497,
        "nauc_ndcg_at_100_diff1": 0.11412818053380348,
        "nauc_ndcg_at_100_max": 0.2837901829519574,
        "nauc_ndcg_at_100_std": -0.0656025080931207,
        "nauc_ndcg_at_10_diff1": 0.13732990010711113,
        "nauc_ndcg_at_10_max": 0.2555055628859105,
        "nauc_ndcg_at_10_std": -0.05443673199343398,
        "nauc_ndcg_at_1_diff1": 0.28052927861010907,
        "nauc_ndcg_at_1_max": 0.21536779622474395,
        "nauc_ndcg_at_1_std": -0.06925395408098789,
        "nauc_ndcg_at_20_diff1": 0.11898030341189346,
        "nauc_ndcg_at_20_max": 0.2548002013769577,
        "nauc_ndcg_at_20_std": -0.06046712387064915,
        "nauc_ndcg_at_3_diff1": 0.18086094486743667,
        "nauc_ndcg_at_3_max": 0.22667465390027078,
        "nauc_ndcg_at_3_std": -0.04398568620454914,
        "nauc_ndcg_at_5_diff1": 0.16377308043109964,
        "nauc_ndcg_at_5_max": 0.23416274382259272,
        "nauc_ndcg_at_5_std": -0.0393044665989724,
        "nauc_precision_at_1000_diff1": -0.08549358533798235,
        "nauc_precision_at_1000_max": 0.1910734880445499,
        "nauc_precision_at_1000_std": -0.13608449822335839,
        "nauc_precision_at_100_diff1": -0.02316879076381802,
        "nauc_precision_at_100_max": 0.23591601747244742,
        "nauc_precision_at_100_std": -0.0556197052521647,
        "nauc_precision_at_10_diff1": 0.08011733485913614,
        "nauc_precision_at_10_max": 0.26919371667619685,
        "nauc_precision_at_10_std": -0.027692583697568593,
        "nauc_precision_at_1_diff1": 0.25870185014377384,
        "nauc_precision_at_1_max": 0.2281916919690135,
        "nauc_precision_at_1_std": -0.0958629147928718,
        "nauc_precision_at_20_diff1": 0.04389573193065044,
        "nauc_precision_at_20_max": 0.24974508977556975,
        "nauc_precision_at_20_std": -0.030066047833616855,
        "nauc_precision_at_3_diff1": 0.12469910447301233,
        "nauc_precision_at_3_max": 0.24215281413179632,
        "nauc_precision_at_3_std": -0.03595572667112768,
        "nauc_precision_at_5_diff1": 0.10706875662155804,
        "nauc_precision_at_5_max": 0.2396262883669285,
        "nauc_precision_at_5_std": -0.01787143467273841,
        "nauc_recall_at_1000_diff1": -0.025365657549794248,
        "nauc_recall_at_1000_max": 0.17209389007363468,
        "nauc_recall_at_1000_std": -0.037467877699012705,
        "nauc_recall_at_100_diff1": 0.03109329879979422,
        "nauc_recall_at_100_max": 0.18935833804317836,
        "nauc_recall_at_100_std": 0.0017710822010288188,
        "nauc_recall_at_10_diff1": 0.07544101479869522,
        "nauc_recall_at_10_max": 0.17609985809422993,
        "nauc_recall_at_10_std": -0.06109181591255817,
        "nauc_recall_at_1_diff1": 0.2741063402660008,
        "nauc_recall_at_1_max": 0.2673964607242024,
        "nauc_recall_at_1_std": -0.23831111482814593,
        "nauc_recall_at_20_diff1": 0.016562193721286048,
        "nauc_recall_at_20_max": 0.16254022412237057,
        "nauc_recall_at_20_std": -0.028509210424799376,
        "nauc_recall_at_3_diff1": 0.12081955243829683,
        "nauc_recall_at_3_max": 0.11292480397789202,
        "nauc_recall_at_3_std": -0.04403240803433885,
        "nauc_recall_at_5_diff1": 0.06914832576901768,
        "nauc_recall_at_5_max": 0.1460100129852546,
        "nauc_recall_at_5_std": -0.06795519595997417,
        "ndcg_at_1": 0.23839,
        "ndcg_at_10": 0.17727,
        "ndcg_at_100": 0.17026,
        "ndcg_at_1000": 0.25879,
        "ndcg_at_20": 0.16614,
        "ndcg_at_3": 0.20379,
        "ndcg_at_5": 0.19025,
        "precision_at_1": 0.25697,
        "precision_at_10": 0.1356,
        "precision_at_100": 0.04601,
        "precision_at_1000": 0.01606,
        "precision_at_20": 0.09938,
        "precision_at_3": 0.19298,
        "precision_at_5": 0.16409,
        "recall_at_1": 0.02439,
        "recall_at_10": 0.084,
        "recall_at_100": 0.18982,
        "recall_at_1000": 0.50879,
        "recall_at_20": 0.11091,
        "recall_at_3": 0.04854,
        "recall_at_5": 0.06196
      }
    ]
  },
  "task_name": "NFCorpus"
}