{
  "dataset_revision": "ec0fa4fe99da2ff19ca1214b7966684033a58814",
  "evaluation_time": 3.0037028789520264,
  "kg_co2_emissions": null,
  "mteb_version": "1.14.12",
  "scores": {
    "test": [
      {
        "hf_subset": "default",
        "languages": [
          "eng-Latn"
        ],
        "main_score": 0.09875,
        "map_at_1": 0.00899,
        "map_at_10": 0.022,
        "map_at_100": 0.0317,
        "map_at_1000": 0.04033,
        "map_at_20": 0.02545,
        "map_at_3": 0.01612,
        "map_at_5": 0.01839,
        "mrr_at_1": 0.14860681114551083,
        "mrr_at_10": 0.21456214064573206,
        "mrr_at_100": 0.22665196273463778,
        "mrr_at_1000": 0.22761344569212982,
        "mrr_at_20": 0.2215856751961288,
        "mrr_at_3": 0.19711042311661509,
        "mrr_at_5": 0.20655314757481946,
        "nauc_map_at_1000_diff1": 0.13618319859313766,
        "nauc_map_at_1000_max": 0.29449209051794856,
        "nauc_map_at_1000_std": 0.11644884001451154,
        "nauc_map_at_100_diff1": 0.16585221702473174,
        "nauc_map_at_100_max": 0.294949659925003,
        "nauc_map_at_100_std": 0.1231351629564324,
        "nauc_map_at_10_diff1": 0.18863778556049757,
        "nauc_map_at_10_max": 0.3128725859845823,
        "nauc_map_at_10_std": 0.08144377871989919,
        "nauc_map_at_1_diff1": 0.26124012499692606,
        "nauc_map_at_1_max": 0.33088566252177815,
        "nauc_map_at_1_std": 0.038575635386660104,
        "nauc_map_at_20_diff1": 0.1826223704512649,
        "nauc_map_at_20_max": 0.3096756136659742,
        "nauc_map_at_20_std": 0.09729723990561516,
        "nauc_map_at_3_diff1": 0.1690667327854649,
        "nauc_map_at_3_max": 0.3463357565529745,
        "nauc_map_at_3_std": 0.006094905646847064,
        "nauc_map_at_5_diff1": 0.18433795971876066,
        "nauc_map_at_5_max": 0.33621687032555914,
        "nauc_map_at_5_std": 0.03310957439469202,
        "nauc_mrr_at_1000_diff1": 0.15876595944393038,
        "nauc_mrr_at_1000_max": 0.3812472836017386,
        "nauc_mrr_at_1000_std": -0.02311912348414664,
        "nauc_mrr_at_100_diff1": 0.15820923709122883,
        "nauc_mrr_at_100_max": 0.38114824496236654,
        "nauc_mrr_at_100_std": -0.023087172007097194,
        "nauc_mrr_at_10_diff1": 0.16360733544476627,
        "nauc_mrr_at_10_max": 0.3775732931195543,
        "nauc_mrr_at_10_std": -0.021173040024228523,
        "nauc_mrr_at_1_diff1": 0.23625736269664535,
        "nauc_mrr_at_1_max": 0.4322799429723404,
        "nauc_mrr_at_1_std": -0.05691234431986225,
        "nauc_mrr_at_20_diff1": 0.16054881026180934,
        "nauc_mrr_at_20_max": 0.37775689085770475,
        "nauc_mrr_at_20_std": -0.02170245742161002,
        "nauc_mrr_at_3_diff1": 0.19081821192552725,
        "nauc_mrr_at_3_max": 0.3763735600634142,
        "nauc_mrr_at_3_std": -0.02100786890587162,
        "nauc_mrr_at_5_diff1": 0.1690504321974566,
        "nauc_mrr_at_5_max": 0.37601328468843737,
        "nauc_mrr_at_5_std": -0.0252208861661789,
        "nauc_ndcg_at_1000_diff1": 0.06776731142078442,
        "nauc_ndcg_at_1000_max": 0.32978966229420675,
        "nauc_ndcg_at_1000_std": 0.07925828994935119,
        "nauc_ndcg_at_100_diff1": 0.11890472595683599,
        "nauc_ndcg_at_100_max": 0.31687417142075525,
        "nauc_ndcg_at_100_std": 0.10005385070111701,
        "nauc_ndcg_at_10_diff1": 0.1181751372178494,
        "nauc_ndcg_at_10_max": 0.31838207792642803,
        "nauc_ndcg_at_10_std": 0.07481913576359243,
        "nauc_ndcg_at_1_diff1": 0.25400900214316396,
        "nauc_ndcg_at_1_max": 0.4055364961284948,
        "nauc_ndcg_at_1_std": -0.022076497344014918,
        "nauc_ndcg_at_20_diff1": 0.10022924357756993,
        "nauc_ndcg_at_20_max": 0.32835843563070793,
        "nauc_ndcg_at_20_std": 0.06945332229918802,
        "nauc_ndcg_at_3_diff1": 0.16199581101186197,
        "nauc_ndcg_at_3_max": 0.34178967074366545,
        "nauc_ndcg_at_3_std": 0.030118609385247335,
        "nauc_ndcg_at_5_diff1": 0.14150205313336403,
        "nauc_ndcg_at_5_max": 0.3372458875590011,
        "nauc_ndcg_at_5_std": 0.04283047391489909,
        "nauc_precision_at_1000_diff1": -0.0604078601449833,
        "nauc_precision_at_1000_max": 0.16486800618152714,
        "nauc_precision_at_1000_std": -0.09754238329940143,
        "nauc_precision_at_100_diff1": -0.013718825722603635,
        "nauc_precision_at_100_max": 0.21333104481439957,
        "nauc_precision_at_100_std": 0.03341554038676874,
        "nauc_precision_at_10_diff1": 0.03577825322163904,
        "nauc_precision_at_10_max": 0.25671436773116635,
        "nauc_precision_at_10_std": 0.1028272219093897,
        "nauc_precision_at_1_diff1": 0.23625736269664535,
        "nauc_precision_at_1_max": 0.4322799429723404,
        "nauc_precision_at_1_std": -0.05691234431986225,
        "nauc_precision_at_20_diff1": 0.0035229231739181584,
        "nauc_precision_at_20_max": 0.25403351342756086,
        "nauc_precision_at_20_std": 0.07594145826122987,
        "nauc_precision_at_3_diff1": 0.1056789996259434,
        "nauc_precision_at_3_max": 0.34498315524299134,
        "nauc_precision_at_3_std": 0.021333782747498108,
        "nauc_precision_at_5_diff1": 0.06958814328275491,
        "nauc_precision_at_5_max": 0.32914503999913364,
        "nauc_precision_at_5_std": 0.04616250735295088,
        "nauc_recall_at_1000_diff1": -0.01375931177180475,
        "nauc_recall_at_1000_max": 0.1342852953805431,
        "nauc_recall_at_1000_std": 0.05498372941433058,
        "nauc_recall_at_100_diff1": 0.056771467385269156,
        "nauc_recall_at_100_max": 0.17686052239179206,
        "nauc_recall_at_100_std": 0.15394229459736003,
        "nauc_recall_at_10_diff1": 0.11290336914940208,
        "nauc_recall_at_10_max": 0.2535938526532331,
        "nauc_recall_at_10_std": 0.14187596669396224,
        "nauc_recall_at_1_diff1": 0.26124012499692606,
        "nauc_recall_at_1_max": 0.33088566252177815,
        "nauc_recall_at_1_std": 0.038575635386660104,
        "nauc_recall_at_20_diff1": 0.09434390376043908,
        "nauc_recall_at_20_max": 0.27827831237771183,
        "nauc_recall_at_20_std": 0.10775028024769369,
        "nauc_recall_at_3_diff1": 0.13194795060298337,
        "nauc_recall_at_3_max": 0.30339221443765185,
        "nauc_recall_at_3_std": 0.03566973443469308,
        "nauc_recall_at_5_diff1": 0.13655534407220757,
        "nauc_recall_at_5_max": 0.30444366471973333,
        "nauc_recall_at_5_std": 0.050139162304322624,
        "ndcg_at_1": 0.13622,
        "ndcg_at_10": 0.09875,
        "ndcg_at_100": 0.11163,
        "ndcg_at_1000": 0.21015,
        "ndcg_at_20": 0.09537,
        "ndcg_at_3": 0.1231,
        "ndcg_at_5": 0.11048,
        "precision_at_1": 0.14861,
        "precision_at_10": 0.0808,
        "precision_at_100": 0.03573,
        "precision_at_1000": 0.01566,
        "precision_at_20": 0.06533,
        "precision_at_3": 0.12487,
        "precision_at_5": 0.10279,
        "recall_at_1": 0.00899,
        "recall_at_10": 0.03613,
        "recall_at_100": 0.15165,
        "recall_at_1000": 0.49434,
        "recall_at_20": 0.0568,
        "recall_at_3": 0.02098,
        "recall_at_5": 0.02493
      }
    ]
  },
  "task_name": "NFCorpus"
}