{
  "dataset_revision": "ec0fa4fe99da2ff19ca1214b7966684033a58814",
  "evaluation_time": 2.9853920936584473,
  "kg_co2_emissions": null,
  "mteb_version": "1.14.12",
  "scores": {
    "test": [
      {
        "hf_subset": "default",
        "languages": [
          "eng-Latn"
        ],
        "main_score": 0.02632,
        "map_at_1": 0.00096,
        "map_at_10": 0.00327,
        "map_at_100": 0.00669,
        "map_at_1000": 0.01276,
        "map_at_20": 0.0043,
        "map_at_3": 0.00205,
        "map_at_5": 0.00264,
        "mrr_at_1": 0.030959752321981424,
        "mrr_at_10": 0.0594500958278048,
        "mrr_at_100": 0.07239883351456844,
        "mrr_at_1000": 0.07412803996318386,
        "mrr_at_20": 0.06689095710580625,
        "mrr_at_3": 0.04592363261093912,
        "mrr_at_5": 0.051496388028895765,
        "nauc_map_at_1000_diff1": 0.09048517591345606,
        "nauc_map_at_1000_max": -0.013358926421987553,
        "nauc_map_at_1000_std": 0.07825235218505468,
        "nauc_map_at_100_diff1": 0.1864096137805398,
        "nauc_map_at_100_max": -0.08132575142810725,
        "nauc_map_at_100_std": 0.18671660341316917,
        "nauc_map_at_10_diff1": 0.2843689060404144,
        "nauc_map_at_10_max": -0.09694688398881127,
        "nauc_map_at_10_std": 0.24142282968445444,
        "nauc_map_at_1_diff1": 0.259061193668624,
        "nauc_map_at_1_max": 0.016016897886341346,
        "nauc_map_at_1_std": 0.018357956769796915,
        "nauc_map_at_20_diff1": 0.25339825184113435,
        "nauc_map_at_20_max": -0.09342658619738832,
        "nauc_map_at_20_std": 0.2252152628011531,
        "nauc_map_at_3_diff1": 0.32898208576070487,
        "nauc_map_at_3_max": -0.12958572153352407,
        "nauc_map_at_3_std": 0.2728669419244988,
        "nauc_map_at_5_diff1": 0.3330160906992711,
        "nauc_map_at_5_max": -0.11343209811355708,
        "nauc_map_at_5_std": 0.2755428995149935,
        "nauc_mrr_at_1000_diff1": 0.12346004588135068,
        "nauc_mrr_at_1000_max": -0.01710713372939617,
        "nauc_mrr_at_1000_std": 0.00826543922782073,
        "nauc_mrr_at_100_diff1": 0.12409944567751026,
        "nauc_mrr_at_100_max": -0.01722157286671042,
        "nauc_mrr_at_100_std": 0.008867474524012363,
        "nauc_mrr_at_10_diff1": 0.15064829317720294,
        "nauc_mrr_at_10_max": -0.03809531847281509,
        "nauc_mrr_at_10_std": 0.024731263638552107,
        "nauc_mrr_at_1_diff1": 0.2716644543129747,
        "nauc_mrr_at_1_max": 0.03640051036157661,
        "nauc_mrr_at_1_std": -0.0027700801551756023,
        "nauc_mrr_at_20_diff1": 0.13611613022094146,
        "nauc_mrr_at_20_max": -0.028516359069480565,
        "nauc_mrr_at_20_std": 0.022058734104110828,
        "nauc_mrr_at_3_diff1": 0.21356586316176512,
        "nauc_mrr_at_3_max": -0.06096225755724289,
        "nauc_mrr_at_3_std": 0.04069803192914022,
        "nauc_mrr_at_5_diff1": 0.18421097235886294,
        "nauc_mrr_at_5_max": -0.03552156745828476,
        "nauc_mrr_at_5_std": 0.024957353098949142,
        "nauc_ndcg_at_1000_diff1": -0.08846819485875071,
        "nauc_ndcg_at_1000_max": 0.1470907449330788,
        "nauc_ndcg_at_1000_std": -0.11049025233933571,
        "nauc_ndcg_at_100_diff1": 0.023946259858026932,
        "nauc_ndcg_at_100_max": -0.01202784204312118,
        "nauc_ndcg_at_100_std": 0.03798586109469103,
        "nauc_ndcg_at_10_diff1": 0.12516259402365204,
        "nauc_ndcg_at_10_max": -0.018226169738106538,
        "nauc_ndcg_at_10_std": 0.04865396314029157,
        "nauc_ndcg_at_1_diff1": 0.25126392324440977,
        "nauc_ndcg_at_1_max": 0.03310672293682644,
        "nauc_ndcg_at_1_std": 0.01889445103236206,
        "nauc_ndcg_at_20_diff1": 0.09108444038186439,
        "nauc_ndcg_at_20_max": -0.03542856327226316,
        "nauc_ndcg_at_20_std": 0.05637581502453906,
        "nauc_ndcg_at_3_diff1": 0.1751550353993133,
        "nauc_ndcg_at_3_max": -0.03551249663281404,
        "nauc_ndcg_at_3_std": 0.03951981435486749,
        "nauc_ndcg_at_5_diff1": 0.17562550387479142,
        "nauc_ndcg_at_5_max": -0.02335353909661263,
        "nauc_ndcg_at_5_std": 0.05510788724725084,
        "nauc_precision_at_1000_diff1": -0.07876156456287443,
        "nauc_precision_at_1000_max": 0.027023492230746297,
        "nauc_precision_at_1000_std": -0.10855128393966981,
        "nauc_precision_at_100_diff1": -0.04795583464601932,
        "nauc_precision_at_100_max": 0.010859489639632576,
        "nauc_precision_at_100_std": -0.0485879542629313,
        "nauc_precision_at_10_diff1": 0.08182064520011258,
        "nauc_precision_at_10_max": 0.0036333190274981074,
        "nauc_precision_at_10_std": 0.011829818940464037,
        "nauc_precision_at_1_diff1": 0.2716644543129747,
        "nauc_precision_at_1_max": 0.03640051036157661,
        "nauc_precision_at_1_std": -0.0027700801551756023,
        "nauc_precision_at_20_diff1": 0.04527499196703459,
        "nauc_precision_at_20_max": -0.014987364911117226,
        "nauc_precision_at_20_std": 0.002701155996892741,
        "nauc_precision_at_3_diff1": 0.1722647274233965,
        "nauc_precision_at_3_max": -0.04631592581552887,
        "nauc_precision_at_3_std": 0.027496251309752855,
        "nauc_precision_at_5_diff1": 0.15626568963802814,
        "nauc_precision_at_5_max": -0.01285823179982436,
        "nauc_precision_at_5_std": 0.03832083037189728,
        "nauc_recall_at_1000_diff1": -0.13213042623485868,
        "nauc_recall_at_1000_max": 0.155016704345971,
        "nauc_recall_at_1000_std": -0.09889413468443146,
        "nauc_recall_at_100_diff1": -0.019069990405992512,
        "nauc_recall_at_100_max": -0.007457028432269754,
        "nauc_recall_at_100_std": 0.028035694486369635,
        "nauc_recall_at_10_diff1": 0.17089331442720385,
        "nauc_recall_at_10_max": -0.08268956869795267,
        "nauc_recall_at_10_std": 0.17578551005984058,
        "nauc_recall_at_1_diff1": 0.259061193668624,
        "nauc_recall_at_1_max": 0.016016897886341346,
        "nauc_recall_at_1_std": 0.018357956769796915,
        "nauc_recall_at_20_diff1": 0.1083047754013724,
        "nauc_recall_at_20_max": -0.07497402435438644,
        "nauc_recall_at_20_std": 0.15790479722609835,
        "nauc_recall_at_3_diff1": 0.3404660499575499,
        "nauc_recall_at_3_max": -0.20276876488090778,
        "nauc_recall_at_3_std": 0.37583023537699856,
        "nauc_recall_at_5_diff1": 0.30394130520850704,
        "nauc_recall_at_5_max": -0.11267390297837103,
        "nauc_recall_at_5_std": 0.285107040876986,
        "ndcg_at_1": 0.02941,
        "ndcg_at_10": 0.02632,
        "ndcg_at_100": 0.04123,
        "ndcg_at_1000": 0.13658,
        "ndcg_at_20": 0.02914,
        "ndcg_at_3": 0.02765,
        "ndcg_at_5": 0.02793,
        "precision_at_1": 0.03096,
        "precision_at_10": 0.02477,
        "precision_at_100": 0.01932,
        "precision_at_1000": 0.0134,
        "precision_at_20": 0.02446,
        "precision_at_3": 0.02786,
        "precision_at_5": 0.02848,
        "recall_at_1": 0.00096,
        "recall_at_10": 0.00817,
        "recall_at_100": 0.06023,
        "recall_at_1000": 0.40131,
        "recall_at_20": 0.01789,
        "recall_at_3": 0.0031,
        "recall_at_5": 0.00462
      }
    ]
  },
  "task_name": "NFCorpus"
}