{
  "dataset_revision": "ec0fa4fe99da2ff19ca1214b7966684033a58814",
  "evaluation_time": 2.9821245670318604,
  "kg_co2_emissions": null,
  "mteb_version": "1.14.12",
  "scores": {
    "test": [
      {
        "hf_subset": "default",
        "languages": [
          "eng-Latn"
        ],
        "main_score": 0.02262,
        "map_at_1": 0.00054,
        "map_at_10": 0.00281,
        "map_at_100": 0.00578,
        "map_at_1000": 0.01191,
        "map_at_20": 0.0033,
        "map_at_3": 0.00164,
        "map_at_5": 0.0024,
        "mrr_at_1": 0.02476780185758514,
        "mrr_at_10": 0.05765639589169001,
        "mrr_at_100": 0.0697505539223706,
        "mrr_at_1000": 0.0713877565624729,
        "mrr_at_20": 0.0631063818210968,
        "mrr_at_3": 0.0474716202270382,
        "mrr_at_5": 0.051805985552115595,
        "nauc_map_at_1000_diff1": 0.05471161022906588,
        "nauc_map_at_1000_max": 0.035847494406407235,
        "nauc_map_at_1000_std": 0.06553564210430467,
        "nauc_map_at_100_diff1": 0.1772053145328464,
        "nauc_map_at_100_max": -0.04069015050853113,
        "nauc_map_at_100_std": 0.188065166198748,
        "nauc_map_at_10_diff1": 0.2358599768186315,
        "nauc_map_at_10_max": -0.041093872812762194,
        "nauc_map_at_10_std": 0.19535560531136667,
        "nauc_map_at_1_diff1": 0.6458470079595255,
        "nauc_map_at_1_max": -0.1703430722411577,
        "nauc_map_at_1_std": 0.4408213244289459,
        "nauc_map_at_20_diff1": 0.22256459304163825,
        "nauc_map_at_20_max": -0.03756628789657568,
        "nauc_map_at_20_std": 0.18598865240566329,
        "nauc_map_at_3_diff1": 0.35366856859785045,
        "nauc_map_at_3_max": -0.2507559279431969,
        "nauc_map_at_3_std": 0.3414996079528207,
        "nauc_map_at_5_diff1": 0.21112020308733034,
        "nauc_map_at_5_max": -0.03340893862317501,
        "nauc_map_at_5_std": 0.21453704215586536,
        "nauc_mrr_at_1000_diff1": 0.03324391179435601,
        "nauc_mrr_at_1000_max": 0.07753956589125494,
        "nauc_mrr_at_1000_std": -0.035297279532652305,
        "nauc_mrr_at_100_diff1": 0.032032030698795885,
        "nauc_mrr_at_100_max": 0.07735660073022745,
        "nauc_mrr_at_100_std": -0.0353256799920719,
        "nauc_mrr_at_10_diff1": 0.06018948249011207,
        "nauc_mrr_at_10_max": 0.06685200339160537,
        "nauc_mrr_at_10_std": -0.01098281338732904,
        "nauc_mrr_at_1_diff1": 0.061777884680093466,
        "nauc_mrr_at_1_max": 0.22597291671439834,
        "nauc_mrr_at_1_std": -0.12270684414146976,
        "nauc_mrr_at_20_diff1": 0.04866854277001921,
        "nauc_mrr_at_20_max": 0.06992207157453387,
        "nauc_mrr_at_20_std": -0.023437606890127513,
        "nauc_mrr_at_3_diff1": 0.0735115487536882,
        "nauc_mrr_at_3_max": 0.02519068085378986,
        "nauc_mrr_at_3_std": 0.03067883048367835,
        "nauc_mrr_at_5_diff1": 0.05891023894136524,
        "nauc_mrr_at_5_max": 0.05577070585751862,
        "nauc_mrr_at_5_std": 0.007685090531794535,
        "nauc_ndcg_at_1000_diff1": -0.09402570874022183,
        "nauc_ndcg_at_1000_max": 0.1554285126792144,
        "nauc_ndcg_at_1000_std": -0.12945269163652795,
        "nauc_ndcg_at_100_diff1": 0.004087827966468746,
        "nauc_ndcg_at_100_max": 0.038559149907372976,
        "nauc_ndcg_at_100_std": 0.007746240272226254,
        "nauc_ndcg_at_10_diff1": 0.0906192126045036,
        "nauc_ndcg_at_10_max": 0.03205169944699438,
        "nauc_ndcg_at_10_std": 0.033630011740199334,
        "nauc_ndcg_at_1_diff1": 0.061777884680093466,
        "nauc_ndcg_at_1_max": 0.22597291671439834,
        "nauc_ndcg_at_1_std": -0.12270684414146976,
        "nauc_ndcg_at_20_diff1": 0.0759545347236278,
        "nauc_ndcg_at_20_max": 0.0425012774141349,
        "nauc_ndcg_at_20_std": 0.010854153309579761,
        "nauc_ndcg_at_3_diff1": 0.0858209271819838,
        "nauc_ndcg_at_3_max": -0.018956129997873862,
        "nauc_ndcg_at_3_std": 0.053049292991811894,
        "nauc_ndcg_at_5_diff1": 0.07272491141228152,
        "nauc_ndcg_at_5_max": 0.012722791731804756,
        "nauc_ndcg_at_5_std": 0.04316444478314028,
        "nauc_precision_at_1000_diff1": -0.16942143872751514,
        "nauc_precision_at_1000_max": 0.15815808234825796,
        "nauc_precision_at_1000_std": -0.15908112812566227,
        "nauc_precision_at_100_diff1": -0.06432291389356881,
        "nauc_precision_at_100_max": 0.09246753829882658,
        "nauc_precision_at_100_std": -0.0563789686040006,
        "nauc_precision_at_10_diff1": 0.08646619334295767,
        "nauc_precision_at_10_max": 0.011760432366639428,
        "nauc_precision_at_10_std": 0.03649558346265413,
        "nauc_precision_at_1_diff1": 0.061777884680093466,
        "nauc_precision_at_1_max": 0.22597291671439834,
        "nauc_precision_at_1_std": -0.12270684414146976,
        "nauc_precision_at_20_diff1": 0.03278970871875557,
        "nauc_precision_at_20_max": 0.043916749330433234,
        "nauc_precision_at_20_std": -0.02061231451858529,
        "nauc_precision_at_3_diff1": 0.09148889807198761,
        "nauc_precision_at_3_max": -0.07358003432022775,
        "nauc_precision_at_3_std": 0.08954988542760027,
        "nauc_precision_at_5_diff1": 0.07676240137492724,
        "nauc_precision_at_5_max": -0.023747222229615256,
        "nauc_precision_at_5_std": 0.07859605023231911,
        "nauc_recall_at_1000_diff1": -0.04727727664389448,
        "nauc_recall_at_1000_max": 0.17224435639475844,
        "nauc_recall_at_1000_std": -0.12237496502841183,
        "nauc_recall_at_100_diff1": -0.08265523906017337,
        "nauc_recall_at_100_max": 0.023098521980742085,
        "nauc_recall_at_100_std": -0.006739919543112191,
        "nauc_recall_at_10_diff1": 0.089460995267781,
        "nauc_recall_at_10_max": 0.1072893465872774,
        "nauc_recall_at_10_std": 0.012815245617223844,
        "nauc_recall_at_1_diff1": 0.6458470079595255,
        "nauc_recall_at_1_max": -0.1703430722411577,
        "nauc_recall_at_1_std": 0.4408213244289459,
        "nauc_recall_at_20_diff1": 0.07011375412074078,
        "nauc_recall_at_20_max": 0.10200875571463709,
        "nauc_recall_at_20_std": -0.012935161746379322,
        "nauc_recall_at_3_diff1": 0.2551854953433306,
        "nauc_recall_at_3_max": -0.24954220749419234,
        "nauc_recall_at_3_std": 0.3158971385019673,
        "nauc_recall_at_5_diff1": 0.005521161685908676,
        "nauc_recall_at_5_max": 0.15796482451658939,
        "nauc_recall_at_5_std": 0.04269509908243109,
        "ndcg_at_1": 0.02477,
        "ndcg_at_10": 0.02262,
        "ndcg_at_100": 0.03939,
        "ndcg_at_1000": 0.13602,
        "ndcg_at_20": 0.02307,
        "ndcg_at_3": 0.02854,
        "ndcg_at_5": 0.0258,
        "precision_at_1": 0.02477,
        "precision_at_10": 0.02136,
        "precision_at_100": 0.01864,
        "precision_at_1000": 0.01358,
        "precision_at_20": 0.01981,
        "precision_at_3": 0.03199,
        "precision_at_5": 0.02663,
        "recall_at_1": 0.00054,
        "recall_at_10": 0.00754,
        "recall_at_100": 0.0642,
        "recall_at_1000": 0.39821,
        "recall_at_20": 0.01203,
        "recall_at_3": 0.0028,
        "recall_at_5": 0.00528
      }
    ]
  },
  "task_name": "NFCorpus"
}