{
  "dataset_revision": "ec0fa4fe99da2ff19ca1214b7966684033a58814",
  "evaluation_time": 2.995432138442993,
  "kg_co2_emissions": null,
  "mteb_version": "1.14.12",
  "scores": {
    "test": [
      {
        "hf_subset": "default",
        "languages": [
          "eng-Latn"
        ],
        "main_score": 0.20157,
        "map_at_1": 0.02449,
        "map_at_10": 0.05958,
        "map_at_100": 0.0772,
        "map_at_1000": 0.0879,
        "map_at_20": 0.0663,
        "map_at_3": 0.04055,
        "map_at_5": 0.04858,
        "mrr_at_1": 0.28173374613003094,
        "mrr_at_10": 0.3660167575802249,
        "mrr_at_100": 0.37361279129722097,
        "mrr_at_1000": 0.37437160980503437,
        "mrr_at_20": 0.3699431728537968,
        "mrr_at_3": 0.3379772961816304,
        "mrr_at_5": 0.3515995872033023,
        "nauc_map_at_1000_diff1": 0.23948649260466282,
        "nauc_map_at_1000_max": 0.2859286972865881,
        "nauc_map_at_1000_std": 0.260798946780589,
        "nauc_map_at_100_diff1": 0.2576240618782582,
        "nauc_map_at_100_max": 0.27722164055195503,
        "nauc_map_at_100_std": 0.22995857942490128,
        "nauc_map_at_10_diff1": 0.2722375678530311,
        "nauc_map_at_10_max": 0.2597467944957708,
        "nauc_map_at_10_std": 0.16918015431100028,
        "nauc_map_at_1_diff1": 0.24840540212763412,
        "nauc_map_at_1_max": 0.2523636779356711,
        "nauc_map_at_1_std": 0.0606724454364861,
        "nauc_map_at_20_diff1": 0.27754226614214295,
        "nauc_map_at_20_max": 0.27278255957833225,
        "nauc_map_at_20_std": 0.19867515155989932,
        "nauc_map_at_3_diff1": 0.26256466200362427,
        "nauc_map_at_3_max": 0.2059761421694074,
        "nauc_map_at_3_std": 0.12229423877631729,
        "nauc_map_at_5_diff1": 0.27735563943929087,
        "nauc_map_at_5_max": 0.2352840719215285,
        "nauc_map_at_5_std": 0.13579311759063042,
        "nauc_mrr_at_1000_diff1": 0.17283699069505212,
        "nauc_mrr_at_1000_max": 0.3239956655818299,
        "nauc_mrr_at_1000_std": 0.172179994553082,
        "nauc_mrr_at_100_diff1": 0.17287037766188426,
        "nauc_mrr_at_100_max": 0.3241283990905599,
        "nauc_mrr_at_100_std": 0.1725811123781342,
        "nauc_mrr_at_10_diff1": 0.16800314621807458,
        "nauc_mrr_at_10_max": 0.31994890790970554,
        "nauc_mrr_at_10_std": 0.16948980484208923,
        "nauc_mrr_at_1_diff1": 0.18504293014439221,
        "nauc_mrr_at_1_max": 0.32100408587399065,
        "nauc_mrr_at_1_std": 0.1600861599189741,
        "nauc_mrr_at_20_diff1": 0.17226215502534686,
        "nauc_mrr_at_20_max": 0.32360730663329007,
        "nauc_mrr_at_20_std": 0.1716196591205231,
        "nauc_mrr_at_3_diff1": 0.16877546577147864,
        "nauc_mrr_at_3_max": 0.31358087911697125,
        "nauc_mrr_at_3_std": 0.15055306657344772,
        "nauc_mrr_at_5_diff1": 0.16854722560695656,
        "nauc_mrr_at_5_max": 0.31339390785816323,
        "nauc_mrr_at_5_std": 0.15978913319664984,
        "nauc_ndcg_at_1000_diff1": 0.21057610320080442,
        "nauc_ndcg_at_1000_max": 0.370119464265353,
        "nauc_ndcg_at_1000_std": 0.31664136732866943,
        "nauc_ndcg_at_100_diff1": 0.21240354257195201,
        "nauc_ndcg_at_100_max": 0.3127778766349224,
        "nauc_ndcg_at_100_std": 0.26762159376759637,
        "nauc_ndcg_at_10_diff1": 0.17426097039251842,
        "nauc_ndcg_at_10_max": 0.2915283505977801,
        "nauc_ndcg_at_10_std": 0.2583325544867563,
        "nauc_ndcg_at_1_diff1": 0.19303209634966004,
        "nauc_ndcg_at_1_max": 0.2854564785769884,
        "nauc_ndcg_at_1_std": 0.17255757333660404,
        "nauc_ndcg_at_20_diff1": 0.17280086957148183,
        "nauc_ndcg_at_20_max": 0.2998529288634308,
        "nauc_ndcg_at_20_std": 0.26700580049858247,
        "nauc_ndcg_at_3_diff1": 0.17898732720645674,
        "nauc_ndcg_at_3_max": 0.2735793077059786,
        "nauc_ndcg_at_3_std": 0.20044384916924707,
        "nauc_ndcg_at_5_diff1": 0.18895380633773876,
        "nauc_ndcg_at_5_max": 0.28116916170212586,
        "nauc_ndcg_at_5_std": 0.23563581174149648,
        "nauc_precision_at_1000_diff1": -0.11487744139539095,
        "nauc_precision_at_1000_max": 0.09616190769108887,
        "nauc_precision_at_1000_std": 0.21024663526092538,
        "nauc_precision_at_100_diff1": -0.03533198365248143,
        "nauc_precision_at_100_max": 0.18605560764098417,
        "nauc_precision_at_100_std": 0.32166060731296636,
        "nauc_precision_at_10_diff1": 0.09428618987074498,
        "nauc_precision_at_10_max": 0.2929079410409142,
        "nauc_precision_at_10_std": 0.3138614033044694,
        "nauc_precision_at_1_diff1": 0.18504293014439221,
        "nauc_precision_at_1_max": 0.32100408587399065,
        "nauc_precision_at_1_std": 0.1600861599189741,
        "nauc_precision_at_20_diff1": 0.06329820313298216,
        "nauc_precision_at_20_max": 0.2801743512908693,
        "nauc_precision_at_20_std": 0.3425202738041038,
        "nauc_precision_at_3_diff1": 0.1621487709758631,
        "nauc_precision_at_3_max": 0.29996348617434365,
        "nauc_precision_at_3_std": 0.22249660620241984,
        "nauc_precision_at_5_diff1": 0.14388529274633216,
        "nauc_precision_at_5_max": 0.2932596078942848,
        "nauc_precision_at_5_std": 0.26939289286505946,
        "nauc_recall_at_1000_diff1": 0.10976333049525826,
        "nauc_recall_at_1000_max": 0.17074877666207122,
        "nauc_recall_at_1000_std": 0.19048387587795376,
        "nauc_recall_at_100_diff1": 0.13522499804284444,
        "nauc_recall_at_100_max": 0.14559738352341742,
        "nauc_recall_at_100_std": 0.15182540885195012,
        "nauc_recall_at_10_diff1": 0.16199346934404166,
        "nauc_recall_at_10_max": 0.1878887024325552,
        "nauc_recall_at_10_std": 0.10784248753322101,
        "nauc_recall_at_1_diff1": 0.24840540212763412,
        "nauc_recall_at_1_max": 0.2523636779356711,
        "nauc_recall_at_1_std": 0.0606724454364861,
        "nauc_recall_at_20_diff1": 0.17547911941043418,
        "nauc_recall_at_20_max": 0.18987781222641936,
        "nauc_recall_at_20_std": 0.1296716464435399,
        "nauc_recall_at_3_diff1": 0.24783121873507716,
        "nauc_recall_at_3_max": 0.17701382011087596,
        "nauc_recall_at_3_std": 0.11135371697860269,
        "nauc_recall_at_5_diff1": 0.24687353378286708,
        "nauc_recall_at_5_max": 0.19736202844893433,
        "nauc_recall_at_5_std": 0.1215879465024045,
        "ndcg_at_1": 0.26625,
        "ndcg_at_10": 0.20157,
        "ndcg_at_100": 0.19586,
        "ndcg_at_1000": 0.28867,
        "ndcg_at_20": 0.18752,
        "ndcg_at_3": 0.22602,
        "ndcg_at_5": 0.21608,
        "precision_at_1": 0.28173,
        "precision_at_10": 0.15449,
        "precision_at_100": 0.05347,
        "precision_at_1000": 0.01768,
        "precision_at_20": 0.11471,
        "precision_at_3": 0.21465,
        "precision_at_5": 0.19319,
        "recall_at_1": 0.02449,
        "recall_at_10": 0.10049,
        "recall_at_100": 0.23588,
        "recall_at_1000": 0.55371,
        "recall_at_20": 0.12564,
        "recall_at_3": 0.04786,
        "recall_at_5": 0.06481
      }
    ]
  },
  "task_name": "NFCorpus"
}