{
  "dataset_revision": "ec0fa4fe99da2ff19ca1214b7966684033a58814",
  "evaluation_time": 3.061614751815796,
  "kg_co2_emissions": null,
  "mteb_version": "1.14.12",
  "scores": {
    "test": [
      {
        "hf_subset": "default",
        "languages": [
          "eng-Latn"
        ],
        "main_score": 0.01644,
        "map_at_1": 0.00066,
        "map_at_10": 0.00159,
        "map_at_100": 0.00309,
        "map_at_1000": 0.00753,
        "map_at_20": 0.00194,
        "map_at_3": 0.00078,
        "map_at_5": 0.00105,
        "mrr_at_1": 0.030959752321981424,
        "mrr_at_10": 0.05229618163054693,
        "mrr_at_100": 0.06341861595062885,
        "mrr_at_1000": 0.06502425354871019,
        "mrr_at_20": 0.05700476360324052,
        "mrr_at_3": 0.037667698658410735,
        "mrr_at_5": 0.045872033023735805,
        "nauc_map_at_1000_diff1": 0.07203947541672164,
        "nauc_map_at_1000_max": 0.00939195653483518,
        "nauc_map_at_1000_std": 0.010428888312172594,
        "nauc_map_at_100_diff1": 0.18477239959901867,
        "nauc_map_at_100_max": -0.1252819271948253,
        "nauc_map_at_100_std": 0.10431648661718501,
        "nauc_map_at_10_diff1": 0.11472137359878572,
        "nauc_map_at_10_max": -0.1594923929832486,
        "nauc_map_at_10_std": -0.022748865393416872,
        "nauc_map_at_1_diff1": 0.061549343384071184,
        "nauc_map_at_1_max": -0.21327339535724596,
        "nauc_map_at_1_std": -0.041661726130405995,
        "nauc_map_at_20_diff1": 0.18887448004423762,
        "nauc_map_at_20_max": -0.15454635735374245,
        "nauc_map_at_20_std": 0.06261916012907373,
        "nauc_map_at_3_diff1": 0.026785074736396835,
        "nauc_map_at_3_max": -0.20643539334891503,
        "nauc_map_at_3_std": -0.052958853845164154,
        "nauc_map_at_5_diff1": 0.0316210548757529,
        "nauc_map_at_5_max": -0.1884757582891278,
        "nauc_map_at_5_std": -0.016671932744545405,
        "nauc_mrr_at_1000_diff1": -0.035305872542258164,
        "nauc_mrr_at_1000_max": -0.05351463385426659,
        "nauc_mrr_at_1000_std": -0.07950119436346885,
        "nauc_mrr_at_100_diff1": -0.03381238905558308,
        "nauc_mrr_at_100_max": -0.05345597531903171,
        "nauc_mrr_at_100_std": -0.07675822203284291,
        "nauc_mrr_at_10_diff1": -0.026729271119107886,
        "nauc_mrr_at_10_max": -0.08605023532818402,
        "nauc_mrr_at_10_std": -0.07667619019582148,
        "nauc_mrr_at_1_diff1": -0.17019908926974311,
        "nauc_mrr_at_1_max": -0.0167491752745299,
        "nauc_mrr_at_1_std": -0.23963792045773596,
        "nauc_mrr_at_20_diff1": -0.026669713560898718,
        "nauc_mrr_at_20_max": -0.0586970794207042,
        "nauc_mrr_at_20_std": -0.07702936888828399,
        "nauc_mrr_at_3_diff1": -0.12610418069188553,
        "nauc_mrr_at_3_max": -0.07301797370491377,
        "nauc_mrr_at_3_std": -0.18726886585251148,
        "nauc_mrr_at_5_diff1": -0.06595297588218633,
        "nauc_mrr_at_5_max": -0.08725316565711107,
        "nauc_mrr_at_5_std": -0.10862529609565227,
        "nauc_ndcg_at_1000_diff1": 0.009142375644488304,
        "nauc_ndcg_at_1000_max": 0.07706685009828845,
        "nauc_ndcg_at_1000_std": -0.024130526733027548,
        "nauc_ndcg_at_100_diff1": 0.0949937130870062,
        "nauc_ndcg_at_100_max": -0.018009337406044896,
        "nauc_ndcg_at_100_std": 0.06375756023050907,
        "nauc_ndcg_at_10_diff1": 0.05954812964479037,
        "nauc_ndcg_at_10_max": -0.039882309105630925,
        "nauc_ndcg_at_10_std": -0.05649548765811478,
        "nauc_ndcg_at_1_diff1": -0.13854455645545644,
        "nauc_ndcg_at_1_max": -0.006973663272698116,
        "nauc_ndcg_at_1_std": -0.2404049234014573,
        "nauc_ndcg_at_20_diff1": 0.08976007070908508,
        "nauc_ndcg_at_20_max": -0.017376310483687724,
        "nauc_ndcg_at_20_std": -0.00639045818444906,
        "nauc_ndcg_at_3_diff1": -0.10153061306041944,
        "nauc_ndcg_at_3_max": -0.07046979308293623,
        "nauc_ndcg_at_3_std": -0.194424958685259,
        "nauc_ndcg_at_5_diff1": -0.02469615958825558,
        "nauc_ndcg_at_5_max": -0.07155989267539413,
        "nauc_ndcg_at_5_std": -0.09331618792289391,
        "nauc_precision_at_1000_diff1": -0.15226427125593528,
        "nauc_precision_at_1000_max": 0.16204835870196735,
        "nauc_precision_at_1000_std": -0.17683116333827584,
        "nauc_precision_at_100_diff1": -0.025199184017742637,
        "nauc_precision_at_100_max": 0.07759600784660592,
        "nauc_precision_at_100_std": -0.028709542535065368,
        "nauc_precision_at_10_diff1": 0.10122502958333349,
        "nauc_precision_at_10_max": -0.02877303403316777,
        "nauc_precision_at_10_std": 0.007839160766809199,
        "nauc_precision_at_1_diff1": -0.12534861046171825,
        "nauc_precision_at_1_max": -0.029608247130792086,
        "nauc_precision_at_1_std": -0.2309412951547305,
        "nauc_precision_at_20_diff1": 0.10416151263374757,
        "nauc_precision_at_20_max": 0.025266685112738635,
        "nauc_precision_at_20_std": 0.04683782558731228,
        "nauc_precision_at_3_diff1": -0.0972265644804287,
        "nauc_precision_at_3_max": -0.11805094688670165,
        "nauc_precision_at_3_std": -0.15834228015563542,
        "nauc_precision_at_5_diff1": 0.016171595304893958,
        "nauc_precision_at_5_max": -0.09518324011237149,
        "nauc_precision_at_5_std": -0.013933780348819431,
        "nauc_recall_at_1000_diff1": 0.02062583222539575,
        "nauc_recall_at_1000_max": 0.10762349800316996,
        "nauc_recall_at_1000_std": -0.00576222931555797,
        "nauc_recall_at_100_diff1": 0.08600595453585198,
        "nauc_recall_at_100_max": -0.00551194812991841,
        "nauc_recall_at_100_std": 0.08351167209838885,
        "nauc_recall_at_10_diff1": 0.21082051774194063,
        "nauc_recall_at_10_max": -0.13053547124148265,
        "nauc_recall_at_10_std": 0.02154056345356092,
        "nauc_recall_at_1_diff1": 0.061549343384071184,
        "nauc_recall_at_1_max": -0.21327339535724596,
        "nauc_recall_at_1_std": -0.041661726130405995,
        "nauc_recall_at_20_diff1": 0.31542518870923547,
        "nauc_recall_at_20_max": -0.1089531579996406,
        "nauc_recall_at_20_std": 0.15733318203498092,
        "nauc_recall_at_3_diff1": -0.00023719384759180598,
        "nauc_recall_at_3_max": -0.20046253692503913,
        "nauc_recall_at_3_std": -0.06725537621873039,
        "nauc_recall_at_5_diff1": 0.00826999253233382,
        "nauc_recall_at_5_max": -0.14574294931927492,
        "nauc_recall_at_5_std": 0.021584707579186797,
        "ndcg_at_1": 0.02632,
        "ndcg_at_10": 0.01644,
        "ndcg_at_100": 0.02765,
        "ndcg_at_1000": 0.11365,
        "ndcg_at_20": 0.01692,
        "ndcg_at_3": 0.01609,
        "ndcg_at_5": 0.0167,
        "precision_at_1": 0.02786,
        "precision_at_10": 0.0161,
        "precision_at_100": 0.01433,
        "precision_at_1000": 0.01175,
        "precision_at_20": 0.01563,
        "precision_at_3": 0.01548,
        "precision_at_5": 0.01796,
        "recall_at_1": 0.00066,
        "recall_at_10": 0.00584,
        "recall_at_100": 0.04452,
        "recall_at_1000": 0.34309,
        "recall_at_20": 0.00926,
        "recall_at_3": 0.00091,
        "recall_at_5": 0.00207
      }
    ]
  },
  "task_name": "NFCorpus"
}