{
  "dataset_revision": "ec0fa4fe99da2ff19ca1214b7966684033a58814",
  "evaluation_time": 3.036825180053711,
  "kg_co2_emissions": null,
  "mteb_version": "1.14.12",
  "scores": {
    "test": [
      {
        "hf_subset": "default",
        "languages": [
          "eng-Latn"
        ],
        "main_score": 0.06491,
        "map_at_1": 0.00584,
        "map_at_10": 0.01379,
        "map_at_100": 0.02189,
        "map_at_1000": 0.03085,
        "map_at_20": 0.01587,
        "map_at_3": 0.009,
        "map_at_5": 0.01132,
        "mrr_at_1": 0.08978328173374613,
        "mrr_at_10": 0.13903385915769823,
        "mrr_at_100": 0.15126840238399708,
        "mrr_at_1000": 0.15245126863748337,
        "mrr_at_20": 0.14448773430420442,
        "mrr_at_3": 0.11403508771929825,
        "mrr_at_5": 0.1276573787409701,
        "nauc_map_at_1000_diff1": -0.07526595722919648,
        "nauc_map_at_1000_max": 0.33411339423308967,
        "nauc_map_at_1000_std": 0.2744577556447486,
        "nauc_map_at_100_diff1": -0.09944792442176993,
        "nauc_map_at_100_max": 0.35567493831199143,
        "nauc_map_at_100_std": 0.2711504263943712,
        "nauc_map_at_10_diff1": -0.09576667323739749,
        "nauc_map_at_10_max": 0.3830815453276465,
        "nauc_map_at_10_std": 0.23819990687559758,
        "nauc_map_at_1_diff1": 0.008622414218747914,
        "nauc_map_at_1_max": 0.4701884848950866,
        "nauc_map_at_1_std": 0.1679873776200834,
        "nauc_map_at_20_diff1": -0.08908386047227904,
        "nauc_map_at_20_max": 0.3665842088765858,
        "nauc_map_at_20_std": 0.2578158705110123,
        "nauc_map_at_3_diff1": -0.058058288549236454,
        "nauc_map_at_3_max": 0.3559899298076272,
        "nauc_map_at_3_std": 0.2384895777345056,
        "nauc_map_at_5_diff1": -0.08231163518513905,
        "nauc_map_at_5_max": 0.37639659124325864,
        "nauc_map_at_5_std": 0.24342902654591214,
        "nauc_mrr_at_1000_diff1": 0.1253523340006603,
        "nauc_mrr_at_1000_max": 0.29502162192064924,
        "nauc_mrr_at_1000_std": 0.23961263567885546,
        "nauc_mrr_at_100_diff1": 0.12410013757647752,
        "nauc_mrr_at_100_max": 0.294844177878725,
        "nauc_mrr_at_100_std": 0.23944015070395835,
        "nauc_mrr_at_10_diff1": 0.12213568719584003,
        "nauc_mrr_at_10_max": 0.2844263570362552,
        "nauc_mrr_at_10_std": 0.23825991549996825,
        "nauc_mrr_at_1_diff1": 0.1615030169616682,
        "nauc_mrr_at_1_max": 0.36064184081135825,
        "nauc_mrr_at_1_std": 0.2726498642784432,
        "nauc_mrr_at_20_diff1": 0.12786963410039986,
        "nauc_mrr_at_20_max": 0.28841255005680233,
        "nauc_mrr_at_20_std": 0.24248788788416767,
        "nauc_mrr_at_3_diff1": 0.1642263550935908,
        "nauc_mrr_at_3_max": 0.3106864948900848,
        "nauc_mrr_at_3_std": 0.2776361881504062,
        "nauc_mrr_at_5_diff1": 0.12450659359227476,
        "nauc_mrr_at_5_max": 0.29122327805117515,
        "nauc_mrr_at_5_std": 0.258246887931681,
        "nauc_ndcg_at_1000_diff1": 0.00932093033506853,
        "nauc_ndcg_at_1000_max": 0.3343764136816598,
        "nauc_ndcg_at_1000_std": 0.2075565062441528,
        "nauc_ndcg_at_100_diff1": -0.047269569896392305,
        "nauc_ndcg_at_100_max": 0.29776912507323466,
        "nauc_ndcg_at_100_std": 0.2246092944235392,
        "nauc_ndcg_at_10_diff1": 0.018930175573036653,
        "nauc_ndcg_at_10_max": 0.32672918131444667,
        "nauc_ndcg_at_10_std": 0.2841273427424914,
        "nauc_ndcg_at_1_diff1": 0.1540276621251383,
        "nauc_ndcg_at_1_max": 0.3939608791048986,
        "nauc_ndcg_at_1_std": 0.27274282748273265,
        "nauc_ndcg_at_20_diff1": 0.00029566932373758343,
        "nauc_ndcg_at_20_max": 0.2923760953943001,
        "nauc_ndcg_at_20_std": 0.2910591934212967,
        "nauc_ndcg_at_3_diff1": 0.1219296820409038,
        "nauc_ndcg_at_3_max": 0.3541253940010981,
        "nauc_ndcg_at_3_std": 0.3367237469880012,
        "nauc_ndcg_at_5_diff1": 0.05062818584193589,
        "nauc_ndcg_at_5_max": 0.34463504337454465,
        "nauc_ndcg_at_5_std": 0.32857278906644155,
        "nauc_precision_at_1000_diff1": 0.06644725117880125,
        "nauc_precision_at_1000_max": 0.14778149172305133,
        "nauc_precision_at_1000_std": 0.11563551459263006,
        "nauc_precision_at_100_diff1": -0.007035643520905337,
        "nauc_precision_at_100_max": 0.19954674310087497,
        "nauc_precision_at_100_std": 0.22459274535480825,
        "nauc_precision_at_10_diff1": -0.02326947303570084,
        "nauc_precision_at_10_max": 0.26777497310827686,
        "nauc_precision_at_10_std": 0.24781228001057548,
        "nauc_precision_at_1_diff1": 0.1615030169616682,
        "nauc_precision_at_1_max": 0.36064184081135825,
        "nauc_precision_at_1_std": 0.2726498642784432,
        "nauc_precision_at_20_diff1": -0.023370229215752478,
        "nauc_precision_at_20_max": 0.22966776686516788,
        "nauc_precision_at_20_std": 0.28643911942515476,
        "nauc_precision_at_3_diff1": 0.09855204896200839,
        "nauc_precision_at_3_max": 0.3080268563507646,
        "nauc_precision_at_3_std": 0.34855526026483175,
        "nauc_precision_at_5_diff1": -0.001211307145744245,
        "nauc_precision_at_5_max": 0.2899154839764308,
        "nauc_precision_at_5_std": 0.31178572291410894,
        "nauc_recall_at_1000_diff1": 0.024028462393048632,
        "nauc_recall_at_1000_max": 0.24188203101585626,
        "nauc_recall_at_1000_std": 0.045052166658398285,
        "nauc_recall_at_100_diff1": -0.12627655103415902,
        "nauc_recall_at_100_max": 0.19325860177135895,
        "nauc_recall_at_100_std": 0.0726795240528331,
        "nauc_recall_at_10_diff1": -0.11412714091852968,
        "nauc_recall_at_10_max": 0.2580180616468788,
        "nauc_recall_at_10_std": 0.10438248393600576,
        "nauc_recall_at_1_diff1": 0.008622414218747914,
        "nauc_recall_at_1_max": 0.4701884848950866,
        "nauc_recall_at_1_std": 0.1679873776200834,
        "nauc_recall_at_20_diff1": -0.07742993682404287,
        "nauc_recall_at_20_max": 0.18964387683813907,
        "nauc_recall_at_20_std": 0.18010929312291452,
        "nauc_recall_at_3_diff1": -0.10187200825200463,
        "nauc_recall_at_3_max": 0.24545101599106459,
        "nauc_recall_at_3_std": 0.2599153387156084,
        "nauc_recall_at_5_diff1": -0.1409399476392495,
        "nauc_recall_at_5_max": 0.28074839038868704,
        "nauc_recall_at_5_std": 0.20880383284937018,
        "ndcg_at_1": 0.08204,
        "ndcg_at_10": 0.06491,
        "ndcg_at_100": 0.08676,
        "ndcg_at_1000": 0.18807,
        "ndcg_at_20": 0.06357,
        "ndcg_at_3": 0.06859,
        "ndcg_at_5": 0.07001,
        "precision_at_1": 0.08978,
        "precision_at_10": 0.05604,
        "precision_at_100": 0.03201,
        "precision_at_1000": 0.01589,
        "precision_at_20": 0.04644,
        "precision_at_3": 0.06811,
        "precision_at_5": 0.06873,
        "recall_at_1": 0.00584,
        "recall_at_10": 0.02679,
        "recall_at_100": 0.12473,
        "recall_at_1000": 0.46397,
        "recall_at_20": 0.03985,
        "recall_at_3": 0.01127,
        "recall_at_5": 0.01731
      }
    ]
  },
  "task_name": "NFCorpus"
}