{
  "dataset_revision": "ec0fa4fe99da2ff19ca1214b7966684033a58814",
  "evaluation_time": 3.0044896602630615,
  "kg_co2_emissions": null,
  "mteb_version": "1.14.12",
  "scores": {
    "test": [
      {
        "hf_subset": "default",
        "languages": [
          "eng-Latn"
        ],
        "main_score": 0.20353,
        "map_at_1": 0.0304,
        "map_at_10": 0.06399,
        "map_at_100": 0.08363,
        "map_at_1000": 0.09554,
        "map_at_20": 0.07212,
        "map_at_3": 0.0452,
        "map_at_5": 0.0549,
        "mrr_at_1": 0.29721362229102166,
        "mrr_at_10": 0.3787102560322375,
        "mrr_at_100": 0.3877475786300116,
        "mrr_at_1000": 0.3885248699025642,
        "mrr_at_20": 0.3845879478523567,
        "mrr_at_3": 0.3550051599587203,
        "mrr_at_5": 0.37079463364293086,
        "nauc_map_at_1000_diff1": 0.1217833512310232,
        "nauc_map_at_1000_max": 0.36756492080471986,
        "nauc_map_at_1000_std": 0.2140471018084567,
        "nauc_map_at_100_diff1": 0.13553414779916884,
        "nauc_map_at_100_max": 0.34939741452142464,
        "nauc_map_at_100_std": 0.16863204324610437,
        "nauc_map_at_10_diff1": 0.17313250384067366,
        "nauc_map_at_10_max": 0.30270991061799396,
        "nauc_map_at_10_std": 0.08432324743718735,
        "nauc_map_at_1_diff1": 0.25111438830626376,
        "nauc_map_at_1_max": 0.17451628691341314,
        "nauc_map_at_1_std": -0.07693309376138042,
        "nauc_map_at_20_diff1": 0.1554633830092483,
        "nauc_map_at_20_max": 0.32926509040638713,
        "nauc_map_at_20_std": 0.11605798832250891,
        "nauc_map_at_3_diff1": 0.2504986010460913,
        "nauc_map_at_3_max": 0.2379932238916131,
        "nauc_map_at_3_std": 0.00396302793032293,
        "nauc_map_at_5_diff1": 0.2125960091921352,
        "nauc_map_at_5_max": 0.26790017090834944,
        "nauc_map_at_5_std": 0.030654287545525155,
        "nauc_mrr_at_1000_diff1": 0.2325838792646677,
        "nauc_mrr_at_1000_max": 0.3650275793533276,
        "nauc_mrr_at_1000_std": 0.18613945599866288,
        "nauc_mrr_at_100_diff1": 0.2326178310752483,
        "nauc_mrr_at_100_max": 0.36539248578672606,
        "nauc_mrr_at_100_std": 0.18666532073695052,
        "nauc_mrr_at_10_diff1": 0.235229669755209,
        "nauc_mrr_at_10_max": 0.3619462994390165,
        "nauc_mrr_at_10_std": 0.1788920536537367,
        "nauc_mrr_at_1_diff1": 0.252520664776608,
        "nauc_mrr_at_1_max": 0.3336119992667067,
        "nauc_mrr_at_1_std": 0.1741039110390552,
        "nauc_mrr_at_20_diff1": 0.2331705448279047,
        "nauc_mrr_at_20_max": 0.3642606010219724,
        "nauc_mrr_at_20_std": 0.1845182066204328,
        "nauc_mrr_at_3_diff1": 0.23949899560074892,
        "nauc_mrr_at_3_max": 0.34135170093001765,
        "nauc_mrr_at_3_std": 0.17465423177266168,
        "nauc_mrr_at_5_diff1": 0.23527629805910868,
        "nauc_mrr_at_5_max": 0.3517229598718909,
        "nauc_mrr_at_5_std": 0.1744040846252087,
        "nauc_ndcg_at_1000_diff1": 0.1354420828517252,
        "nauc_ndcg_at_1000_max": 0.49643852645857867,
        "nauc_ndcg_at_1000_std": 0.34564621340025464,
        "nauc_ndcg_at_100_diff1": 0.11221818802018518,
        "nauc_ndcg_at_100_max": 0.4014181773193625,
        "nauc_ndcg_at_100_std": 0.2498161300578427,
        "nauc_ndcg_at_10_diff1": 0.1332103900690336,
        "nauc_ndcg_at_10_max": 0.3675304511841857,
        "nauc_ndcg_at_10_std": 0.21897866110140804,
        "nauc_ndcg_at_1_diff1": 0.2518740503805954,
        "nauc_ndcg_at_1_max": 0.31950207987357504,
        "nauc_ndcg_at_1_std": 0.1723151858008523,
        "nauc_ndcg_at_20_diff1": 0.12741252224440439,
        "nauc_ndcg_at_20_max": 0.3708781653817729,
        "nauc_ndcg_at_20_std": 0.216782298011355,
        "nauc_ndcg_at_3_diff1": 0.1739414933998336,
        "nauc_ndcg_at_3_max": 0.31535328301747045,
        "nauc_ndcg_at_3_std": 0.19553884644579117,
        "nauc_ndcg_at_5_diff1": 0.15466702891143275,
        "nauc_ndcg_at_5_max": 0.3442534254717519,
        "nauc_ndcg_at_5_std": 0.19651061591806512,
        "nauc_precision_at_1000_diff1": -0.09393533727573913,
        "nauc_precision_at_1000_max": 0.1317434691340182,
        "nauc_precision_at_1000_std": 0.2757300589322886,
        "nauc_precision_at_100_diff1": -0.06880614158853607,
        "nauc_precision_at_100_max": 0.2562677814772175,
        "nauc_precision_at_100_std": 0.3865183119686365,
        "nauc_precision_at_10_diff1": 0.0051086672167753545,
        "nauc_precision_at_10_max": 0.3792830056516444,
        "nauc_precision_at_10_std": 0.31776359565440615,
        "nauc_precision_at_1_diff1": 0.252520664776608,
        "nauc_precision_at_1_max": 0.3336119992667067,
        "nauc_precision_at_1_std": 0.1741039110390552,
        "nauc_precision_at_20_diff1": -0.019749589606012804,
        "nauc_precision_at_20_max": 0.3630939972410352,
        "nauc_precision_at_20_std": 0.36351845162532587,
        "nauc_precision_at_3_diff1": 0.1067831780672673,
        "nauc_precision_at_3_max": 0.3210242473072949,
        "nauc_precision_at_3_std": 0.2393485809041648,
        "nauc_precision_at_5_diff1": 0.0685856669476317,
        "nauc_precision_at_5_max": 0.36938346212611234,
        "nauc_precision_at_5_std": 0.250376092517527,
        "nauc_recall_at_1000_diff1": -0.003875004683951603,
        "nauc_recall_at_1000_max": 0.31223126714872823,
        "nauc_recall_at_1000_std": 0.24975232688784413,
        "nauc_recall_at_100_diff1": 0.02504247801292895,
        "nauc_recall_at_100_max": 0.2578097641212757,
        "nauc_recall_at_100_std": 0.1859461234222281,
        "nauc_recall_at_10_diff1": 0.12315574039444778,
        "nauc_recall_at_10_max": 0.26120630437924275,
        "nauc_recall_at_10_std": 0.06875231412961727,
        "nauc_recall_at_1_diff1": 0.25111438830626376,
        "nauc_recall_at_1_max": 0.17451628691341314,
        "nauc_recall_at_1_std": -0.07693309376138042,
        "nauc_recall_at_20_diff1": 0.06000548053253667,
        "nauc_recall_at_20_max": 0.23970649563388913,
        "nauc_recall_at_20_std": 0.07564697659084652,
        "nauc_recall_at_3_diff1": 0.24221052356246373,
        "nauc_recall_at_3_max": 0.21854554683330543,
        "nauc_recall_at_3_std": -0.0007181534716285352,
        "nauc_recall_at_5_diff1": 0.16399871378008468,
        "nauc_recall_at_5_max": 0.22840393377510237,
        "nauc_recall_at_5_std": 0.0012521901046627269,
        "ndcg_at_1": 0.28019,
        "ndcg_at_10": 0.20353,
        "ndcg_at_100": 0.20128,
        "ndcg_at_1000": 0.29921,
        "ndcg_at_20": 0.19414,
        "ndcg_at_3": 0.24262,
        "ndcg_at_5": 0.23081,
        "precision_at_1": 0.29721,
        "precision_at_10": 0.14985,
        "precision_at_100": 0.05461,
        "precision_at_1000": 0.01841,
        "precision_at_20": 0.11347,
        "precision_at_3": 0.23013,
        "precision_at_5": 0.20433,
        "recall_at_1": 0.0304,
        "recall_at_10": 0.09451,
        "recall_at_100": 0.22244,
        "recall_at_1000": 0.56872,
        "recall_at_20": 0.13129,
        "recall_at_3": 0.05212,
        "recall_at_5": 0.07406
      }
    ]
  },
  "task_name": "NFCorpus"
}