{
  "dataset_revision": "ec0fa4fe99da2ff19ca1214b7966684033a58814",
  "evaluation_time": 3.0295910835266113,
  "kg_co2_emissions": null,
  "mteb_version": "1.14.12",
  "scores": {
    "test": [
      {
        "hf_subset": "default",
        "languages": [
          "eng-Latn"
        ],
        "main_score": 0.01314,
        "map_at_1": 0.00017,
        "map_at_10": 0.00072,
        "map_at_100": 0.00185,
        "map_at_1000": 0.00603,
        "map_at_20": 0.00096,
        "map_at_3": 0.00031,
        "map_at_5": 0.00036,
        "mrr_at_1": 0.021671826625386997,
        "mrr_at_10": 0.03856700574966828,
        "mrr_at_100": 0.04870204205159398,
        "mrr_at_1000": 0.05042881751525077,
        "mrr_at_20": 0.04239855955797831,
        "mrr_at_3": 0.02992776057791538,
        "mrr_at_5": 0.03333333333333333,
        "nauc_map_at_1000_diff1": 0.01907226431313815,
        "nauc_map_at_1000_max": -0.033147192465841684,
        "nauc_map_at_1000_std": 0.06459515139569458,
        "nauc_map_at_100_diff1": -0.07161658115396398,
        "nauc_map_at_100_max": -0.06776972939376376,
        "nauc_map_at_100_std": 0.01089992430771049,
        "nauc_map_at_10_diff1": -0.09897329576181467,
        "nauc_map_at_10_max": -0.1470875974872301,
        "nauc_map_at_10_std": 0.0360487863754641,
        "nauc_map_at_1_diff1": -0.09803724406146012,
        "nauc_map_at_1_max": -0.2911816354148713,
        "nauc_map_at_1_std": 0.07259304710028103,
        "nauc_map_at_20_diff1": -0.0543048822649485,
        "nauc_map_at_20_max": -0.15045366083483866,
        "nauc_map_at_20_std": 0.07999785349080164,
        "nauc_map_at_3_diff1": -0.10071954402423312,
        "nauc_map_at_3_max": -0.25823190576783217,
        "nauc_map_at_3_std": 0.31135649971031587,
        "nauc_map_at_5_diff1": -0.03242085788521726,
        "nauc_map_at_5_max": -0.2222886957973482,
        "nauc_map_at_5_std": 0.3032897432238727,
        "nauc_mrr_at_1000_diff1": -0.03212395318207248,
        "nauc_mrr_at_1000_max": -0.061163017916654384,
        "nauc_mrr_at_1000_std": 0.14976217959717505,
        "nauc_mrr_at_100_diff1": -0.03523466080446954,
        "nauc_mrr_at_100_max": -0.06063886929966272,
        "nauc_mrr_at_100_std": 0.14696207548667134,
        "nauc_mrr_at_10_diff1": -0.016131630478898953,
        "nauc_mrr_at_10_max": -0.06707422949250454,
        "nauc_mrr_at_10_std": 0.1777314478383152,
        "nauc_mrr_at_1_diff1": -0.09965774198385584,
        "nauc_mrr_at_1_max": -0.08929296171834122,
        "nauc_mrr_at_1_std": 0.1621306773539161,
        "nauc_mrr_at_20_diff1": -0.029242147155018456,
        "nauc_mrr_at_20_max": -0.07125230906288758,
        "nauc_mrr_at_20_std": 0.17193527099676575,
        "nauc_mrr_at_3_diff1": -0.09340506377546082,
        "nauc_mrr_at_3_max": -0.09703349897450762,
        "nauc_mrr_at_3_std": 0.18530271350179353,
        "nauc_mrr_at_5_diff1": -0.05157937759595899,
        "nauc_mrr_at_5_max": -0.07996859434729271,
        "nauc_mrr_at_5_std": 0.20060219050171288,
        "nauc_ndcg_at_1000_diff1": 0.02537775757288035,
        "nauc_ndcg_at_1000_max": -0.019550765169913078,
        "nauc_ndcg_at_1000_std": 0.040855670317331866,
        "nauc_ndcg_at_100_diff1": -0.03799106307903073,
        "nauc_ndcg_at_100_max": -0.0015464705577078804,
        "nauc_ndcg_at_100_std": 0.03018991197585746,
        "nauc_ndcg_at_10_diff1": 0.033688968760916524,
        "nauc_ndcg_at_10_max": -0.025163579939935295,
        "nauc_ndcg_at_10_std": 0.18841726096101544,
        "nauc_ndcg_at_1_diff1": -0.10193452098566175,
        "nauc_ndcg_at_1_max": -0.057783403703252426,
        "nauc_ndcg_at_1_std": 0.1799914690704003,
        "nauc_ndcg_at_20_diff1": 0.05214921584075541,
        "nauc_ndcg_at_20_max": -0.04614761656772503,
        "nauc_ndcg_at_20_std": 0.17977105666086335,
        "nauc_ndcg_at_3_diff1": -0.11643614071312763,
        "nauc_ndcg_at_3_max": -0.059982056449838374,
        "nauc_ndcg_at_3_std": 0.2107068930942986,
        "nauc_ndcg_at_5_diff1": -0.03960637042516058,
        "nauc_ndcg_at_5_max": -0.03510429201967775,
        "nauc_ndcg_at_5_std": 0.23387773250082713,
        "nauc_precision_at_1000_diff1": 0.06354019222075416,
        "nauc_precision_at_1000_max": 0.021962063253507563,
        "nauc_precision_at_1000_std": 0.08470858814522275,
        "nauc_precision_at_100_diff1": 0.010128103333031564,
        "nauc_precision_at_100_max": 0.03652200836381592,
        "nauc_precision_at_100_std": 0.09642442625627212,
        "nauc_precision_at_10_diff1": 0.11909849255050893,
        "nauc_precision_at_10_max": -0.006336660692713176,
        "nauc_precision_at_10_std": 0.1987812918203347,
        "nauc_precision_at_1_diff1": -0.09965774198385584,
        "nauc_precision_at_1_max": -0.08929296171834122,
        "nauc_precision_at_1_std": 0.1621306773539161,
        "nauc_precision_at_20_diff1": 0.11520723536873932,
        "nauc_precision_at_20_max": -0.04698317232659719,
        "nauc_precision_at_20_std": 0.203063048036921,
        "nauc_precision_at_3_diff1": -0.12725818065446673,
        "nauc_precision_at_3_max": -0.08443924960821267,
        "nauc_precision_at_3_std": 0.22680924748982154,
        "nauc_precision_at_5_diff1": -0.013009342285591656,
        "nauc_precision_at_5_max": -0.012221757276258504,
        "nauc_precision_at_5_std": 0.2386261813930403,
        "nauc_recall_at_1000_diff1": -0.0032879697384856415,
        "nauc_recall_at_1000_max": 0.008775444296415566,
        "nauc_recall_at_1000_std": 0.0036152103737310047,
        "nauc_recall_at_100_diff1": -0.09299487501636709,
        "nauc_recall_at_100_max": 0.03408828631890113,
        "nauc_recall_at_100_std": -0.10317648019437167,
        "nauc_recall_at_10_diff1": -0.1118684957300119,
        "nauc_recall_at_10_max": -0.10657275918466871,
        "nauc_recall_at_10_std": -0.11940623917808574,
        "nauc_recall_at_1_diff1": -0.09803724406146012,
        "nauc_recall_at_1_max": -0.2911816354148713,
        "nauc_recall_at_1_std": 0.07259304710028103,
        "nauc_recall_at_20_diff1": -0.07705478131749235,
        "nauc_recall_at_20_max": -0.13032716360983956,
        "nauc_recall_at_20_std": -0.005573233268434589,
        "nauc_recall_at_3_diff1": -0.1010748615082795,
        "nauc_recall_at_3_max": -0.2482946290652203,
        "nauc_recall_at_3_std": 0.36670734056922116,
        "nauc_recall_at_5_diff1": 0.054337996676819496,
        "nauc_recall_at_5_max": -0.17842025706335804,
        "nauc_recall_at_5_std": 0.3401831811918023,
        "ndcg_at_1": 0.02012,
        "ndcg_at_10": 0.01314,
        "ndcg_at_100": 0.02116,
        "ndcg_at_1000": 0.10477,
        "ndcg_at_20": 0.01334,
        "ndcg_at_3": 0.01489,
        "ndcg_at_5": 0.01316,
        "precision_at_1": 0.02167,
        "precision_at_10": 0.01238,
        "precision_at_100": 0.01211,
        "precision_at_1000": 0.01139,
        "precision_at_20": 0.013,
        "precision_at_3": 0.01445,
        "precision_at_5": 0.01238,
        "recall_at_1": 0.00017,
        "recall_at_10": 0.00313,
        "recall_at_100": 0.03323,
        "recall_at_1000": 0.3187,
        "recall_at_20": 0.00553,
        "recall_at_3": 0.00046,
        "recall_at_5": 0.00064
      }
    ]
  },
  "task_name": "NFCorpus"
}