{
  "dataset_revision": "ec0fa4fe99da2ff19ca1214b7966684033a58814",
  "evaluation_time": 2.991203784942627,
  "kg_co2_emissions": null,
  "mteb_version": "1.14.12",
  "scores": {
    "test": [
      {
        "hf_subset": "default",
        "languages": [
          "eng-Latn"
        ],
        "main_score": 0.02256,
        "map_at_1": 0.00053,
        "map_at_10": 0.00267,
        "map_at_100": 0.00522,
        "map_at_1000": 0.01077,
        "map_at_20": 0.00334,
        "map_at_3": 0.00139,
        "map_at_5": 0.00207,
        "mrr_at_1": 0.02476780185758514,
        "mrr_at_10": 0.052448523268956694,
        "mrr_at_100": 0.06408726105705881,
        "mrr_at_1000": 0.06573786922517164,
        "mrr_at_20": 0.05836139295520196,
        "mrr_at_3": 0.03973168214654283,
        "mrr_at_5": 0.04545923632610939,
        "nauc_map_at_1000_diff1": 0.14925074556403534,
        "nauc_map_at_1000_max": -0.15508400241824505,
        "nauc_map_at_1000_std": 0.09741917846889916,
        "nauc_map_at_100_diff1": 0.2761834400003421,
        "nauc_map_at_100_max": -0.21376922783550384,
        "nauc_map_at_100_std": 0.24651170878782894,
        "nauc_map_at_10_diff1": 0.24950134782255057,
        "nauc_map_at_10_max": -0.25316483500092785,
        "nauc_map_at_10_std": 0.3020143260743205,
        "nauc_map_at_1_diff1": 0.5996887709823574,
        "nauc_map_at_1_max": -0.45373616054406735,
        "nauc_map_at_1_std": 0.29625509058285754,
        "nauc_map_at_20_diff1": 0.2834043608589695,
        "nauc_map_at_20_max": -0.22402541039407986,
        "nauc_map_at_20_std": 0.2681871310309567,
        "nauc_map_at_3_diff1": 0.18677724959174524,
        "nauc_map_at_3_max": -0.2551307386494075,
        "nauc_map_at_3_std": 0.35503763471804645,
        "nauc_map_at_5_diff1": 0.22983740651818887,
        "nauc_map_at_5_max": -0.2598108237183386,
        "nauc_map_at_5_std": 0.2908167736753643,
        "nauc_mrr_at_1000_diff1": 0.06484362205348077,
        "nauc_mrr_at_1000_max": -0.16458124950931838,
        "nauc_mrr_at_1000_std": 0.018727792569719168,
        "nauc_mrr_at_100_diff1": 0.06423985830067483,
        "nauc_mrr_at_100_max": -0.16355053180995008,
        "nauc_mrr_at_100_std": 0.019621245889027836,
        "nauc_mrr_at_10_diff1": 0.059279190067661525,
        "nauc_mrr_at_10_max": -0.18902564076261866,
        "nauc_mrr_at_10_std": 0.018577207384636692,
        "nauc_mrr_at_1_diff1": 0.13869066970381644,
        "nauc_mrr_at_1_max": -0.26146308787793165,
        "nauc_mrr_at_1_std": 0.0015597861572579142,
        "nauc_mrr_at_20_diff1": 0.06842662510495003,
        "nauc_mrr_at_20_max": -0.17674825974998695,
        "nauc_mrr_at_20_std": 0.02504451445604186,
        "nauc_mrr_at_3_diff1": 0.04913846032927557,
        "nauc_mrr_at_3_max": -0.22146243336894197,
        "nauc_mrr_at_3_std": 0.046897111297655884,
        "nauc_mrr_at_5_diff1": 0.06110613287250462,
        "nauc_mrr_at_5_max": -0.19471382153243827,
        "nauc_mrr_at_5_std": 0.035993998490927576,
        "nauc_ndcg_at_1000_diff1": 0.056584007137885556,
        "nauc_ndcg_at_1000_max": -0.03056380208851729,
        "nauc_ndcg_at_1000_std": -0.04166774833938135,
        "nauc_ndcg_at_100_diff1": 0.1731482178403919,
        "nauc_ndcg_at_100_max": -0.12218190982373224,
        "nauc_ndcg_at_100_std": 0.07574823305810843,
        "nauc_ndcg_at_10_diff1": 0.09851119561632099,
        "nauc_ndcg_at_10_max": -0.17691961832976155,
        "nauc_ndcg_at_10_std": 0.03657559356842978,
        "nauc_ndcg_at_1_diff1": 0.1263506463964543,
        "nauc_ndcg_at_1_max": -0.24063706716699595,
        "nauc_ndcg_at_1_std": 0.015363990183980165,
        "nauc_ndcg_at_20_diff1": 0.13463899807242333,
        "nauc_ndcg_at_20_max": -0.14730096290333983,
        "nauc_ndcg_at_20_std": 0.042678686230444136,
        "nauc_ndcg_at_3_diff1": 0.05146460548801546,
        "nauc_ndcg_at_3_max": -0.17325230198743713,
        "nauc_ndcg_at_3_std": 0.02055631529524244,
        "nauc_ndcg_at_5_diff1": 0.07160995139735996,
        "nauc_ndcg_at_5_max": -0.17261900067906233,
        "nauc_ndcg_at_5_std": 0.03928813069706965,
        "nauc_precision_at_1000_diff1": -0.07348363017719199,
        "nauc_precision_at_1000_max": -0.06070911077358518,
        "nauc_precision_at_1000_std": -0.1303579135060412,
        "nauc_precision_at_100_diff1": 0.03498806125306423,
        "nauc_precision_at_100_max": -0.09383061481729497,
        "nauc_precision_at_100_std": -0.04734797324856567,
        "nauc_precision_at_10_diff1": 0.08230352648357687,
        "nauc_precision_at_10_max": -0.16507585529362678,
        "nauc_precision_at_10_std": 0.020386341105611026,
        "nauc_precision_at_1_diff1": 0.13869066970381644,
        "nauc_precision_at_1_max": -0.26146308787793165,
        "nauc_precision_at_1_std": 0.0015597861572579142,
        "nauc_precision_at_20_diff1": 0.07919285836437732,
        "nauc_precision_at_20_max": -0.13601479017616208,
        "nauc_precision_at_20_std": 0.012288429069059584,
        "nauc_precision_at_3_diff1": 0.02690450102665242,
        "nauc_precision_at_3_max": -0.1645782314813918,
        "nauc_precision_at_3_std": 0.04290734814574924,
        "nauc_precision_at_5_diff1": 0.0558598082323099,
        "nauc_precision_at_5_max": -0.16728990634148308,
        "nauc_precision_at_5_std": 0.04838867113110073,
        "nauc_recall_at_1000_diff1": 0.07757633784561437,
        "nauc_recall_at_1000_max": -0.0398235937583201,
        "nauc_recall_at_1000_std": 0.000542267734032794,
        "nauc_recall_at_100_diff1": 0.21741559052287965,
        "nauc_recall_at_100_max": -0.08680781973478582,
        "nauc_recall_at_100_std": 0.1075527011333834,
        "nauc_recall_at_10_diff1": 0.21457968192714263,
        "nauc_recall_at_10_max": -0.19507009643215595,
        "nauc_recall_at_10_std": 0.2643898765895497,
        "nauc_recall_at_1_diff1": 0.5996887709823574,
        "nauc_recall_at_1_max": -0.45373616054406735,
        "nauc_recall_at_1_std": 0.29625509058285754,
        "nauc_recall_at_20_diff1": 0.3281679913080028,
        "nauc_recall_at_20_max": -0.11986698001070663,
        "nauc_recall_at_20_std": 0.17170981993069512,
        "nauc_recall_at_3_diff1": 0.0490135577982044,
        "nauc_recall_at_3_max": -0.17866568860022414,
        "nauc_recall_at_3_std": 0.4362300856438457,
        "nauc_recall_at_5_diff1": 0.19353269881064558,
        "nauc_recall_at_5_max": -0.22343855056744097,
        "nauc_recall_at_5_std": 0.3421547607471717,
        "ndcg_at_1": 0.02322,
        "ndcg_at_10": 0.02256,
        "ndcg_at_100": 0.03519,
        "ndcg_at_1000": 0.12766,
        "ndcg_at_20": 0.02369,
        "ndcg_at_3": 0.02277,
        "ndcg_at_5": 0.0229,
        "precision_at_1": 0.02477,
        "precision_at_10": 0.02105,
        "precision_at_100": 0.01644,
        "precision_at_1000": 0.01285,
        "precision_at_20": 0.01966,
        "precision_at_3": 0.02477,
        "precision_at_5": 0.02353,
        "recall_at_1": 0.00053,
        "recall_at_10": 0.00804,
        "recall_at_100": 0.05136,
        "recall_at_1000": 0.379,
        "recall_at_20": 0.01505,
        "recall_at_3": 0.00264,
        "recall_at_5": 0.00471
      }
    ]
  },
  "task_name": "NFCorpus"
}