{
  "dataset_revision": "ec0fa4fe99da2ff19ca1214b7966684033a58814",
  "evaluation_time": 2.997087240219116,
  "kg_co2_emissions": null,
  "mteb_version": "1.14.12",
  "scores": {
    "test": [
      {
        "hf_subset": "default",
        "languages": [
          "eng-Latn"
        ],
        "main_score": 0.30706,
        "map_at_1": 0.04416,
        "map_at_10": 0.10948,
        "map_at_100": 0.14099,
        "map_at_1000": 0.15538,
        "map_at_20": 0.12218,
        "map_at_3": 0.07928,
        "map_at_5": 0.09355,
        "mrr_at_1": 0.4241486068111455,
        "mrr_at_10": 0.5062361786819992,
        "mrr_at_100": 0.5126303241525976,
        "mrr_at_1000": 0.5130881597993614,
        "mrr_at_20": 0.5099185896763754,
        "mrr_at_3": 0.48400412796697645,
        "mrr_at_5": 0.4965428276573789,
        "nauc_map_at_1000_diff1": 0.1223553072244576,
        "nauc_map_at_1000_max": 0.2695479244362251,
        "nauc_map_at_1000_std": 0.16586695332993023,
        "nauc_map_at_100_diff1": 0.1438213888286345,
        "nauc_map_at_100_max": 0.25903173394578166,
        "nauc_map_at_100_std": 0.12711886175594844,
        "nauc_map_at_10_diff1": 0.19773503571192264,
        "nauc_map_at_10_max": 0.21028148406735375,
        "nauc_map_at_10_std": 0.0031823587905188224,
        "nauc_map_at_1_diff1": 0.3073791597127266,
        "nauc_map_at_1_max": 0.06684665546424455,
        "nauc_map_at_1_std": -0.14229106784977139,
        "nauc_map_at_20_diff1": 0.17466719789992866,
        "nauc_map_at_20_max": 0.23372086070074283,
        "nauc_map_at_20_std": 0.055594843270763375,
        "nauc_map_at_3_diff1": 0.24006394166870498,
        "nauc_map_at_3_max": 0.1277989009612425,
        "nauc_map_at_3_std": -0.07585968703744388,
        "nauc_map_at_5_diff1": 0.22068539231885329,
        "nauc_map_at_5_max": 0.16518942309571513,
        "nauc_map_at_5_std": -0.051885386998870714,
        "nauc_mrr_at_1000_diff1": 0.2474999308188621,
        "nauc_mrr_at_1000_max": 0.4250326393971771,
        "nauc_mrr_at_1000_std": 0.21817090924176127,
        "nauc_mrr_at_100_diff1": 0.24745322361287295,
        "nauc_mrr_at_100_max": 0.4253999591387319,
        "nauc_mrr_at_100_std": 0.21869407281869646,
        "nauc_mrr_at_10_diff1": 0.24931829636333236,
        "nauc_mrr_at_10_max": 0.4223572260409316,
        "nauc_mrr_at_10_std": 0.2111714980755729,
        "nauc_mrr_at_1_diff1": 0.25986396503335923,
        "nauc_mrr_at_1_max": 0.36409945709304614,
        "nauc_mrr_at_1_std": 0.14459500459155167,
        "nauc_mrr_at_20_diff1": 0.2479389732492885,
        "nauc_mrr_at_20_max": 0.42352663772191734,
        "nauc_mrr_at_20_std": 0.2172406200398339,
        "nauc_mrr_at_3_diff1": 0.23901802160659522,
        "nauc_mrr_at_3_max": 0.4117574243444645,
        "nauc_mrr_at_3_std": 0.20390407871457666,
        "nauc_mrr_at_5_diff1": 0.24922835765773674,
        "nauc_mrr_at_5_max": 0.42885504688553466,
        "nauc_mrr_at_5_std": 0.2119148315245653,
        "nauc_ndcg_at_1000_diff1": 0.1201391629496552,
        "nauc_ndcg_at_1000_max": 0.4355075130627607,
        "nauc_ndcg_at_1000_std": 0.3549278067499779,
        "nauc_ndcg_at_100_diff1": 0.11713415301765973,
        "nauc_ndcg_at_100_max": 0.3590665033229657,
        "nauc_ndcg_at_100_std": 0.26848939495106006,
        "nauc_ndcg_at_10_diff1": 0.09946672437619064,
        "nauc_ndcg_at_10_max": 0.32719560720627117,
        "nauc_ndcg_at_10_std": 0.23380319618942827,
        "nauc_ndcg_at_1_diff1": 0.27286187762116565,
        "nauc_ndcg_at_1_max": 0.3307560851046154,
        "nauc_ndcg_at_1_std": 0.13754194252225638,
        "nauc_ndcg_at_20_diff1": 0.07459415016250369,
        "nauc_ndcg_at_20_max": 0.3175500280537698,
        "nauc_ndcg_at_20_std": 0.25507715207223985,
        "nauc_ndcg_at_3_diff1": 0.15318099005301772,
        "nauc_ndcg_at_3_max": 0.32409630082879365,
        "nauc_ndcg_at_3_std": 0.1937237410180356,
        "nauc_ndcg_at_5_diff1": 0.13679656663261908,
        "nauc_ndcg_at_5_max": 0.33460419746924686,
        "nauc_ndcg_at_5_std": 0.21012988511735325,
        "nauc_precision_at_1000_diff1": -0.21586717363681712,
        "nauc_precision_at_1000_max": 0.08068859187825078,
        "nauc_precision_at_1000_std": 0.3209496836124153,
        "nauc_precision_at_100_diff1": -0.20334680205458258,
        "nauc_precision_at_100_max": 0.18531155527562101,
        "nauc_precision_at_100_std": 0.43902863208123666,
        "nauc_precision_at_10_diff1": -0.04970344255970495,
        "nauc_precision_at_10_max": 0.3425559473283034,
        "nauc_precision_at_10_std": 0.35258044100556984,
        "nauc_precision_at_1_diff1": 0.27648407919214424,
        "nauc_precision_at_1_max": 0.36290390119977417,
        "nauc_precision_at_1_std": 0.13750556045787066,
        "nauc_precision_at_20_diff1": -0.12650143067352398,
        "nauc_precision_at_20_max": 0.29027560942078623,
        "nauc_precision_at_20_std": 0.41816953882200925,
        "nauc_precision_at_3_diff1": 0.08071750082573585,
        "nauc_precision_at_3_max": 0.3611812720727329,
        "nauc_precision_at_3_std": 0.2612985766283581,
        "nauc_precision_at_5_diff1": 0.04067507583969816,
        "nauc_precision_at_5_max": 0.37876733855572053,
        "nauc_precision_at_5_std": 0.2971461642176492,
        "nauc_recall_at_1000_diff1": 0.04172122888343675,
        "nauc_recall_at_1000_max": 0.30683843313340253,
        "nauc_recall_at_1000_std": 0.3123504197380832,
        "nauc_recall_at_100_diff1": 0.08332724312266099,
        "nauc_recall_at_100_max": 0.23955252542721484,
        "nauc_recall_at_100_std": 0.1851823702405316,
        "nauc_recall_at_10_diff1": 0.17375143893330924,
        "nauc_recall_at_10_max": 0.1805626924072794,
        "nauc_recall_at_10_std": 0.006816736631374144,
        "nauc_recall_at_1_diff1": 0.3073791597127266,
        "nauc_recall_at_1_max": 0.06684665546424455,
        "nauc_recall_at_1_std": -0.14229106784977139,
        "nauc_recall_at_20_diff1": 0.12309855635720603,
        "nauc_recall_at_20_max": 0.18888319843011386,
        "nauc_recall_at_20_std": 0.07281108810560752,
        "nauc_recall_at_3_diff1": 0.19610351332688228,
        "nauc_recall_at_3_max": 0.12059032656113958,
        "nauc_recall_at_3_std": -0.0633530367554544,
        "nauc_recall_at_5_diff1": 0.18637034156695392,
        "nauc_recall_at_5_max": 0.14868904188660276,
        "nauc_recall_at_5_std": -0.04488284648355934,
        "ndcg_at_1": 0.39938,
        "ndcg_at_10": 0.30706,
        "ndcg_at_100": 0.28899,
        "ndcg_at_1000": 0.37872,
        "ndcg_at_20": 0.28879,
        "ndcg_at_3": 0.35734,
        "ndcg_at_5": 0.33487,
        "precision_at_1": 0.41796,
        "precision_at_10": 0.23096,
        "precision_at_100": 0.07697,
        "precision_at_1000": 0.0207,
        "precision_at_20": 0.17353,
        "precision_at_3": 0.3354,
        "precision_at_5": 0.2904,
        "recall_at_1": 0.04416,
        "recall_at_10": 0.14797,
        "recall_at_100": 0.30439,
        "recall_at_1000": 0.62426,
        "recall_at_20": 0.18702,
        "recall_at_3": 0.09123,
        "recall_at_5": 0.11514
      }
    ]
  },
  "task_name": "NFCorpus"
}