{
  "dataset_revision": "ec0fa4fe99da2ff19ca1214b7966684033a58814",
  "evaluation_time": 3.004241704940796,
  "kg_co2_emissions": null,
  "mteb_version": "1.14.12",
  "scores": {
    "test": [
      {
        "hf_subset": "default",
        "languages": [
          "eng-Latn"
        ],
        "main_score": 0.2763,
        "map_at_1": 0.04395,
        "map_at_10": 0.09349,
        "map_at_100": 0.11441,
        "map_at_1000": 0.12374,
        "map_at_20": 0.10225,
        "map_at_3": 0.0679,
        "map_at_5": 0.08096,
        "mrr_at_1": 0.4024767801857585,
        "mrr_at_10": 0.4715354562877781,
        "mrr_at_100": 0.4788100213798032,
        "mrr_at_1000": 0.47934617805277313,
        "mrr_at_20": 0.4756539761283169,
        "mrr_at_3": 0.4484004127966977,
        "mrr_at_5": 0.4646542827657379,
        "nauc_map_at_1000_diff1": 0.21760435564054523,
        "nauc_map_at_1000_max": 0.1478256865464949,
        "nauc_map_at_1000_std": 0.22879241671771428,
        "nauc_map_at_100_diff1": 0.2377969535576596,
        "nauc_map_at_100_max": 0.13160746173522703,
        "nauc_map_at_100_std": 0.2099561216286408,
        "nauc_map_at_10_diff1": 0.2784048927862408,
        "nauc_map_at_10_max": 0.09619749561176333,
        "nauc_map_at_10_std": 0.12691483438684795,
        "nauc_map_at_1_diff1": 0.3987587323096941,
        "nauc_map_at_1_max": 0.0075752879132889445,
        "nauc_map_at_1_std": 0.04654316814648743,
        "nauc_map_at_20_diff1": 0.2655210477403684,
        "nauc_map_at_20_max": 0.11551728663711841,
        "nauc_map_at_20_std": 0.16042510818669192,
        "nauc_map_at_3_diff1": 0.31504879312360834,
        "nauc_map_at_3_max": 0.049795231377960734,
        "nauc_map_at_3_std": 0.07784240966618355,
        "nauc_map_at_5_diff1": 0.28837250102115836,
        "nauc_map_at_5_max": 0.09451945259800842,
        "nauc_map_at_5_std": 0.08417847211249661,
        "nauc_mrr_at_1000_diff1": 0.24479545063819283,
        "nauc_mrr_at_1000_max": 0.28944597410527356,
        "nauc_mrr_at_1000_std": 0.2175644951209528,
        "nauc_mrr_at_100_diff1": 0.24453600687850677,
        "nauc_mrr_at_100_max": 0.28961092871496774,
        "nauc_mrr_at_100_std": 0.21793271661318264,
        "nauc_mrr_at_10_diff1": 0.24278476496478552,
        "nauc_mrr_at_10_max": 0.2853291744849984,
        "nauc_mrr_at_10_std": 0.21632919984483687,
        "nauc_mrr_at_1_diff1": 0.2793285692524735,
        "nauc_mrr_at_1_max": 0.25684575400184134,
        "nauc_mrr_at_1_std": 0.18343970295598802,
        "nauc_mrr_at_20_diff1": 0.24431777682341052,
        "nauc_mrr_at_20_max": 0.2881158624583241,
        "nauc_mrr_at_20_std": 0.2170792300620843,
        "nauc_mrr_at_3_diff1": 0.2547320318675466,
        "nauc_mrr_at_3_max": 0.27430602095387824,
        "nauc_mrr_at_3_std": 0.19972385101215098,
        "nauc_mrr_at_5_diff1": 0.24202226072928013,
        "nauc_mrr_at_5_max": 0.28373163074455005,
        "nauc_mrr_at_5_std": 0.2094325172474441,
        "nauc_ndcg_at_1000_diff1": 0.15871167128067074,
        "nauc_ndcg_at_1000_max": 0.28802315060075634,
        "nauc_ndcg_at_1000_std": 0.32000644158932884,
        "nauc_ndcg_at_100_diff1": 0.1737971790007754,
        "nauc_ndcg_at_100_max": 0.22745214840548614,
        "nauc_ndcg_at_100_std": 0.2963819324552566,
        "nauc_ndcg_at_10_diff1": 0.1651702480423577,
        "nauc_ndcg_at_10_max": 0.20278773844169673,
        "nauc_ndcg_at_10_std": 0.2843792000948594,
        "nauc_ndcg_at_1_diff1": 0.3108585580721984,
        "nauc_ndcg_at_1_max": 0.2280418014556077,
        "nauc_ndcg_at_1_std": 0.17803881677841632,
        "nauc_ndcg_at_20_diff1": 0.15793536661609503,
        "nauc_ndcg_at_20_max": 0.20706171550550528,
        "nauc_ndcg_at_20_std": 0.288723850343123,
        "nauc_ndcg_at_3_diff1": 0.21983260755984882,
        "nauc_ndcg_at_3_max": 0.19346175821320355,
        "nauc_ndcg_at_3_std": 0.22821617528847798,
        "nauc_ndcg_at_5_diff1": 0.1888709251225479,
        "nauc_ndcg_at_5_max": 0.21248547834148657,
        "nauc_ndcg_at_5_std": 0.2593907660657236,
        "nauc_precision_at_1000_diff1": -0.2412343821600549,
        "nauc_precision_at_1000_max": 0.17494309607911698,
        "nauc_precision_at_1000_std": 0.23868696817443663,
        "nauc_precision_at_100_diff1": -0.16695415627256968,
        "nauc_precision_at_100_max": 0.19776358912387423,
        "nauc_precision_at_100_std": 0.40768295570668794,
        "nauc_precision_at_10_diff1": 0.010101720707906773,
        "nauc_precision_at_10_max": 0.2151223391078953,
        "nauc_precision_at_10_std": 0.35961085673934623,
        "nauc_precision_at_1_diff1": 0.29653139000918904,
        "nauc_precision_at_1_max": 0.25020235073098895,
        "nauc_precision_at_1_std": 0.17843773453185877,
        "nauc_precision_at_20_diff1": -0.038081782446017884,
        "nauc_precision_at_20_max": 0.21161646679455093,
        "nauc_precision_at_20_std": 0.3955288888071245,
        "nauc_precision_at_3_diff1": 0.13708991770955742,
        "nauc_precision_at_3_max": 0.21808026640471576,
        "nauc_precision_at_3_std": 0.24762091654292173,
        "nauc_precision_at_5_diff1": 0.06579070605037794,
        "nauc_precision_at_5_max": 0.24698073449154812,
        "nauc_precision_at_5_std": 0.29275772530679406,
        "nauc_recall_at_1000_diff1": 0.0480464112676241,
        "nauc_recall_at_1000_max": 0.17066686853602986,
        "nauc_recall_at_1000_std": 0.15870828601897644,
        "nauc_recall_at_100_diff1": 0.09670507278912326,
        "nauc_recall_at_100_max": 0.17329728995672805,
        "nauc_recall_at_100_std": 0.21415239467010752,
        "nauc_recall_at_10_diff1": 0.19820095051540734,
        "nauc_recall_at_10_max": 0.12273196884223161,
        "nauc_recall_at_10_std": 0.10475333519847635,
        "nauc_recall_at_1_diff1": 0.3987587323096941,
        "nauc_recall_at_1_max": 0.0075752879132889445,
        "nauc_recall_at_1_std": 0.04654316814648743,
        "nauc_recall_at_20_diff1": 0.16867918090901618,
        "nauc_recall_at_20_max": 0.15703832952671126,
        "nauc_recall_at_20_std": 0.13000036297752968,
        "nauc_recall_at_3_diff1": 0.27398322155364696,
        "nauc_recall_at_3_max": 0.05559410127117766,
        "nauc_recall_at_3_std": 0.07973865463645428,
        "nauc_recall_at_5_diff1": 0.2001288709511,
        "nauc_recall_at_5_max": 0.12708944792490592,
        "nauc_recall_at_5_std": 0.06907794753978376,
        "ndcg_at_1": 0.3808,
        "ndcg_at_10": 0.2763,
        "ndcg_at_100": 0.24137,
        "ndcg_at_1000": 0.32169,
        "ndcg_at_20": 0.25235,
        "ndcg_at_3": 0.32718,
        "ndcg_at_5": 0.30958,
        "precision_at_1": 0.39628,
        "precision_at_10": 0.20341,
        "precision_at_100": 0.06062,
        "precision_at_1000": 0.01708,
        "precision_at_20": 0.14737,
        "precision_at_3": 0.30547,
        "precision_at_5": 0.26935,
        "recall_at_1": 0.04395,
        "recall_at_10": 0.12679,
        "recall_at_100": 0.24269,
        "recall_at_1000": 0.5399,
        "recall_at_20": 0.15528,
        "recall_at_3": 0.07543,
        "recall_at_5": 0.10134
      }
    ]
  },
  "task_name": "NFCorpus"
}