{
  "dataset_revision": "ec0fa4fe99da2ff19ca1214b7966684033a58814",
  "evaluation_time": 3.0118489265441895,
  "kg_co2_emissions": null,
  "mteb_version": "1.14.12",
  "scores": {
    "test": [
      {
        "hf_subset": "default",
        "languages": [
          "eng-Latn"
        ],
        "main_score": 0.13911,
        "map_at_1": 0.01361,
        "map_at_10": 0.03517,
        "map_at_100": 0.04778,
        "map_at_1000": 0.05771,
        "map_at_20": 0.04013,
        "map_at_3": 0.02431,
        "map_at_5": 0.0281,
        "mrr_at_1": 0.21362229102167182,
        "mrr_at_10": 0.28101995184038525,
        "mrr_at_100": 0.29070872190368646,
        "mrr_at_1000": 0.29162690119856177,
        "mrr_at_20": 0.2866504674612919,
        "mrr_at_3": 0.25748194014447884,
        "mrr_at_5": 0.2714138286893705,
        "nauc_map_at_1000_diff1": 0.15266282324986952,
        "nauc_map_at_1000_max": 0.27476276566993985,
        "nauc_map_at_1000_std": 0.1518269379834909,
        "nauc_map_at_100_diff1": 0.1796900412837701,
        "nauc_map_at_100_max": 0.2722336471554994,
        "nauc_map_at_100_std": 0.13668077034756768,
        "nauc_map_at_10_diff1": 0.2140497754736853,
        "nauc_map_at_10_max": 0.2639486467191506,
        "nauc_map_at_10_std": 0.11871442605714536,
        "nauc_map_at_1_diff1": 0.2607720530539643,
        "nauc_map_at_1_max": 0.32648849893716747,
        "nauc_map_at_1_std": -0.013105395091237777,
        "nauc_map_at_20_diff1": 0.20178900813672232,
        "nauc_map_at_20_max": 0.27539001330506047,
        "nauc_map_at_20_std": 0.12239921891163562,
        "nauc_map_at_3_diff1": 0.17699192800887367,
        "nauc_map_at_3_max": 0.27931189288558117,
        "nauc_map_at_3_std": 0.07000381017657287,
        "nauc_map_at_5_diff1": 0.1955339857712632,
        "nauc_map_at_5_max": 0.26522855598905903,
        "nauc_map_at_5_std": 0.08109445556713545,
        "nauc_mrr_at_1000_diff1": 0.20002442985093205,
        "nauc_mrr_at_1000_max": 0.37064787325283255,
        "nauc_mrr_at_1000_std": 0.02854465010914036,
        "nauc_mrr_at_100_diff1": 0.20027590093641306,
        "nauc_mrr_at_100_max": 0.37065894961927875,
        "nauc_mrr_at_100_std": 0.028569391258413346,
        "nauc_mrr_at_10_diff1": 0.20243157951083934,
        "nauc_mrr_at_10_max": 0.3674877403407289,
        "nauc_mrr_at_10_std": 0.03036198339716407,
        "nauc_mrr_at_1_diff1": 0.22760504319076794,
        "nauc_mrr_at_1_max": 0.35904654906505684,
        "nauc_mrr_at_1_std": -0.034005532240273285,
        "nauc_mrr_at_20_diff1": 0.19850818515656393,
        "nauc_mrr_at_20_max": 0.36990953150992684,
        "nauc_mrr_at_20_std": 0.030181091017523615,
        "nauc_mrr_at_3_diff1": 0.20420440562685122,
        "nauc_mrr_at_3_max": 0.36972536601424183,
        "nauc_mrr_at_3_std": 0.017900477448477767,
        "nauc_mrr_at_5_diff1": 0.2131875418082043,
        "nauc_mrr_at_5_max": 0.36300246375786566,
        "nauc_mrr_at_5_std": 0.03318424760820555,
        "nauc_ndcg_at_1000_diff1": 0.15078204572298362,
        "nauc_ndcg_at_1000_max": 0.3656303837980715,
        "nauc_ndcg_at_1000_std": 0.15273859443637514,
        "nauc_ndcg_at_100_diff1": 0.16745597445258545,
        "nauc_ndcg_at_100_max": 0.32525604278343356,
        "nauc_ndcg_at_100_std": 0.12019641281611322,
        "nauc_ndcg_at_10_diff1": 0.1855454686210854,
        "nauc_ndcg_at_10_max": 0.32003604260850993,
        "nauc_ndcg_at_10_std": 0.11811748136954946,
        "nauc_ndcg_at_1_diff1": 0.24096038596073335,
        "nauc_ndcg_at_1_max": 0.3375178005477468,
        "nauc_ndcg_at_1_std": -0.008950950569015835,
        "nauc_ndcg_at_20_diff1": 0.14278273625170534,
        "nauc_ndcg_at_20_max": 0.3251051285210918,
        "nauc_ndcg_at_20_std": 0.11418633126803805,
        "nauc_ndcg_at_3_diff1": 0.19224404756713612,
        "nauc_ndcg_at_3_max": 0.3488462778256175,
        "nauc_ndcg_at_3_std": 0.08482149919539353,
        "nauc_ndcg_at_5_diff1": 0.2038123567204103,
        "nauc_ndcg_at_5_max": 0.3239846402863272,
        "nauc_ndcg_at_5_std": 0.09610461989068375,
        "nauc_precision_at_1000_diff1": -0.12678966173922873,
        "nauc_precision_at_1000_max": 0.09467111593233263,
        "nauc_precision_at_1000_std": 0.02419534937804659,
        "nauc_precision_at_100_diff1": -0.054706979687051814,
        "nauc_precision_at_100_max": 0.19220413036717393,
        "nauc_precision_at_100_std": 0.13128882658843413,
        "nauc_precision_at_10_diff1": 0.10809887300303397,
        "nauc_precision_at_10_max": 0.29269993406214073,
        "nauc_precision_at_10_std": 0.1464675222766789,
        "nauc_precision_at_1_diff1": 0.22760504319076794,
        "nauc_precision_at_1_max": 0.35904654906505684,
        "nauc_precision_at_1_std": -0.034005532240273285,
        "nauc_precision_at_20_diff1": 0.02592882917263424,
        "nauc_precision_at_20_max": 0.2741693395277475,
        "nauc_precision_at_20_std": 0.15220954235709525,
        "nauc_precision_at_3_diff1": 0.15110239363089478,
        "nauc_precision_at_3_max": 0.37514155993162895,
        "nauc_precision_at_3_std": 0.09527039005977693,
        "nauc_precision_at_5_diff1": 0.15302130110399242,
        "nauc_precision_at_5_max": 0.3145510983717332,
        "nauc_precision_at_5_std": 0.11768336053284337,
        "nauc_recall_at_1000_diff1": 0.07751259124169994,
        "nauc_recall_at_1000_max": 0.181024228831848,
        "nauc_recall_at_1000_std": 0.080665230127749,
        "nauc_recall_at_100_diff1": 0.1313839418344492,
        "nauc_recall_at_100_max": 0.17605974141048134,
        "nauc_recall_at_100_std": 0.08618332091212177,
        "nauc_recall_at_10_diff1": 0.182692640390711,
        "nauc_recall_at_10_max": 0.1928170687782208,
        "nauc_recall_at_10_std": 0.15997266095957782,
        "nauc_recall_at_1_diff1": 0.2607720530539643,
        "nauc_recall_at_1_max": 0.32648849893716747,
        "nauc_recall_at_1_std": -0.013105395091237777,
        "nauc_recall_at_20_diff1": 0.09194926175544606,
        "nauc_recall_at_20_max": 0.21256893982033742,
        "nauc_recall_at_20_std": 0.08079847086232461,
        "nauc_recall_at_3_diff1": 0.15208475220848755,
        "nauc_recall_at_3_max": 0.2476208883724574,
        "nauc_recall_at_3_std": 0.08119927102120254,
        "nauc_recall_at_5_diff1": 0.1924136583098112,
        "nauc_recall_at_5_max": 0.200387214280269,
        "nauc_recall_at_5_std": 0.08619421163871457,
        "ndcg_at_1": 0.19814,
        "ndcg_at_10": 0.13911,
        "ndcg_at_100": 0.13982,
        "ndcg_at_1000": 0.24122,
        "ndcg_at_20": 0.13062,
        "ndcg_at_3": 0.16292,
        "ndcg_at_5": 0.14957,
        "precision_at_1": 0.21362,
        "precision_at_10": 0.11053,
        "precision_at_100": 0.0422,
        "precision_at_1000": 0.01688,
        "precision_at_20": 0.08375,
        "precision_at_3": 0.16099,
        "precision_at_5": 0.13437,
        "recall_at_1": 0.01361,
        "recall_at_10": 0.05998,
        "recall_at_100": 0.16988,
        "recall_at_1000": 0.52557,
        "recall_at_20": 0.08681,
        "recall_at_3": 0.02926,
        "recall_at_5": 0.038
      }
    ]
  },
  "task_name": "NFCorpus"
}