{
  "dataset_revision": "ec0fa4fe99da2ff19ca1214b7966684033a58814",
  "evaluation_time": 2.9880337715148926,
  "kg_co2_emissions": null,
  "mteb_version": "1.14.12",
  "scores": {
    "test": [
      {
        "hf_subset": "default",
        "languages": [
          "eng-Latn"
        ],
        "main_score": 0.10593,
        "map_at_1": 0.01616,
        "map_at_10": 0.02989,
        "map_at_100": 0.03869,
        "map_at_1000": 0.04675,
        "map_at_20": 0.03287,
        "map_at_3": 0.02221,
        "map_at_5": 0.02539,
        "mrr_at_1": 0.15789473684210525,
        "mrr_at_10": 0.22632561796648495,
        "mrr_at_100": 0.23772886759508594,
        "mrr_at_1000": 0.2387624457885332,
        "mrr_at_20": 0.23245163431281402,
        "mrr_at_3": 0.20743034055727563,
        "mrr_at_5": 0.21795665634674932,
        "nauc_map_at_1000_diff1": 0.04738803613616457,
        "nauc_map_at_1000_max": 0.3076984421998823,
        "nauc_map_at_1000_std": -0.1489560419444182,
        "nauc_map_at_100_diff1": 0.07116144848812596,
        "nauc_map_at_100_max": 0.2967312188664238,
        "nauc_map_at_100_std": -0.12867955997987443,
        "nauc_map_at_10_diff1": 0.09455977398026075,
        "nauc_map_at_10_max": 0.2875366492104364,
        "nauc_map_at_10_std": -0.12629007414036378,
        "nauc_map_at_1_diff1": 0.26478393077099144,
        "nauc_map_at_1_max": 0.34027886410700164,
        "nauc_map_at_1_std": -0.2587177357259169,
        "nauc_map_at_20_diff1": 0.08473151480095606,
        "nauc_map_at_20_max": 0.29828301221855963,
        "nauc_map_at_20_std": -0.131712998622796,
        "nauc_map_at_3_diff1": 0.16077015555122076,
        "nauc_map_at_3_max": 0.2908377861563455,
        "nauc_map_at_3_std": -0.1693118579882556,
        "nauc_map_at_5_diff1": 0.133279307319561,
        "nauc_map_at_5_max": 0.3150446222133801,
        "nauc_map_at_5_std": -0.17421186617257134,
        "nauc_mrr_at_1000_diff1": -0.00608936407193716,
        "nauc_mrr_at_1000_max": 0.21669550161463824,
        "nauc_mrr_at_1000_std": -0.12408937443411659,
        "nauc_mrr_at_100_diff1": -0.006500865612119531,
        "nauc_mrr_at_100_max": 0.21728401780571707,
        "nauc_mrr_at_100_std": -0.12438067607782632,
        "nauc_mrr_at_10_diff1": -0.0031670367800970046,
        "nauc_mrr_at_10_max": 0.2103275448486359,
        "nauc_mrr_at_10_std": -0.1181530030881435,
        "nauc_mrr_at_1_diff1": 0.07427269649783302,
        "nauc_mrr_at_1_max": 0.16319209228382212,
        "nauc_mrr_at_1_std": -0.045956931564048516,
        "nauc_mrr_at_20_diff1": -0.0015188976997280754,
        "nauc_mrr_at_20_max": 0.21445400839120438,
        "nauc_mrr_at_20_std": -0.12119651622495654,
        "nauc_mrr_at_3_diff1": 0.013666296417361378,
        "nauc_mrr_at_3_max": 0.18904613346758106,
        "nauc_mrr_at_3_std": -0.08997466404089977,
        "nauc_mrr_at_5_diff1": 0.002481392454007556,
        "nauc_mrr_at_5_max": 0.20856060017027483,
        "nauc_mrr_at_5_std": -0.11012934628045941,
        "nauc_ndcg_at_1000_diff1": -0.03039582225013436,
        "nauc_ndcg_at_1000_max": 0.3555676821443996,
        "nauc_ndcg_at_1000_std": -0.23104279149035012,
        "nauc_ndcg_at_100_diff1": 0.0015941951830762357,
        "nauc_ndcg_at_100_max": 0.2989080584902258,
        "nauc_ndcg_at_100_std": -0.1628996958781728,
        "nauc_ndcg_at_10_diff1": -0.009371465468494647,
        "nauc_ndcg_at_10_max": 0.25411833647586446,
        "nauc_ndcg_at_10_std": -0.08768464328156056,
        "nauc_ndcg_at_1_diff1": 0.08783800476500406,
        "nauc_ndcg_at_1_max": 0.15651520052624704,
        "nauc_ndcg_at_1_std": -0.04225204712148676,
        "nauc_ndcg_at_20_diff1": -0.004566447049807177,
        "nauc_ndcg_at_20_max": 0.28059886776817317,
        "nauc_ndcg_at_20_std": -0.12925465248876505,
        "nauc_ndcg_at_3_diff1": 0.025116722731606075,
        "nauc_ndcg_at_3_max": 0.18953045881007535,
        "nauc_ndcg_at_3_std": -0.035967898529085454,
        "nauc_ndcg_at_5_diff1": 0.004238313415168964,
        "nauc_ndcg_at_5_max": 0.2353309142286815,
        "nauc_ndcg_at_5_std": -0.06405702948506505,
        "nauc_precision_at_1000_diff1": -0.1731710363074118,
        "nauc_precision_at_1000_max": 0.1508566278912567,
        "nauc_precision_at_1000_std": -0.20753362513625453,
        "nauc_precision_at_100_diff1": -0.12064682190857862,
        "nauc_precision_at_100_max": 0.20283308531430486,
        "nauc_precision_at_100_std": -0.15451325381234857,
        "nauc_precision_at_10_diff1": -0.12754167476659073,
        "nauc_precision_at_10_max": 0.23982167395191412,
        "nauc_precision_at_10_std": -0.05578754175176063,
        "nauc_precision_at_1_diff1": 0.07427269649783302,
        "nauc_precision_at_1_max": 0.16319209228382212,
        "nauc_precision_at_1_std": -0.045956931564048516,
        "nauc_precision_at_20_diff1": -0.11296453871772981,
        "nauc_precision_at_20_max": 0.25168189509718725,
        "nauc_precision_at_20_std": -0.11027696360024736,
        "nauc_precision_at_3_diff1": -0.05402291053587838,
        "nauc_precision_at_3_max": 0.22219993583173228,
        "nauc_precision_at_3_std": -0.05503706182757003,
        "nauc_precision_at_5_diff1": -0.10199949449464203,
        "nauc_precision_at_5_max": 0.2597158810070422,
        "nauc_precision_at_5_std": -0.06615967099548192,
        "nauc_recall_at_1000_diff1": 0.040629319293559826,
        "nauc_recall_at_1000_max": 0.2417632761390647,
        "nauc_recall_at_1000_std": -0.16749175353123869,
        "nauc_recall_at_100_diff1": 0.011482930384896155,
        "nauc_recall_at_100_max": 0.2020672724290899,
        "nauc_recall_at_100_std": -0.12055155420429982,
        "nauc_recall_at_10_diff1": 0.045025363360813274,
        "nauc_recall_at_10_max": 0.2933483723286218,
        "nauc_recall_at_10_std": -0.1842000541472927,
        "nauc_recall_at_1_diff1": 0.26478393077099144,
        "nauc_recall_at_1_max": 0.34027886410700164,
        "nauc_recall_at_1_std": -0.2587177357259169,
        "nauc_recall_at_20_diff1": 0.031812731235684136,
        "nauc_recall_at_20_max": 0.287428482622154,
        "nauc_recall_at_20_std": -0.18061603615698796,
        "nauc_recall_at_3_diff1": 0.1196883121403017,
        "nauc_recall_at_3_max": 0.2623609912626397,
        "nauc_recall_at_3_std": -0.14654056926771142,
        "nauc_recall_at_5_diff1": 0.09723153794957848,
        "nauc_recall_at_5_max": 0.34269748850006354,
        "nauc_recall_at_5_std": -0.21728124183331002,
        "ndcg_at_1": 0.15325,
        "ndcg_at_10": 0.10593,
        "ndcg_at_100": 0.11663,
        "ndcg_at_1000": 0.21227,
        "ndcg_at_20": 0.10061,
        "ndcg_at_3": 0.12514,
        "ndcg_at_5": 0.11622,
        "precision_at_1": 0.15789,
        "precision_at_10": 0.07926,
        "precision_at_100": 0.03384,
        "precision_at_1000": 0.01546,
        "precision_at_20": 0.0613,
        "precision_at_3": 0.11971,
        "precision_at_5": 0.10093,
        "recall_at_1": 0.01616,
        "recall_at_10": 0.04999,
        "recall_at_100": 0.15128,
        "recall_at_1000": 0.47749,
        "recall_at_20": 0.06841,
        "recall_at_3": 0.02625,
        "recall_at_5": 0.03579
      }
    ]
  },
  "task_name": "NFCorpus"
}