{
  "dataset_revision": "ec0fa4fe99da2ff19ca1214b7966684033a58814",
  "evaluation_time": 3.0133190155029297,
  "kg_co2_emissions": null,
  "mteb_version": "1.14.12",
  "scores": {
    "test": [
      {
        "hf_subset": "default",
        "languages": [
          "eng-Latn"
        ],
        "main_score": 0.00986,
        "map_at_1": 0.00131,
        "map_at_10": 0.0019,
        "map_at_100": 0.0031,
        "map_at_1000": 0.00735,
        "map_at_20": 0.0021,
        "map_at_3": 0.00167,
        "map_at_5": 0.00175,
        "mrr_at_1": 0.006191950464396285,
        "mrr_at_10": 0.02177011155339329,
        "mrr_at_100": 0.03265972826444196,
        "mrr_at_1000": 0.03438439912698056,
        "mrr_at_20": 0.025974630705937436,
        "mrr_at_3": 0.01289989680082559,
        "mrr_at_5": 0.018317853457172344,
        "nauc_map_at_1000_diff1": 0.07967739940965571,
        "nauc_map_at_1000_max": -0.0798444704009199,
        "nauc_map_at_1000_std": 0.010407584468044559,
        "nauc_map_at_100_diff1": 0.006160800930572991,
        "nauc_map_at_100_max": -0.028759180926780793,
        "nauc_map_at_100_std": -0.13002248001529615,
        "nauc_map_at_10_diff1": -0.09015516445708835,
        "nauc_map_at_10_max": 0.07656738300058466,
        "nauc_map_at_10_std": -0.33583896321424306,
        "nauc_map_at_1_diff1": -0.14384602019423742,
        "nauc_map_at_1_max": 0.009648895799698066,
        "nauc_map_at_1_std": -0.4601294299724131,
        "nauc_map_at_20_diff1": -0.0442764454325471,
        "nauc_map_at_20_max": 0.03343751416264394,
        "nauc_map_at_20_std": -0.2677665231664643,
        "nauc_map_at_3_diff1": -0.0892832181146695,
        "nauc_map_at_3_max": 0.08201397512122831,
        "nauc_map_at_3_std": -0.3863387545043119,
        "nauc_map_at_5_diff1": -0.0967567997557382,
        "nauc_map_at_5_max": 0.08099849751423711,
        "nauc_map_at_5_std": -0.37951216188808046,
        "nauc_mrr_at_1000_diff1": -0.03233410867643523,
        "nauc_mrr_at_1000_max": 0.0044491575229642505,
        "nauc_mrr_at_1000_std": -0.07488209663326988,
        "nauc_mrr_at_100_diff1": -0.031183638815636502,
        "nauc_mrr_at_100_max": 0.0033982481352326514,
        "nauc_mrr_at_100_std": -0.07240780122901776,
        "nauc_mrr_at_10_diff1": -0.04182416703551298,
        "nauc_mrr_at_10_max": 0.035501409379444085,
        "nauc_mrr_at_10_std": -0.08179193082000816,
        "nauc_mrr_at_1_diff1": -0.24222789383938384,
        "nauc_mrr_at_1_max": -0.1094625383764775,
        "nauc_mrr_at_1_std": -0.40841238204963926,
        "nauc_mrr_at_20_diff1": -0.02509441692637474,
        "nauc_mrr_at_20_max": 0.0032119652569089197,
        "nauc_mrr_at_20_std": -0.05951103196744174,
        "nauc_mrr_at_3_diff1": -0.14017544939692114,
        "nauc_mrr_at_3_max": 0.14093481736475882,
        "nauc_mrr_at_3_std": -0.22268919654427294,
        "nauc_mrr_at_5_diff1": -0.03870210117517398,
        "nauc_mrr_at_5_max": 0.043882728948927995,
        "nauc_mrr_at_5_std": -0.10590514012172737,
        "nauc_ndcg_at_1000_diff1": 0.03471203879143114,
        "nauc_ndcg_at_1000_max": -0.0673739278885724,
        "nauc_ndcg_at_1000_std": 0.004471780289756005,
        "nauc_ndcg_at_100_diff1": 0.08468688316026328,
        "nauc_ndcg_at_100_max": -0.07739499388628701,
        "nauc_ndcg_at_100_std": 0.0768795809866954,
        "nauc_ndcg_at_10_diff1": 0.06450758332181285,
        "nauc_ndcg_at_10_max": -0.014384792151029504,
        "nauc_ndcg_at_10_std": 0.013025567960379484,
        "nauc_ndcg_at_1_diff1": -0.18483846754638178,
        "nauc_ndcg_at_1_max": -0.03998086844037518,
        "nauc_ndcg_at_1_std": -0.43858066000459067,
        "nauc_ndcg_at_20_diff1": 0.1676974258562018,
        "nauc_ndcg_at_20_max": -0.11223633790756095,
        "nauc_ndcg_at_20_std": 0.1217150904939398,
        "nauc_ndcg_at_3_diff1": -0.08901263824438597,
        "nauc_ndcg_at_3_max": 0.2060383870758678,
        "nauc_ndcg_at_3_std": -0.18158539061962445,
        "nauc_ndcg_at_5_diff1": 0.05805153649620588,
        "nauc_ndcg_at_5_max": 0.026514482367938345,
        "nauc_ndcg_at_5_std": -0.01535360473691345,
        "nauc_precision_at_1000_diff1": 0.12744215927041683,
        "nauc_precision_at_1000_max": -0.10022843260420451,
        "nauc_precision_at_1000_std": 0.11237855498948279,
        "nauc_precision_at_100_diff1": 0.18320702232304992,
        "nauc_precision_at_100_max": -0.130034145384053,
        "nauc_precision_at_100_std": 0.16349737069814313,
        "nauc_precision_at_10_diff1": 0.08361986122934348,
        "nauc_precision_at_10_max": -0.0795507471991504,
        "nauc_precision_at_10_std": 0.07908090780468448,
        "nauc_precision_at_1_diff1": -0.24222789383938384,
        "nauc_precision_at_1_max": -0.1094625383764775,
        "nauc_precision_at_1_std": -0.40841238204963926,
        "nauc_precision_at_20_diff1": 0.23231888705114992,
        "nauc_precision_at_20_max": -0.19746853130217132,
        "nauc_precision_at_20_std": 0.22782040682363666,
        "nauc_precision_at_3_diff1": -0.07753549434003076,
        "nauc_precision_at_3_max": 0.18862955179166102,
        "nauc_precision_at_3_std": -0.14278418458277672,
        "nauc_precision_at_5_diff1": 0.10114929245995175,
        "nauc_precision_at_5_max": -0.030436877251720458,
        "nauc_precision_at_5_std": 0.06188946497686178,
        "nauc_recall_at_1000_diff1": 0.032689328108513986,
        "nauc_recall_at_1000_max": -0.03471031523208193,
        "nauc_recall_at_1000_std": 0.04503101231915601,
        "nauc_recall_at_100_diff1": -0.03967271581190374,
        "nauc_recall_at_100_max": -0.063759658271007,
        "nauc_recall_at_100_std": 0.06085584850456445,
        "nauc_recall_at_10_diff1": -0.05195579089763437,
        "nauc_recall_at_10_max": 0.0852261748835801,
        "nauc_recall_at_10_std": -0.20127150046546144,
        "nauc_recall_at_1_diff1": -0.14384602019423742,
        "nauc_recall_at_1_max": 0.009648895799698066,
        "nauc_recall_at_1_std": -0.4601294299724131,
        "nauc_recall_at_20_diff1": 0.10248956845941065,
        "nauc_recall_at_20_max": -0.08200365045632597,
        "nauc_recall_at_20_std": 0.004789547953089661,
        "nauc_recall_at_3_diff1": -0.019084370006661768,
        "nauc_recall_at_3_max": 0.12553325839220764,
        "nauc_recall_at_3_std": -0.32568491001265676,
        "nauc_recall_at_5_diff1": -0.04992613618886495,
        "nauc_recall_at_5_max": 0.11453856767281545,
        "nauc_recall_at_5_std": -0.3123785885854772,
        "ndcg_at_1": 0.00464,
        "ndcg_at_10": 0.00986,
        "ndcg_at_100": 0.02187,
        "ndcg_at_1000": 0.10445,
        "ndcg_at_20": 0.01187,
        "ndcg_at_3": 0.00648,
        "ndcg_at_5": 0.00916,
        "precision_at_1": 0.00619,
        "precision_at_10": 0.00991,
        "precision_at_100": 0.01254,
        "precision_at_1000": 0.01147,
        "precision_at_20": 0.0113,
        "precision_at_3": 0.00722,
        "precision_at_5": 0.01053,
        "recall_at_1": 0.00131,
        "recall_at_10": 0.00349,
        "recall_at_100": 0.03315,
        "recall_at_1000": 0.32256,
        "recall_at_20": 0.0058,
        "recall_at_3": 0.00224,
        "recall_at_5": 0.00256
      }
    ]
  },
  "task_name": "NFCorpus"
}