{
  "dataset_revision": "ec0fa4fe99da2ff19ca1214b7966684033a58814",
  "evaluation_time": 3.0241990089416504,
  "kg_co2_emissions": null,
  "mteb_version": "1.14.12",
  "scores": {
    "test": [
      {
        "hf_subset": "default",
        "languages": [
          "eng-Latn"
        ],
        "main_score": 0.02869,
        "map_at_1": 0.00071,
        "map_at_10": 0.00342,
        "map_at_100": 0.00667,
        "map_at_1000": 0.01329,
        "map_at_20": 0.00427,
        "map_at_3": 0.00227,
        "map_at_5": 0.00267,
        "mrr_at_1": 0.043343653250773995,
        "mrr_at_10": 0.07503685684800236,
        "mrr_at_100": 0.08581006789959753,
        "mrr_at_1000": 0.08773919913092733,
        "mrr_at_20": 0.07988210827258453,
        "mrr_at_3": 0.060887512899896794,
        "mrr_at_5": 0.06692466460268318,
        "nauc_map_at_1000_diff1": -0.07906929518715358,
        "nauc_map_at_1000_max": 0.22759830972512027,
        "nauc_map_at_1000_std": -0.07470351890494188,
        "nauc_map_at_100_diff1": -0.06095360914666337,
        "nauc_map_at_100_max": 0.3045445341633082,
        "nauc_map_at_100_std": -0.09827930633800154,
        "nauc_map_at_10_diff1": -0.058996175817277355,
        "nauc_map_at_10_max": 0.3688002461235767,
        "nauc_map_at_10_std": -0.13896423374117983,
        "nauc_map_at_1_diff1": 0.07976516731439273,
        "nauc_map_at_1_max": 0.3958576888073506,
        "nauc_map_at_1_std": -0.2563935048758866,
        "nauc_map_at_20_diff1": -0.04108928984140851,
        "nauc_map_at_20_max": 0.32295946045555995,
        "nauc_map_at_20_std": -0.11061069781066099,
        "nauc_map_at_3_diff1": -0.02784931623946643,
        "nauc_map_at_3_max": 0.4220989442703778,
        "nauc_map_at_3_std": -0.1748664162096453,
        "nauc_map_at_5_diff1": -0.02685499326754163,
        "nauc_map_at_5_max": 0.45024291067720484,
        "nauc_map_at_5_std": -0.14879871954233093,
        "nauc_mrr_at_1000_diff1": -0.03652906012126072,
        "nauc_mrr_at_1000_max": 0.20600990893047802,
        "nauc_mrr_at_1000_std": -0.1338550967526864,
        "nauc_mrr_at_100_diff1": -0.0367381927249548,
        "nauc_mrr_at_100_max": 0.2058039250788008,
        "nauc_mrr_at_100_std": -0.13290989767646202,
        "nauc_mrr_at_10_diff1": -0.03788233353330394,
        "nauc_mrr_at_10_max": 0.21261099776212156,
        "nauc_mrr_at_10_std": -0.13189801207079227,
        "nauc_mrr_at_1_diff1": -0.05713897297164177,
        "nauc_mrr_at_1_max": 0.2797948399474186,
        "nauc_mrr_at_1_std": -0.28178650972050295,
        "nauc_mrr_at_20_diff1": -0.03307998732507813,
        "nauc_mrr_at_20_max": 0.20285407343458833,
        "nauc_mrr_at_20_std": -0.13106975535197946,
        "nauc_mrr_at_3_diff1": -0.02438148649433831,
        "nauc_mrr_at_3_max": 0.22573422871230553,
        "nauc_mrr_at_3_std": -0.1357084543553007,
        "nauc_mrr_at_5_diff1": -0.015487175498834254,
        "nauc_mrr_at_5_max": 0.22652487512981548,
        "nauc_mrr_at_5_std": -0.12947069737908698,
        "nauc_ndcg_at_1000_diff1": -0.07020083243254846,
        "nauc_ndcg_at_1000_max": 0.15611701336383677,
        "nauc_ndcg_at_1000_std": -0.09265411557565248,
        "nauc_ndcg_at_100_diff1": -0.06168201546683677,
        "nauc_ndcg_at_100_max": 0.17356812095002072,
        "nauc_ndcg_at_100_std": -0.08407963417227335,
        "nauc_ndcg_at_10_diff1": -0.06350095260213419,
        "nauc_ndcg_at_10_max": 0.17118796358687854,
        "nauc_ndcg_at_10_std": -0.07890916813493187,
        "nauc_ndcg_at_1_diff1": -0.057437324630547064,
        "nauc_ndcg_at_1_max": 0.224394443020297,
        "nauc_ndcg_at_1_std": -0.2786965099489129,
        "nauc_ndcg_at_20_diff1": -0.057443696552794,
        "nauc_ndcg_at_20_max": 0.1503498300918933,
        "nauc_ndcg_at_20_std": -0.060464810739940186,
        "nauc_ndcg_at_3_diff1": -0.020315038588775536,
        "nauc_ndcg_at_3_max": 0.1781111760266973,
        "nauc_ndcg_at_3_std": -0.08305311023102455,
        "nauc_ndcg_at_5_diff1": -0.017548488160062183,
        "nauc_ndcg_at_5_max": 0.2022563928053341,
        "nauc_ndcg_at_5_std": -0.07170687579990967,
        "nauc_precision_at_1000_diff1": -0.09100400436149192,
        "nauc_precision_at_1000_max": 0.010911755267011358,
        "nauc_precision_at_1000_std": 0.016065432518662635,
        "nauc_precision_at_100_diff1": -0.08130050519890962,
        "nauc_precision_at_100_max": 0.07923951464784527,
        "nauc_precision_at_100_std": -0.014951415140933044,
        "nauc_precision_at_10_diff1": -0.09824673748201965,
        "nauc_precision_at_10_max": 0.15748632670321377,
        "nauc_precision_at_10_std": -0.05929505432274166,
        "nauc_precision_at_1_diff1": -0.05713897297164177,
        "nauc_precision_at_1_max": 0.2797948399474186,
        "nauc_precision_at_1_std": -0.28178650972050295,
        "nauc_precision_at_20_diff1": -0.07587712165336843,
        "nauc_precision_at_20_max": 0.13133846617832598,
        "nauc_precision_at_20_std": -0.05213643689396464,
        "nauc_precision_at_3_diff1": -0.03420261333580641,
        "nauc_precision_at_3_max": 0.19412906656245618,
        "nauc_precision_at_3_std": -0.01352591494666175,
        "nauc_precision_at_5_diff1": -0.02655191695549497,
        "nauc_precision_at_5_max": 0.22670389493311027,
        "nauc_precision_at_5_std": -0.015719195703341102,
        "nauc_recall_at_1000_diff1": -0.05850047138729083,
        "nauc_recall_at_1000_max": 0.08702998741957031,
        "nauc_recall_at_1000_std": -0.08091051340995188,
        "nauc_recall_at_100_diff1": -0.08423595866009567,
        "nauc_recall_at_100_max": 0.13603643090007184,
        "nauc_recall_at_100_std": -0.10150291780457713,
        "nauc_recall_at_10_diff1": -0.1409173722800936,
        "nauc_recall_at_10_max": 0.21735854766216228,
        "nauc_recall_at_10_std": -0.10518928710336677,
        "nauc_recall_at_1_diff1": 0.07976516731439273,
        "nauc_recall_at_1_max": 0.3958576888073506,
        "nauc_recall_at_1_std": -0.2563935048758866,
        "nauc_recall_at_20_diff1": -0.013749155237971421,
        "nauc_recall_at_20_max": 0.11633604401741267,
        "nauc_recall_at_20_std": -0.009008716587011646,
        "nauc_recall_at_3_diff1": -0.14529808909391645,
        "nauc_recall_at_3_max": 0.4426657377052497,
        "nauc_recall_at_3_std": -0.16196254896810594,
        "nauc_recall_at_5_diff1": -0.10722056327910642,
        "nauc_recall_at_5_max": 0.4478716510532032,
        "nauc_recall_at_5_std": -0.11989424384637118,
        "ndcg_at_1": 0.04025,
        "ndcg_at_10": 0.02869,
        "ndcg_at_100": 0.0424,
        "ndcg_at_1000": 0.14138,
        "ndcg_at_20": 0.02894,
        "ndcg_at_3": 0.03497,
        "ndcg_at_5": 0.03072,
        "precision_at_1": 0.04334,
        "precision_at_10": 0.02632,
        "precision_at_100": 0.01975,
        "precision_at_1000": 0.01379,
        "precision_at_20": 0.02399,
        "precision_at_3": 0.03612,
        "precision_at_5": 0.02972,
        "recall_at_1": 0.00071,
        "recall_at_10": 0.00981,
        "recall_at_100": 0.06242,
        "recall_at_1000": 0.40316,
        "recall_at_20": 0.01699,
        "recall_at_3": 0.00431,
        "recall_at_5": 0.00531
      }
    ]
  },
  "task_name": "NFCorpus"
}