{
  "dataset_revision": "ec0fa4fe99da2ff19ca1214b7966684033a58814",
  "evaluation_time": 3.0082013607025146,
  "kg_co2_emissions": null,
  "mteb_version": "1.14.12",
  "scores": {
    "test": [
      {
        "hf_subset": "default",
        "languages": [
          "eng-Latn"
        ],
        "main_score": 0.20712,
        "map_at_1": 0.02562,
        "map_at_10": 0.06168,
        "map_at_100": 0.08161,
        "map_at_1000": 0.09283,
        "map_at_20": 0.07002,
        "map_at_3": 0.04357,
        "map_at_5": 0.05249,
        "mrr_at_1": 0.29102167182662536,
        "mrr_at_10": 0.37987738955231215,
        "mrr_at_100": 0.38818810810549204,
        "mrr_at_1000": 0.3889968789798999,
        "mrr_at_20": 0.38453982440637646,
        "mrr_at_3": 0.3550051599587203,
        "mrr_at_5": 0.3707946336429308,
        "nauc_map_at_1000_diff1": 0.14252586545467105,
        "nauc_map_at_1000_max": 0.2916287469614725,
        "nauc_map_at_1000_std": 0.22456149719949295,
        "nauc_map_at_100_diff1": 0.15687588778568565,
        "nauc_map_at_100_max": 0.2881150400705869,
        "nauc_map_at_100_std": 0.19590879622559454,
        "nauc_map_at_10_diff1": 0.15861176842386226,
        "nauc_map_at_10_max": 0.2577245287357683,
        "nauc_map_at_10_std": 0.1292010960539711,
        "nauc_map_at_1_diff1": 0.1706630983852936,
        "nauc_map_at_1_max": 0.24252730994362812,
        "nauc_map_at_1_std": -0.0027246716533643324,
        "nauc_map_at_20_diff1": 0.167536785269643,
        "nauc_map_at_20_max": 0.2713329439546202,
        "nauc_map_at_20_std": 0.15923128265421516,
        "nauc_map_at_3_diff1": 0.11724383410383822,
        "nauc_map_at_3_max": 0.1957647612410987,
        "nauc_map_at_3_std": 0.04119664105820512,
        "nauc_map_at_5_diff1": 0.1470542356769113,
        "nauc_map_at_5_max": 0.2201578683507623,
        "nauc_map_at_5_std": 0.07178399259670228,
        "nauc_mrr_at_1000_diff1": 0.21760123452533262,
        "nauc_mrr_at_1000_max": 0.35011197848515585,
        "nauc_mrr_at_1000_std": 0.14210637978847904,
        "nauc_mrr_at_100_diff1": 0.21809169252413393,
        "nauc_mrr_at_100_max": 0.3503759653667601,
        "nauc_mrr_at_100_std": 0.14242217302429516,
        "nauc_mrr_at_10_diff1": 0.21616506583753875,
        "nauc_mrr_at_10_max": 0.3451564096450043,
        "nauc_mrr_at_10_std": 0.14121632390418826,
        "nauc_mrr_at_1_diff1": 0.2272002982538944,
        "nauc_mrr_at_1_max": 0.33182675117089216,
        "nauc_mrr_at_1_std": 0.0985556265369676,
        "nauc_mrr_at_20_diff1": 0.217733876026822,
        "nauc_mrr_at_20_max": 0.3491327620999356,
        "nauc_mrr_at_20_std": 0.14323073416622875,
        "nauc_mrr_at_3_diff1": 0.21799911471721645,
        "nauc_mrr_at_3_max": 0.343105674943727,
        "nauc_mrr_at_3_std": 0.120460638904856,
        "nauc_mrr_at_5_diff1": 0.21963100815804307,
        "nauc_mrr_at_5_max": 0.3418784252681982,
        "nauc_mrr_at_5_std": 0.13235351033071618,
        "nauc_ndcg_at_1000_diff1": 0.1482851726941313,
        "nauc_ndcg_at_1000_max": 0.383661846976683,
        "nauc_ndcg_at_1000_std": 0.2821993959637809,
        "nauc_ndcg_at_100_diff1": 0.1613898187061158,
        "nauc_ndcg_at_100_max": 0.34775478716865627,
        "nauc_ndcg_at_100_std": 0.2530799485445594,
        "nauc_ndcg_at_10_diff1": 0.15190426426295542,
        "nauc_ndcg_at_10_max": 0.3085012503428995,
        "nauc_ndcg_at_10_std": 0.2307747153734847,
        "nauc_ndcg_at_1_diff1": 0.2378408403654482,
        "nauc_ndcg_at_1_max": 0.3138167175789975,
        "nauc_ndcg_at_1_std": 0.10070926251124879,
        "nauc_ndcg_at_20_diff1": 0.13826801736261146,
        "nauc_ndcg_at_20_max": 0.30960681837910664,
        "nauc_ndcg_at_20_std": 0.24225843199546584,
        "nauc_ndcg_at_3_diff1": 0.18475814870567742,
        "nauc_ndcg_at_3_max": 0.29986228991498426,
        "nauc_ndcg_at_3_std": 0.15373019943473754,
        "nauc_ndcg_at_5_diff1": 0.17694889532727567,
        "nauc_ndcg_at_5_max": 0.30353461787817987,
        "nauc_ndcg_at_5_std": 0.19987350049504618,
        "nauc_precision_at_1000_diff1": -0.10565446673068903,
        "nauc_precision_at_1000_max": 0.08958998739984185,
        "nauc_precision_at_1000_std": 0.19682918528876045,
        "nauc_precision_at_100_diff1": -0.009394784553843369,
        "nauc_precision_at_100_max": 0.21253853145060075,
        "nauc_precision_at_100_std": 0.32582999229813925,
        "nauc_precision_at_10_diff1": 0.09587236365040597,
        "nauc_precision_at_10_max": 0.30066695807609467,
        "nauc_precision_at_10_std": 0.30420378152956057,
        "nauc_precision_at_1_diff1": 0.2272002982538944,
        "nauc_precision_at_1_max": 0.33182675117089216,
        "nauc_precision_at_1_std": 0.0985556265369676,
        "nauc_precision_at_20_diff1": 0.06664006989447535,
        "nauc_precision_at_20_max": 0.28350208962021506,
        "nauc_precision_at_20_std": 0.32134303528797725,
        "nauc_precision_at_3_diff1": 0.16545183671166447,
        "nauc_precision_at_3_max": 0.3256036455858486,
        "nauc_precision_at_3_std": 0.19654717359423599,
        "nauc_precision_at_5_diff1": 0.1441652541164611,
        "nauc_precision_at_5_max": 0.31990423515448796,
        "nauc_precision_at_5_std": 0.2513719639472279,
        "nauc_recall_at_1000_diff1": 0.03406384423241014,
        "nauc_recall_at_1000_max": 0.17250950642242602,
        "nauc_recall_at_1000_std": 0.1573565648034001,
        "nauc_recall_at_100_diff1": 0.08291083740942651,
        "nauc_recall_at_100_max": 0.2000156299442452,
        "nauc_recall_at_100_std": 0.17251061830799877,
        "nauc_recall_at_10_diff1": 0.10942163151582661,
        "nauc_recall_at_10_max": 0.2028974821893254,
        "nauc_recall_at_10_std": 0.14992748874660364,
        "nauc_recall_at_1_diff1": 0.1706630983852936,
        "nauc_recall_at_1_max": 0.24252730994362812,
        "nauc_recall_at_1_std": -0.0027246716533643324,
        "nauc_recall_at_20_diff1": 0.10171310393808508,
        "nauc_recall_at_20_max": 0.19595050526194377,
        "nauc_recall_at_20_std": 0.1735157657830862,
        "nauc_recall_at_3_diff1": 0.08572260162678703,
        "nauc_recall_at_3_max": 0.16493116509258562,
        "nauc_recall_at_3_std": 0.04332099792812924,
        "nauc_recall_at_5_diff1": 0.11586932247044676,
        "nauc_recall_at_5_max": 0.152792773640689,
        "nauc_recall_at_5_std": 0.09341542002154811,
        "ndcg_at_1": 0.27554,
        "ndcg_at_10": 0.20712,
        "ndcg_at_100": 0.20362,
        "ndcg_at_1000": 0.29723,
        "ndcg_at_20": 0.19489,
        "ndcg_at_3": 0.23949,
        "ndcg_at_5": 0.22742,
        "precision_at_1": 0.29102,
        "precision_at_10": 0.15697,
        "precision_at_100": 0.0556,
        "precision_at_1000": 0.01805,
        "precision_at_20": 0.12012,
        "precision_at_3": 0.2291,
        "precision_at_5": 0.20186,
        "recall_at_1": 0.02562,
        "recall_at_10": 0.09361,
        "recall_at_100": 0.24141,
        "recall_at_1000": 0.56236,
        "recall_at_20": 0.12732,
        "recall_at_3": 0.05193,
        "recall_at_5": 0.07273
      }
    ]
  },
  "task_name": "NFCorpus"
}