{
  "dataset_revision": "ec0fa4fe99da2ff19ca1214b7966684033a58814",
  "evaluation_time": 2.9909048080444336,
  "kg_co2_emissions": null,
  "mteb_version": "1.14.12",
  "scores": {
    "test": [
      {
        "hf_subset": "default",
        "languages": [
          "eng-Latn"
        ],
        "main_score": 0.05754,
        "map_at_1": 0.00339,
        "map_at_10": 0.00966,
        "map_at_100": 0.01591,
        "map_at_1000": 0.0235,
        "map_at_20": 0.01207,
        "map_at_3": 0.00618,
        "map_at_5": 0.00793,
        "mrr_at_1": 0.07120743034055728,
        "mrr_at_10": 0.1270062410929284,
        "mrr_at_100": 0.1383758194277881,
        "mrr_at_1000": 0.13980072344071182,
        "mrr_at_20": 0.13325022152277763,
        "mrr_at_3": 0.10577915376676986,
        "mrr_at_5": 0.1197110423116615,
        "nauc_map_at_1000_diff1": -0.06861664007521269,
        "nauc_map_at_1000_max": 0.14480546459529922,
        "nauc_map_at_1000_std": 0.0936062464622523,
        "nauc_map_at_100_diff1": -0.09027413177141995,
        "nauc_map_at_100_max": 0.1105910561722467,
        "nauc_map_at_100_std": 0.11145369398886068,
        "nauc_map_at_10_diff1": -0.09223872256685224,
        "nauc_map_at_10_max": 0.05535432697553373,
        "nauc_map_at_10_std": 0.09672399120598767,
        "nauc_map_at_1_diff1": -0.21302649244619096,
        "nauc_map_at_1_max": 0.05347935048889254,
        "nauc_map_at_1_std": 0.0270358126213903,
        "nauc_map_at_20_diff1": -0.09371099830547519,
        "nauc_map_at_20_max": 0.1053866884179559,
        "nauc_map_at_20_std": 0.10329375150360744,
        "nauc_map_at_3_diff1": -0.07713936153368402,
        "nauc_map_at_3_max": 0.006971781521199537,
        "nauc_map_at_3_std": 0.10040722204848347,
        "nauc_map_at_5_diff1": -0.09287216388850741,
        "nauc_map_at_5_max": 0.04800166928488643,
        "nauc_map_at_5_std": 0.08269431440984724,
        "nauc_mrr_at_1000_diff1": -0.09215546880942987,
        "nauc_mrr_at_1000_max": 0.16382508070338103,
        "nauc_mrr_at_1000_std": -0.007995822654398908,
        "nauc_mrr_at_100_diff1": -0.09125216492780176,
        "nauc_mrr_at_100_max": 0.163338457590442,
        "nauc_mrr_at_100_std": -0.0072808168860970445,
        "nauc_mrr_at_10_diff1": -0.08995743295622419,
        "nauc_mrr_at_10_max": 0.15675130823429803,
        "nauc_mrr_at_10_std": -0.005029617578663391,
        "nauc_mrr_at_1_diff1": -0.10378213741005167,
        "nauc_mrr_at_1_max": 0.07652628071502363,
        "nauc_mrr_at_1_std": 0.0974104654372934,
        "nauc_mrr_at_20_diff1": -0.095311041438907,
        "nauc_mrr_at_20_max": 0.16016549402586797,
        "nauc_mrr_at_20_std": -0.007364616565754748,
        "nauc_mrr_at_3_diff1": -0.0904071661873756,
        "nauc_mrr_at_3_max": 0.10736859070705371,
        "nauc_mrr_at_3_std": 0.0377868841294206,
        "nauc_mrr_at_5_diff1": -0.0952609660751257,
        "nauc_mrr_at_5_max": 0.14590082923788103,
        "nauc_mrr_at_5_std": 0.0024374794594099964,
        "nauc_ndcg_at_1000_diff1": -0.07019431007749233,
        "nauc_ndcg_at_1000_max": 0.27690972542483727,
        "nauc_ndcg_at_1000_std": -0.031777218131838376,
        "nauc_ndcg_at_100_diff1": -0.08450646548803536,
        "nauc_ndcg_at_100_max": 0.21190239012402878,
        "nauc_ndcg_at_100_std": 0.015027548295651718,
        "nauc_ndcg_at_10_diff1": -0.06270353532170632,
        "nauc_ndcg_at_10_max": 0.177112687340245,
        "nauc_ndcg_at_10_std": 0.014341347846104769,
        "nauc_ndcg_at_1_diff1": -0.09955685060644995,
        "nauc_ndcg_at_1_max": 0.09060691554812535,
        "nauc_ndcg_at_1_std": 0.0882859328233036,
        "nauc_ndcg_at_20_diff1": -0.08379720052331989,
        "nauc_ndcg_at_20_max": 0.2057282738570102,
        "nauc_ndcg_at_20_std": 0.014559504261800861,
        "nauc_ndcg_at_3_diff1": -0.07288550742392216,
        "nauc_ndcg_at_3_max": 0.12740285425513154,
        "nauc_ndcg_at_3_std": 0.05645773648801939,
        "nauc_ndcg_at_5_diff1": -0.07395171883261153,
        "nauc_ndcg_at_5_max": 0.18211698926416212,
        "nauc_ndcg_at_5_std": 0.011599671133804102,
        "nauc_precision_at_1000_diff1": 0.053317768171801436,
        "nauc_precision_at_1000_max": 0.1616544101298361,
        "nauc_precision_at_1000_std": -0.054447345228005116,
        "nauc_precision_at_100_diff1": -0.031224138709061485,
        "nauc_precision_at_100_max": 0.16533049095836452,
        "nauc_precision_at_100_std": 0.011970545411303848,
        "nauc_precision_at_10_diff1": -0.057267366134948504,
        "nauc_precision_at_10_max": 0.1894825901868692,
        "nauc_precision_at_10_std": -0.004183852147258521,
        "nauc_precision_at_1_diff1": -0.10378213741005167,
        "nauc_precision_at_1_max": 0.07652628071502363,
        "nauc_precision_at_1_std": 0.0974104654372934,
        "nauc_precision_at_20_diff1": -0.08273017856455993,
        "nauc_precision_at_20_max": 0.18048191845629474,
        "nauc_precision_at_20_std": 0.005382790456129988,
        "nauc_precision_at_3_diff1": -0.0780074882066283,
        "nauc_precision_at_3_max": 0.1362946170054749,
        "nauc_precision_at_3_std": 0.051965304496784284,
        "nauc_precision_at_5_diff1": -0.07458113456631207,
        "nauc_precision_at_5_max": 0.20668971595435517,
        "nauc_precision_at_5_std": 0.001187696097668168,
        "nauc_recall_at_1000_diff1": 0.002831335965274178,
        "nauc_recall_at_1000_max": 0.22381897100806428,
        "nauc_recall_at_1000_std": -0.008288473347368819,
        "nauc_recall_at_100_diff1": -0.04012618093387722,
        "nauc_recall_at_100_max": 0.21651709881192166,
        "nauc_recall_at_100_std": 0.016255283097461555,
        "nauc_recall_at_10_diff1": -0.019894400851696897,
        "nauc_recall_at_10_max": 0.12170311684921703,
        "nauc_recall_at_10_std": 0.017999656190435264,
        "nauc_recall_at_1_diff1": -0.21302649244619096,
        "nauc_recall_at_1_max": 0.05347935048889254,
        "nauc_recall_at_1_std": 0.0270358126213903,
        "nauc_recall_at_20_diff1": -0.05237238407079619,
        "nauc_recall_at_20_max": 0.3045716003440086,
        "nauc_recall_at_20_std": -0.02149679251258944,
        "nauc_recall_at_3_diff1": 0.06260800963980123,
        "nauc_recall_at_3_max": -0.016910256149856123,
        "nauc_recall_at_3_std": 0.08882618542277439,
        "nauc_recall_at_5_diff1": -0.01047594385119582,
        "nauc_recall_at_5_max": 0.09081708247763656,
        "nauc_recall_at_5_std": 0.008128574789872306,
        "ndcg_at_1": 0.06656,
        "ndcg_at_10": 0.05754,
        "ndcg_at_100": 0.07181,
        "ndcg_at_1000": 0.17143,
        "ndcg_at_20": 0.0585,
        "ndcg_at_3": 0.06312,
        "ndcg_at_5": 0.06199,
        "precision_at_1": 0.07121,
        "precision_at_10": 0.04861,
        "precision_at_100": 0.02601,
        "precision_at_1000": 0.01463,
        "precision_at_20": 0.04226,
        "precision_at_3": 0.06295,
        "precision_at_5": 0.0582,
        "recall_at_1": 0.00339,
        "recall_at_10": 0.02164,
        "recall_at_100": 0.09921,
        "recall_at_1000": 0.44432,
        "recall_at_20": 0.03956,
        "recall_at_3": 0.00947,
        "recall_at_5": 0.01516
      }
    ]
  },
  "task_name": "NFCorpus"
}