{
  "dataset_revision": "ec0fa4fe99da2ff19ca1214b7966684033a58814",
  "evaluation_time": 2.9890646934509277,
  "kg_co2_emissions": null,
  "mteb_version": "1.14.12",
  "scores": {
    "test": [
      {
        "hf_subset": "default",
        "languages": [
          "eng-Latn"
        ],
        "main_score": 0.19821,
        "map_at_1": 0.02417,
        "map_at_10": 0.05884,
        "map_at_100": 0.07613,
        "map_at_1000": 0.08668,
        "map_at_20": 0.06515,
        "map_at_3": 0.03941,
        "map_at_5": 0.04853,
        "mrr_at_1": 0.28173374613003094,
        "mrr_at_10": 0.3612364243943191,
        "mrr_at_100": 0.3704731422427367,
        "mrr_at_1000": 0.37122325567892567,
        "mrr_at_20": 0.3665122462830913,
        "mrr_at_3": 0.3384932920536635,
        "mrr_at_5": 0.35072239422084617,
        "nauc_map_at_1000_diff1": 0.17337944145144116,
        "nauc_map_at_1000_max": 0.4202813511123548,
        "nauc_map_at_1000_std": 0.2922291942823573,
        "nauc_map_at_100_diff1": 0.1873931474722223,
        "nauc_map_at_100_max": 0.41144611512094975,
        "nauc_map_at_100_std": 0.2709250534746752,
        "nauc_map_at_10_diff1": 0.2005681012636434,
        "nauc_map_at_10_max": 0.38907716346846066,
        "nauc_map_at_10_std": 0.21254535344520362,
        "nauc_map_at_1_diff1": 0.24348818181104231,
        "nauc_map_at_1_max": 0.3382862819911468,
        "nauc_map_at_1_std": 0.14161353590838527,
        "nauc_map_at_20_diff1": 0.19820007076485144,
        "nauc_map_at_20_max": 0.4001101102366761,
        "nauc_map_at_20_std": 0.23310680294124167,
        "nauc_map_at_3_diff1": 0.1964143489999501,
        "nauc_map_at_3_max": 0.3431239162307909,
        "nauc_map_at_3_std": 0.15027730710822892,
        "nauc_map_at_5_diff1": 0.20405296569166903,
        "nauc_map_at_5_max": 0.3663382190649274,
        "nauc_map_at_5_std": 0.16686149921815438,
        "nauc_mrr_at_1000_diff1": 0.23691292082974535,
        "nauc_mrr_at_1000_max": 0.4503624968437865,
        "nauc_mrr_at_1000_std": 0.23115587261695983,
        "nauc_mrr_at_100_diff1": 0.23692255524313163,
        "nauc_mrr_at_100_max": 0.450506802602354,
        "nauc_mrr_at_100_std": 0.23105692282484847,
        "nauc_mrr_at_10_diff1": 0.2345968704785051,
        "nauc_mrr_at_10_max": 0.44774560149427783,
        "nauc_mrr_at_10_std": 0.2326444367077583,
        "nauc_mrr_at_1_diff1": 0.27357574130356693,
        "nauc_mrr_at_1_max": 0.4247265870876045,
        "nauc_mrr_at_1_std": 0.20453194312727604,
        "nauc_mrr_at_20_diff1": 0.23554342389899502,
        "nauc_mrr_at_20_max": 0.4484139224031058,
        "nauc_mrr_at_20_std": 0.22990181318573424,
        "nauc_mrr_at_3_diff1": 0.23996823471805132,
        "nauc_mrr_at_3_max": 0.4476795781110272,
        "nauc_mrr_at_3_std": 0.22045262977215077,
        "nauc_mrr_at_5_diff1": 0.2405466902485721,
        "nauc_mrr_at_5_max": 0.45127782506111447,
        "nauc_mrr_at_5_std": 0.2278679402104439,
        "nauc_ndcg_at_1000_diff1": 0.1799575692103496,
        "nauc_ndcg_at_1000_max": 0.49518771921474414,
        "nauc_ndcg_at_1000_std": 0.34920405749758743,
        "nauc_ndcg_at_100_diff1": 0.1941555050462668,
        "nauc_ndcg_at_100_max": 0.43286076657606726,
        "nauc_ndcg_at_100_std": 0.3068494818808689,
        "nauc_ndcg_at_10_diff1": 0.14750435844048812,
        "nauc_ndcg_at_10_max": 0.41319886509864223,
        "nauc_ndcg_at_10_std": 0.29757473364011294,
        "nauc_ndcg_at_1_diff1": 0.25811284140170665,
        "nauc_ndcg_at_1_max": 0.40138745549019245,
        "nauc_ndcg_at_1_std": 0.18939665967432168,
        "nauc_ndcg_at_20_diff1": 0.15227349690097822,
        "nauc_ndcg_at_20_max": 0.40486303767570114,
        "nauc_ndcg_at_20_std": 0.3032347907765743,
        "nauc_ndcg_at_3_diff1": 0.17803016232498095,
        "nauc_ndcg_at_3_max": 0.4105234407602597,
        "nauc_ndcg_at_3_std": 0.23639218915157278,
        "nauc_ndcg_at_5_diff1": 0.17388170439803674,
        "nauc_ndcg_at_5_max": 0.42492154565072754,
        "nauc_ndcg_at_5_std": 0.28102293821203056,
        "nauc_precision_at_1000_diff1": -0.10624309058622064,
        "nauc_precision_at_1000_max": 0.09439094572081333,
        "nauc_precision_at_1000_std": 0.1482902892427836,
        "nauc_precision_at_100_diff1": -0.017726899001694035,
        "nauc_precision_at_100_max": 0.25718146846053536,
        "nauc_precision_at_100_std": 0.33193823131676803,
        "nauc_precision_at_10_diff1": 0.07689588755975853,
        "nauc_precision_at_10_max": 0.40949077242718024,
        "nauc_precision_at_10_std": 0.35391058045268764,
        "nauc_precision_at_1_diff1": 0.26297651666329536,
        "nauc_precision_at_1_max": 0.42410992854365087,
        "nauc_precision_at_1_std": 0.19429041973265668,
        "nauc_precision_at_20_diff1": 0.05884252489581778,
        "nauc_precision_at_20_max": 0.36168088668487414,
        "nauc_precision_at_20_std": 0.36564191549084535,
        "nauc_precision_at_3_diff1": 0.14466051776643604,
        "nauc_precision_at_3_max": 0.4253529008600701,
        "nauc_precision_at_3_std": 0.2637282505785235,
        "nauc_precision_at_5_diff1": 0.12607570702186913,
        "nauc_precision_at_5_max": 0.43844874617558544,
        "nauc_precision_at_5_std": 0.3430507684009474,
        "nauc_recall_at_1000_diff1": 0.10894951775890972,
        "nauc_recall_at_1000_max": 0.2975058912953793,
        "nauc_recall_at_1000_std": 0.20384168528070887,
        "nauc_recall_at_100_diff1": 0.1417200005612122,
        "nauc_recall_at_100_max": 0.23408224522379184,
        "nauc_recall_at_100_std": 0.1754091753021432,
        "nauc_recall_at_10_diff1": 0.10640573887517923,
        "nauc_recall_at_10_max": 0.22426300002627825,
        "nauc_recall_at_10_std": 0.14683502823706596,
        "nauc_recall_at_1_diff1": 0.24348818181104231,
        "nauc_recall_at_1_max": 0.3382862819911468,
        "nauc_recall_at_1_std": 0.14161353590838527,
        "nauc_recall_at_20_diff1": 0.1149239364713759,
        "nauc_recall_at_20_max": 0.25106230868381074,
        "nauc_recall_at_20_std": 0.1552474394218151,
        "nauc_recall_at_3_diff1": 0.1540890336381885,
        "nauc_recall_at_3_max": 0.29064511891664047,
        "nauc_recall_at_3_std": 0.15306701930631472,
        "nauc_recall_at_5_diff1": 0.13310610633857356,
        "nauc_recall_at_5_max": 0.2633066245567552,
        "nauc_recall_at_5_std": 0.10772069613086137,
        "ndcg_at_1": 0.26935,
        "ndcg_at_10": 0.19821,
        "ndcg_at_100": 0.19057,
        "ndcg_at_1000": 0.28484,
        "ndcg_at_20": 0.18517,
        "ndcg_at_3": 0.23081,
        "ndcg_at_5": 0.21457,
        "precision_at_1": 0.28483,
        "precision_at_10": 0.14892,
        "precision_at_100": 0.05108,
        "precision_at_1000": 0.01758,
        "precision_at_20": 0.11223,
        "precision_at_3": 0.22188,
        "precision_at_5": 0.18762,
        "recall_at_1": 0.02417,
        "recall_at_10": 0.09781,
        "recall_at_100": 0.21579,
        "recall_at_1000": 0.54383,
        "recall_at_20": 0.12201,
        "recall_at_3": 0.04688,
        "recall_at_5": 0.06756
      }
    ]
  },
  "task_name": "NFCorpus"
}