{
  "dataset_revision": "ec0fa4fe99da2ff19ca1214b7966684033a58814",
  "evaluation_time": 2.9823410511016846,
  "kg_co2_emissions": null,
  "mteb_version": "1.14.12",
  "scores": {
    "test": [
      {
        "hf_subset": "default",
        "languages": [
          "eng-Latn"
        ],
        "main_score": 0.14138,
        "map_at_1": 0.01485,
        "map_at_10": 0.03664,
        "map_at_100": 0.04941,
        "map_at_1000": 0.06005,
        "map_at_20": 0.0416,
        "map_at_3": 0.02573,
        "map_at_5": 0.03104,
        "mrr_at_1": 0.2260061919504644,
        "mrr_at_10": 0.2941065900044229,
        "mrr_at_100": 0.30381486270552094,
        "mrr_at_1000": 0.304879218665701,
        "mrr_at_20": 0.2993192096483128,
        "mrr_at_3": 0.27657378740970073,
        "mrr_at_5": 0.2869453044375645,
        "nauc_map_at_1000_diff1": 0.12833477118877948,
        "nauc_map_at_1000_max": 0.26871468747328503,
        "nauc_map_at_1000_std": 0.10365496813262859,
        "nauc_map_at_100_diff1": 0.14738483244271636,
        "nauc_map_at_100_max": 0.2687346125128441,
        "nauc_map_at_100_std": 0.09000297432011427,
        "nauc_map_at_10_diff1": 0.16619861105565095,
        "nauc_map_at_10_max": 0.2626878941293709,
        "nauc_map_at_10_std": 0.08053832479194865,
        "nauc_map_at_1_diff1": 0.2117384854090609,
        "nauc_map_at_1_max": 0.31662888702138253,
        "nauc_map_at_1_std": -0.023818132029807437,
        "nauc_map_at_20_diff1": 0.15548224327605997,
        "nauc_map_at_20_max": 0.26365373781443896,
        "nauc_map_at_20_std": 0.0791979067596383,
        "nauc_map_at_3_diff1": 0.14886169728917878,
        "nauc_map_at_3_max": 0.25638595418496163,
        "nauc_map_at_3_std": 0.06163538333790861,
        "nauc_map_at_5_diff1": 0.1562792613530948,
        "nauc_map_at_5_max": 0.2361389619095693,
        "nauc_map_at_5_std": 0.0728792601412315,
        "nauc_mrr_at_1000_diff1": 0.09945220123926961,
        "nauc_mrr_at_1000_max": 0.36055059090151026,
        "nauc_mrr_at_1000_std": -0.053146528151449345,
        "nauc_mrr_at_100_diff1": 0.09931260580934209,
        "nauc_mrr_at_100_max": 0.36041914931794183,
        "nauc_mrr_at_100_std": -0.05301242394696082,
        "nauc_mrr_at_10_diff1": 0.10344126915638686,
        "nauc_mrr_at_10_max": 0.3617773838162601,
        "nauc_mrr_at_10_std": -0.048840735591867745,
        "nauc_mrr_at_1_diff1": 0.11367704472253136,
        "nauc_mrr_at_1_max": 0.3552679269809769,
        "nauc_mrr_at_1_std": -0.07496521636009428,
        "nauc_mrr_at_20_diff1": 0.0999487595392621,
        "nauc_mrr_at_20_max": 0.35844508796980423,
        "nauc_mrr_at_20_std": -0.0501550036401842,
        "nauc_mrr_at_3_diff1": 0.10820355590094459,
        "nauc_mrr_at_3_max": 0.35928057076821085,
        "nauc_mrr_at_3_std": -0.05066989343257119,
        "nauc_mrr_at_5_diff1": 0.11122572457736116,
        "nauc_mrr_at_5_max": 0.36230919388381033,
        "nauc_mrr_at_5_std": -0.04694444725689029,
        "nauc_ndcg_at_1000_diff1": 0.10798917128286664,
        "nauc_ndcg_at_1000_max": 0.3586642671613013,
        "nauc_ndcg_at_1000_std": 0.031159320266889154,
        "nauc_ndcg_at_100_diff1": 0.13393017146161562,
        "nauc_ndcg_at_100_max": 0.3270601158404357,
        "nauc_ndcg_at_100_std": 0.03526476915724994,
        "nauc_ndcg_at_10_diff1": 0.13952519079001732,
        "nauc_ndcg_at_10_max": 0.32682891697698496,
        "nauc_ndcg_at_10_std": 0.04508799742040269,
        "nauc_ndcg_at_1_diff1": 0.14770049136419627,
        "nauc_ndcg_at_1_max": 0.3290047606763408,
        "nauc_ndcg_at_1_std": -0.04577856438025616,
        "nauc_ndcg_at_20_diff1": 0.12377629210428988,
        "nauc_ndcg_at_20_max": 0.3164644457322578,
        "nauc_ndcg_at_20_std": 0.037742518747272094,
        "nauc_ndcg_at_3_diff1": 0.12181084990947837,
        "nauc_ndcg_at_3_max": 0.33836530584048524,
        "nauc_ndcg_at_3_std": 0.02676367032845803,
        "nauc_ndcg_at_5_diff1": 0.14235578717298658,
        "nauc_ndcg_at_5_max": 0.34820661204159803,
        "nauc_ndcg_at_5_std": 0.042360189075206806,
        "nauc_precision_at_1000_diff1": -0.050777006252593064,
        "nauc_precision_at_1000_max": 0.09063702789469606,
        "nauc_precision_at_1000_std": -0.0035124957113421965,
        "nauc_precision_at_100_diff1": -0.013367906726621685,
        "nauc_precision_at_100_max": 0.1793911637222743,
        "nauc_precision_at_100_std": 0.06910764895265269,
        "nauc_precision_at_10_diff1": 0.06899087561683401,
        "nauc_precision_at_10_max": 0.30879964837383944,
        "nauc_precision_at_10_std": 0.05403274541817775,
        "nauc_precision_at_1_diff1": 0.11367704472253136,
        "nauc_precision_at_1_max": 0.3552679269809769,
        "nauc_precision_at_1_std": -0.07496521636009428,
        "nauc_precision_at_20_diff1": 0.03230528140080279,
        "nauc_precision_at_20_max": 0.2684441833941967,
        "nauc_precision_at_20_std": 0.059730774711867364,
        "nauc_precision_at_3_diff1": 0.07291192728289803,
        "nauc_precision_at_3_max": 0.3637117534239798,
        "nauc_precision_at_3_std": 0.031127475724636755,
        "nauc_precision_at_5_diff1": 0.09243986841875183,
        "nauc_precision_at_5_max": 0.3747909661136243,
        "nauc_precision_at_5_std": 0.058807255973104204,
        "nauc_recall_at_1000_diff1": 0.10663935317849851,
        "nauc_recall_at_1000_max": 0.16952320373316235,
        "nauc_recall_at_1000_std": -0.04555567389951469,
        "nauc_recall_at_100_diff1": 0.08573939462260856,
        "nauc_recall_at_100_max": 0.17561051941017208,
        "nauc_recall_at_100_std": 0.010688424500870085,
        "nauc_recall_at_10_diff1": 0.1429848587766217,
        "nauc_recall_at_10_max": 0.19504283731112965,
        "nauc_recall_at_10_std": 0.06124564404784902,
        "nauc_recall_at_1_diff1": 0.2117384854090609,
        "nauc_recall_at_1_max": 0.31662888702138253,
        "nauc_recall_at_1_std": -0.023818132029807437,
        "nauc_recall_at_20_diff1": 0.07968630671285785,
        "nauc_recall_at_20_max": 0.16325645390229232,
        "nauc_recall_at_20_std": 0.0066891201655054555,
        "nauc_recall_at_3_diff1": 0.14747968876639436,
        "nauc_recall_at_3_max": 0.23480925167799796,
        "nauc_recall_at_3_std": 0.08779701022395386,
        "nauc_recall_at_5_diff1": 0.144289888317967,
        "nauc_recall_at_5_max": 0.13965448291444388,
        "nauc_recall_at_5_std": 0.08537841905486256,
        "ndcg_at_1": 0.20743,
        "ndcg_at_10": 0.14138,
        "ndcg_at_100": 0.14331,
        "ndcg_at_1000": 0.24758,
        "ndcg_at_20": 0.13282,
        "ndcg_at_3": 0.16927,
        "ndcg_at_5": 0.15608,
        "precision_at_1": 0.22601,
        "precision_at_10": 0.11022,
        "precision_at_100": 0.04334,
        "precision_at_1000": 0.01695,
        "precision_at_20": 0.08266,
        "precision_at_3": 0.16409,
        "precision_at_5": 0.13746,
        "recall_at_1": 0.01485,
        "recall_at_10": 0.05892,
        "recall_at_100": 0.16783,
        "recall_at_1000": 0.5409,
        "recall_at_20": 0.08671,
        "recall_at_3": 0.03057,
        "recall_at_5": 0.04545
      }
    ]
  },
  "task_name": "NFCorpus"
}