{
  "dataset_revision": "ec0fa4fe99da2ff19ca1214b7966684033a58814",
  "evaluation_time": 3.0142762660980225,
  "kg_co2_emissions": null,
  "mteb_version": "1.14.12",
  "scores": {
    "test": [
      {
        "hf_subset": "default",
        "languages": [
          "eng-Latn"
        ],
        "main_score": 0.19234,
        "map_at_1": 0.02844,
        "map_at_10": 0.06387,
        "map_at_100": 0.0794,
        "map_at_1000": 0.09049,
        "map_at_20": 0.06925,
        "map_at_3": 0.04676,
        "map_at_5": 0.05338,
        "mrr_at_1": 0.28792569659442724,
        "mrr_at_10": 0.3591540124821858,
        "mrr_at_100": 0.36814240247036745,
        "mrr_at_1000": 0.3688928823566703,
        "mrr_at_20": 0.3642977531467309,
        "mrr_at_3": 0.3421052631578947,
        "mrr_at_5": 0.34860681114551084,
        "nauc_map_at_1000_diff1": 0.2092548192037947,
        "nauc_map_at_1000_max": 0.40925196406772313,
        "nauc_map_at_1000_std": 0.009671493593047654,
        "nauc_map_at_100_diff1": 0.21880665692979911,
        "nauc_map_at_100_max": 0.40668673025376606,
        "nauc_map_at_100_std": -0.003804915531514136,
        "nauc_map_at_10_diff1": 0.24491041698862195,
        "nauc_map_at_10_max": 0.3707585838145941,
        "nauc_map_at_10_std": -0.05655052348085088,
        "nauc_map_at_1_diff1": 0.40713907938217614,
        "nauc_map_at_1_max": 0.29950972459311465,
        "nauc_map_at_1_std": -0.12804601851630143,
        "nauc_map_at_20_diff1": 0.23644906772051397,
        "nauc_map_at_20_max": 0.38932341677001553,
        "nauc_map_at_20_std": -0.028826267334141186,
        "nauc_map_at_3_diff1": 0.26094545172410577,
        "nauc_map_at_3_max": 0.27285685311265145,
        "nauc_map_at_3_std": -0.1122441100084813,
        "nauc_map_at_5_diff1": 0.2589961396107311,
        "nauc_map_at_5_max": 0.3340208118331565,
        "nauc_map_at_5_std": -0.09528331816014915,
        "nauc_mrr_at_1000_diff1": 0.298879959419475,
        "nauc_mrr_at_1000_max": 0.44668527614480835,
        "nauc_mrr_at_1000_std": -0.03153500927258976,
        "nauc_mrr_at_100_diff1": 0.29881491716626285,
        "nauc_mrr_at_100_max": 0.44692504143606165,
        "nauc_mrr_at_100_std": -0.031140905787413915,
        "nauc_mrr_at_10_diff1": 0.300252170901249,
        "nauc_mrr_at_10_max": 0.44430216558154356,
        "nauc_mrr_at_10_std": -0.030357507117271275,
        "nauc_mrr_at_1_diff1": 0.3452599518648964,
        "nauc_mrr_at_1_max": 0.4290023582543188,
        "nauc_mrr_at_1_std": -0.023297535208814425,
        "nauc_mrr_at_20_diff1": 0.29951128628922963,
        "nauc_mrr_at_20_max": 0.44820254843227436,
        "nauc_mrr_at_20_std": -0.028737512952248783,
        "nauc_mrr_at_3_diff1": 0.30174009278037534,
        "nauc_mrr_at_3_max": 0.4343973567243467,
        "nauc_mrr_at_3_std": -0.03721763419648465,
        "nauc_mrr_at_5_diff1": 0.30379620226403303,
        "nauc_mrr_at_5_max": 0.4408214545344692,
        "nauc_mrr_at_5_std": -0.035089847709749024,
        "nauc_ndcg_at_1000_diff1": 0.18791961576757393,
        "nauc_ndcg_at_1000_max": 0.49940247307710606,
        "nauc_ndcg_at_1000_std": 0.024515121047029135,
        "nauc_ndcg_at_100_diff1": 0.20024942065064727,
        "nauc_ndcg_at_100_max": 0.45162331980411424,
        "nauc_ndcg_at_100_std": 0.012915207402242598,
        "nauc_ndcg_at_10_diff1": 0.21288980906264768,
        "nauc_ndcg_at_10_max": 0.4316024251825905,
        "nauc_ndcg_at_10_std": 0.03677243132922998,
        "nauc_ndcg_at_1_diff1": 0.34994855824433896,
        "nauc_ndcg_at_1_max": 0.3944087213107174,
        "nauc_ndcg_at_1_std": -0.00910911909234694,
        "nauc_ndcg_at_20_diff1": 0.20229684801293427,
        "nauc_ndcg_at_20_max": 0.4238515126336452,
        "nauc_ndcg_at_20_std": 0.047995176585643305,
        "nauc_ndcg_at_3_diff1": 0.2257358221843098,
        "nauc_ndcg_at_3_max": 0.38120074938058696,
        "nauc_ndcg_at_3_std": 0.002873399887571487,
        "nauc_ndcg_at_5_diff1": 0.2190845705778602,
        "nauc_ndcg_at_5_max": 0.4284598412364043,
        "nauc_ndcg_at_5_std": 0.015522308295093615,
        "nauc_precision_at_1000_diff1": 0.017691202528396892,
        "nauc_precision_at_1000_max": 0.07237474212162058,
        "nauc_precision_at_1000_std": 0.030729740213062223,
        "nauc_precision_at_100_diff1": 0.036127376673164846,
        "nauc_precision_at_100_max": 0.24143795161793907,
        "nauc_precision_at_100_std": 0.11772111460275804,
        "nauc_precision_at_10_diff1": 0.09229118897107244,
        "nauc_precision_at_10_max": 0.44532662102573173,
        "nauc_precision_at_10_std": 0.12643218477642237,
        "nauc_precision_at_1_diff1": 0.3452599518648964,
        "nauc_precision_at_1_max": 0.4290023582543188,
        "nauc_precision_at_1_std": -0.023297535208814425,
        "nauc_precision_at_20_diff1": 0.06413769838250527,
        "nauc_precision_at_20_max": 0.3829621002937284,
        "nauc_precision_at_20_std": 0.1750490609267613,
        "nauc_precision_at_3_diff1": 0.16097539157280844,
        "nauc_precision_at_3_max": 0.39976140918136366,
        "nauc_precision_at_3_std": 0.02936795266634927,
        "nauc_precision_at_5_diff1": 0.1154951249183993,
        "nauc_precision_at_5_max": 0.45481385699151167,
        "nauc_precision_at_5_std": 0.06673990882236,
        "nauc_recall_at_1000_diff1": 0.04464296711358394,
        "nauc_recall_at_1000_max": 0.3379586177322773,
        "nauc_recall_at_1000_std": -0.007455315098345272,
        "nauc_recall_at_100_diff1": 0.08670831315562122,
        "nauc_recall_at_100_max": 0.3136576556915693,
        "nauc_recall_at_100_std": -0.026729312173799667,
        "nauc_recall_at_10_diff1": 0.1879211075598331,
        "nauc_recall_at_10_max": 0.3346292883414286,
        "nauc_recall_at_10_std": -0.06463199293677392,
        "nauc_recall_at_1_diff1": 0.40713907938217614,
        "nauc_recall_at_1_max": 0.29950972459311465,
        "nauc_recall_at_1_std": -0.12804601851630143,
        "nauc_recall_at_20_diff1": 0.14175583497060165,
        "nauc_recall_at_20_max": 0.32898450228326637,
        "nauc_recall_at_20_std": -0.03395781981430921,
        "nauc_recall_at_3_diff1": 0.19857451118532754,
        "nauc_recall_at_3_max": 0.23588220438636107,
        "nauc_recall_at_3_std": -0.11799482318425693,
        "nauc_recall_at_5_diff1": 0.20017275255271066,
        "nauc_recall_at_5_max": 0.3157821048104539,
        "nauc_recall_at_5_std": -0.10027499500576448,
        "ndcg_at_1": 0.26625,
        "ndcg_at_10": 0.19234,
        "ndcg_at_100": 0.18906,
        "ndcg_at_1000": 0.28054,
        "ndcg_at_20": 0.18159,
        "ndcg_at_3": 0.22727,
        "ndcg_at_5": 0.2073,
        "precision_at_1": 0.28793,
        "precision_at_10": 0.14427,
        "precision_at_100": 0.05195,
        "precision_at_1000": 0.01754,
        "precision_at_20": 0.10851,
        "precision_at_3": 0.21362,
        "precision_at_5": 0.17771,
        "recall_at_1": 0.02844,
        "recall_at_10": 0.09028,
        "recall_at_100": 0.20182,
        "recall_at_1000": 0.51909,
        "recall_at_20": 0.11426,
        "recall_at_3": 0.05521,
        "recall_at_5": 0.06591
      }
    ]
  },
  "task_name": "NFCorpus"
}