{
  "dataset_revision": "ec0fa4fe99da2ff19ca1214b7966684033a58814",
  "evaluation_time": 3.027433395385742,
  "kg_co2_emissions": null,
  "mteb_version": "1.14.12",
  "scores": {
    "test": [
      {
        "hf_subset": "default",
        "languages": [
          "eng-Latn"
        ],
        "main_score": 0.25484,
        "map_at_1": 0.03494,
        "map_at_10": 0.08649,
        "map_at_100": 0.10744,
        "map_at_1000": 0.11869,
        "map_at_20": 0.09556,
        "map_at_3": 0.06556,
        "map_at_5": 0.0742,
        "mrr_at_1": 0.3498452012383901,
        "mrr_at_10": 0.44015307877536974,
        "mrr_at_100": 0.44596746257888115,
        "mrr_at_1000": 0.4466574336990076,
        "mrr_at_20": 0.4430972318260368,
        "mrr_at_3": 0.42156862745098045,
        "mrr_at_5": 0.4282249742002065,
        "nauc_map_at_1000_diff1": 0.218947976599852,
        "nauc_map_at_1000_max": 0.2627023057445207,
        "nauc_map_at_1000_std": 0.19168505816293202,
        "nauc_map_at_100_diff1": 0.23408008362520993,
        "nauc_map_at_100_max": 0.25261293007071794,
        "nauc_map_at_100_std": 0.17075811827731616,
        "nauc_map_at_10_diff1": 0.2635296350987894,
        "nauc_map_at_10_max": 0.21965269791083566,
        "nauc_map_at_10_std": 0.08230305985624596,
        "nauc_map_at_1_diff1": 0.3906499703139393,
        "nauc_map_at_1_max": 0.17816046806705266,
        "nauc_map_at_1_std": -0.11909434329202484,
        "nauc_map_at_20_diff1": 0.25295778985889295,
        "nauc_map_at_20_max": 0.23887175325954527,
        "nauc_map_at_20_std": 0.12772275340514744,
        "nauc_map_at_3_diff1": 0.3010985017421331,
        "nauc_map_at_3_max": 0.20112305158085095,
        "nauc_map_at_3_std": -0.0012799175450616492,
        "nauc_map_at_5_diff1": 0.28306027425902397,
        "nauc_map_at_5_max": 0.21387034656002257,
        "nauc_map_at_5_std": 0.02963802721555328,
        "nauc_mrr_at_1000_diff1": 0.2525508270662885,
        "nauc_mrr_at_1000_max": 0.3166971102895735,
        "nauc_mrr_at_1000_std": 0.15087286987344853,
        "nauc_mrr_at_100_diff1": 0.2524940834314222,
        "nauc_mrr_at_100_max": 0.3172467598857006,
        "nauc_mrr_at_100_std": 0.15132149613649085,
        "nauc_mrr_at_10_diff1": 0.25608428056109434,
        "nauc_mrr_at_10_max": 0.3134770015630209,
        "nauc_mrr_at_10_std": 0.14911858171399753,
        "nauc_mrr_at_1_diff1": 0.27974840151101416,
        "nauc_mrr_at_1_max": 0.26684176719809466,
        "nauc_mrr_at_1_std": 0.08235764667949935,
        "nauc_mrr_at_20_diff1": 0.25289034276445466,
        "nauc_mrr_at_20_max": 0.31750210709303617,
        "nauc_mrr_at_20_std": 0.1495796532532141,
        "nauc_mrr_at_3_diff1": 0.2502458234074497,
        "nauc_mrr_at_3_max": 0.306295885033152,
        "nauc_mrr_at_3_std": 0.14385768152270756,
        "nauc_mrr_at_5_diff1": 0.25671034630443973,
        "nauc_mrr_at_5_max": 0.30353237674964834,
        "nauc_mrr_at_5_std": 0.1403154042289349,
        "nauc_ndcg_at_1000_diff1": 0.18798668701494123,
        "nauc_ndcg_at_1000_max": 0.3885429394393745,
        "nauc_ndcg_at_1000_std": 0.29789050527350397,
        "nauc_ndcg_at_100_diff1": 0.19296604926937233,
        "nauc_ndcg_at_100_max": 0.32741987254056654,
        "nauc_ndcg_at_100_std": 0.2584833919713428,
        "nauc_ndcg_at_10_diff1": 0.16172839077780782,
        "nauc_ndcg_at_10_max": 0.28194708786399797,
        "nauc_ndcg_at_10_std": 0.22592632639997248,
        "nauc_ndcg_at_1_diff1": 0.28948793541741846,
        "nauc_ndcg_at_1_max": 0.25742084833584894,
        "nauc_ndcg_at_1_std": 0.08504785937029427,
        "nauc_ndcg_at_20_diff1": 0.16621612680825237,
        "nauc_ndcg_at_20_max": 0.30201639624130405,
        "nauc_ndcg_at_20_std": 0.23997683948990772,
        "nauc_ndcg_at_3_diff1": 0.18537829569275394,
        "nauc_ndcg_at_3_max": 0.28761381216459303,
        "nauc_ndcg_at_3_std": 0.17079526764266684,
        "nauc_ndcg_at_5_diff1": 0.1778255909990716,
        "nauc_ndcg_at_5_max": 0.2849190106105525,
        "nauc_ndcg_at_5_std": 0.19120111773400225,
        "nauc_precision_at_1000_diff1": -0.12385556167941768,
        "nauc_precision_at_1000_max": 0.0718773281640288,
        "nauc_precision_at_1000_std": 0.16990234763909606,
        "nauc_precision_at_100_diff1": -0.07202274866022738,
        "nauc_precision_at_100_max": 0.17465326387021157,
        "nauc_precision_at_100_std": 0.3427002063979319,
        "nauc_precision_at_10_diff1": 0.02967430109537078,
        "nauc_precision_at_10_max": 0.2708295644706782,
        "nauc_precision_at_10_std": 0.31992017115164983,
        "nauc_precision_at_1_diff1": 0.2889179783707111,
        "nauc_precision_at_1_max": 0.272090382030119,
        "nauc_precision_at_1_std": 0.08732790622260113,
        "nauc_precision_at_20_diff1": -0.006933364583863432,
        "nauc_precision_at_20_max": 0.26425936661986654,
        "nauc_precision_at_20_std": 0.3675742721914033,
        "nauc_precision_at_3_diff1": 0.10681945642442443,
        "nauc_precision_at_3_max": 0.3173052070474492,
        "nauc_precision_at_3_std": 0.22309742818152611,
        "nauc_precision_at_5_diff1": 0.07302598902739305,
        "nauc_precision_at_5_max": 0.2984941458548937,
        "nauc_precision_at_5_std": 0.24843162362894763,
        "nauc_recall_at_1000_diff1": 0.12739506827270197,
        "nauc_recall_at_1000_max": 0.2152687144383014,
        "nauc_recall_at_1000_std": 0.2314635641915792,
        "nauc_recall_at_100_diff1": 0.1157669286781107,
        "nauc_recall_at_100_max": 0.22816457882353147,
        "nauc_recall_at_100_std": 0.23780454395844544,
        "nauc_recall_at_10_diff1": 0.20166998777518755,
        "nauc_recall_at_10_max": 0.16614446924987053,
        "nauc_recall_at_10_std": 0.10489062884208769,
        "nauc_recall_at_1_diff1": 0.3906499703139393,
        "nauc_recall_at_1_max": 0.17816046806705266,
        "nauc_recall_at_1_std": -0.11909434329202484,
        "nauc_recall_at_20_diff1": 0.1540887471166555,
        "nauc_recall_at_20_max": 0.2140283256819127,
        "nauc_recall_at_20_std": 0.14044072280640627,
        "nauc_recall_at_3_diff1": 0.26409126371334013,
        "nauc_recall_at_3_max": 0.17086040121916163,
        "nauc_recall_at_3_std": 0.030965553403436586,
        "nauc_recall_at_5_diff1": 0.2546039453536013,
        "nauc_recall_at_5_max": 0.18096843897668627,
        "nauc_recall_at_5_std": 0.057116783644982835,
        "ndcg_at_1": 0.32817,
        "ndcg_at_10": 0.25484,
        "ndcg_at_100": 0.23314,
        "ndcg_at_1000": 0.32408,
        "ndcg_at_20": 0.23569,
        "ndcg_at_3": 0.29937,
        "ndcg_at_5": 0.27771,
        "precision_at_1": 0.34675,
        "precision_at_10": 0.18885,
        "precision_at_100": 0.06056,
        "precision_at_1000": 0.01827,
        "precision_at_20": 0.13746,
        "precision_at_3": 0.28483,
        "precision_at_5": 0.24087,
        "recall_at_1": 0.03494,
        "recall_at_10": 0.12286,
        "recall_at_100": 0.23985,
        "recall_at_1000": 0.56398,
        "recall_at_20": 0.15311,
        "recall_at_3": 0.07708,
        "recall_at_5": 0.09057
      }
    ]
  },
  "task_name": "NFCorpus"
}