{
  "dataset_revision": "ec0fa4fe99da2ff19ca1214b7966684033a58814",
  "evaluation_time": 3.046863079071045,
  "kg_co2_emissions": null,
  "mteb_version": "1.14.12",
  "scores": {
    "test": [
      {
        "hf_subset": "default",
        "languages": [
          "eng-Latn"
        ],
        "main_score": 0.05827,
        "map_at_1": 0.00408,
        "map_at_10": 0.01129,
        "map_at_100": 0.01852,
        "map_at_1000": 0.02662,
        "map_at_20": 0.01358,
        "map_at_3": 0.00743,
        "map_at_5": 0.00926,
        "mrr_at_1": 0.07739938080495357,
        "mrr_at_10": 0.12617450488967524,
        "mrr_at_100": 0.13826188970429923,
        "mrr_at_1000": 0.1396101835935785,
        "mrr_at_20": 0.13140705485942678,
        "mrr_at_3": 0.10629514963880288,
        "mrr_at_5": 0.11728586171310632,
        "nauc_map_at_1000_diff1": 0.006206624321942944,
        "nauc_map_at_1000_max": 0.19544745235054864,
        "nauc_map_at_1000_std": 0.2928376406554461,
        "nauc_map_at_100_diff1": -0.017928740469925986,
        "nauc_map_at_100_max": 0.17861365811703717,
        "nauc_map_at_100_std": 0.3209609994113895,
        "nauc_map_at_10_diff1": -0.03668479728377845,
        "nauc_map_at_10_max": 0.2102914013795409,
        "nauc_map_at_10_std": 0.2784717444868985,
        "nauc_map_at_1_diff1": -0.009960804684275284,
        "nauc_map_at_1_max": 0.36632596333044687,
        "nauc_map_at_1_std": 0.1146054921536402,
        "nauc_map_at_20_diff1": -0.02576093173124731,
        "nauc_map_at_20_max": 0.19275932557770634,
        "nauc_map_at_20_std": 0.30941108387000776,
        "nauc_map_at_3_diff1": -0.09267923073139873,
        "nauc_map_at_3_max": 0.2574028279011024,
        "nauc_map_at_3_std": 0.1800472681201514,
        "nauc_map_at_5_diff1": -0.07672962350982267,
        "nauc_map_at_5_max": 0.20835383373340818,
        "nauc_map_at_5_std": 0.2513424186556607,
        "nauc_mrr_at_1000_diff1": 0.1748610181260678,
        "nauc_mrr_at_1000_max": 0.1703342646489821,
        "nauc_mrr_at_1000_std": 0.2682692777625964,
        "nauc_mrr_at_100_diff1": 0.17375611096235097,
        "nauc_mrr_at_100_max": 0.16974323196003693,
        "nauc_mrr_at_100_std": 0.26796527956493665,
        "nauc_mrr_at_10_diff1": 0.17382497512586262,
        "nauc_mrr_at_10_max": 0.16762043959217635,
        "nauc_mrr_at_10_std": 0.2664229033192785,
        "nauc_mrr_at_1_diff1": 0.2648633297165451,
        "nauc_mrr_at_1_max": 0.20226976436026758,
        "nauc_mrr_at_1_std": 0.36802007860004765,
        "nauc_mrr_at_20_diff1": 0.17646141521672562,
        "nauc_mrr_at_20_max": 0.1667767045267625,
        "nauc_mrr_at_20_std": 0.270485212246939,
        "nauc_mrr_at_3_diff1": 0.21793149249223367,
        "nauc_mrr_at_3_max": 0.18220850259734198,
        "nauc_mrr_at_3_std": 0.30428219078731145,
        "nauc_mrr_at_5_diff1": 0.17291356596099253,
        "nauc_mrr_at_5_max": 0.16145018474726924,
        "nauc_mrr_at_5_std": 0.28430694141094387,
        "nauc_ndcg_at_1000_diff1": 0.06048175273996805,
        "nauc_ndcg_at_1000_max": 0.2348106017358569,
        "nauc_ndcg_at_1000_std": 0.20970599333443812,
        "nauc_ndcg_at_100_diff1": 0.04372208334637729,
        "nauc_ndcg_at_100_max": 0.17511461147783197,
        "nauc_ndcg_at_100_std": 0.24782299324784887,
        "nauc_ndcg_at_10_diff1": 0.10524790349370448,
        "nauc_ndcg_at_10_max": 0.21772544398241958,
        "nauc_ndcg_at_10_std": 0.30557656232523095,
        "nauc_ndcg_at_1_diff1": 0.25149772329959935,
        "nauc_ndcg_at_1_max": 0.2351339407055347,
        "nauc_ndcg_at_1_std": 0.36123894551609154,
        "nauc_ndcg_at_20_diff1": 0.09084401473713592,
        "nauc_ndcg_at_20_max": 0.20118739258653962,
        "nauc_ndcg_at_20_std": 0.28802378773500187,
        "nauc_ndcg_at_3_diff1": 0.18965133765014014,
        "nauc_ndcg_at_3_max": 0.24094390344812025,
        "nauc_ndcg_at_3_std": 0.3455736319831181,
        "nauc_ndcg_at_5_diff1": 0.11595918477073762,
        "nauc_ndcg_at_5_max": 0.19960199553532088,
        "nauc_ndcg_at_5_std": 0.3315635835753649,
        "nauc_precision_at_1000_diff1": 0.07606514087713041,
        "nauc_precision_at_1000_max": 0.19073916015347145,
        "nauc_precision_at_1000_std": 0.0009174001729242232,
        "nauc_precision_at_100_diff1": 0.08473513201071571,
        "nauc_precision_at_100_max": 0.18561463441212536,
        "nauc_precision_at_100_std": 0.17184659259572385,
        "nauc_precision_at_10_diff1": 0.09081835694849019,
        "nauc_precision_at_10_max": 0.1790392749732129,
        "nauc_precision_at_10_std": 0.3009883585873419,
        "nauc_precision_at_1_diff1": 0.2648633297165451,
        "nauc_precision_at_1_max": 0.20226976436026758,
        "nauc_precision_at_1_std": 0.36802007860004765,
        "nauc_precision_at_20_diff1": 0.10541167797726632,
        "nauc_precision_at_20_max": 0.17166857128308338,
        "nauc_precision_at_20_std": 0.28683717923277535,
        "nauc_precision_at_3_diff1": 0.17511054967726536,
        "nauc_precision_at_3_max": 0.203713561508426,
        "nauc_precision_at_3_std": 0.3298327952690885,
        "nauc_precision_at_5_diff1": 0.07994848201666983,
        "nauc_precision_at_5_max": 0.14026957240957053,
        "nauc_precision_at_5_std": 0.32831186608275176,
        "nauc_recall_at_1000_diff1": 0.005756498867527742,
        "nauc_recall_at_1000_max": 0.18317677192824813,
        "nauc_recall_at_1000_std": 0.08541009278264385,
        "nauc_recall_at_100_diff1": -0.03673851494718281,
        "nauc_recall_at_100_max": 0.09021451441675725,
        "nauc_recall_at_100_std": 0.1279302250071025,
        "nauc_recall_at_10_diff1": -0.04991106438464277,
        "nauc_recall_at_10_max": 0.14079230145954152,
        "nauc_recall_at_10_std": 0.17028925397277142,
        "nauc_recall_at_1_diff1": -0.009960804684275284,
        "nauc_recall_at_1_max": 0.36632596333044687,
        "nauc_recall_at_1_std": 0.1146054921536402,
        "nauc_recall_at_20_diff1": -0.04694605891131802,
        "nauc_recall_at_20_max": 0.09558163739110595,
        "nauc_recall_at_20_std": 0.21539078404749412,
        "nauc_recall_at_3_diff1": -0.16016660915349532,
        "nauc_recall_at_3_max": 0.18775564280515616,
        "nauc_recall_at_3_std": 0.1173988268026003,
        "nauc_recall_at_5_diff1": -0.1368896581552848,
        "nauc_recall_at_5_max": 0.11830127656819102,
        "nauc_recall_at_5_std": 0.20051114286201457,
        "ndcg_at_1": 0.07276,
        "ndcg_at_10": 0.05827,
        "ndcg_at_100": 0.07795,
        "ndcg_at_1000": 0.17837,
        "ndcg_at_20": 0.05747,
        "ndcg_at_3": 0.0637,
        "ndcg_at_5": 0.06255,
        "precision_at_1": 0.0774,
        "precision_at_10": 0.05201,
        "precision_at_100": 0.02935,
        "precision_at_1000": 0.01533,
        "precision_at_20": 0.04365,
        "precision_at_3": 0.06605,
        "precision_at_5": 0.06316,
        "recall_at_1": 0.00408,
        "recall_at_10": 0.02284,
        "recall_at_100": 0.115,
        "recall_at_1000": 0.4511,
        "recall_at_20": 0.03695,
        "recall_at_3": 0.01066,
        "recall_at_5": 0.01488
      }
    ]
  },
  "task_name": "NFCorpus"
}