{
  "dataset_revision": "ec0fa4fe99da2ff19ca1214b7966684033a58814",
  "evaluation_time": 252.32320523262024,
  "kg_co2_emissions": null,
  "mteb_version": "1.14.10",
  "scores": {
    "test": [
      {
        "hf_subset": "default",
        "languages": [
          "eng-Latn"
        ],
        "main_score": 0.20468,
        "map_at_1": 0.02888,
        "map_at_10": 0.06398,
        "map_at_100": 0.08272,
        "map_at_1000": 0.09444,
        "map_at_20": 0.07074,
        "map_at_3": 0.04597,
        "map_at_5": 0.05256,
        "mrr_at_1": 0.29411764705882354,
        "mrr_at_10": 0.3807619539043686,
        "mrr_at_100": 0.38815750637656604,
        "mrr_at_1000": 0.38896366180405867,
        "mrr_at_20": 0.38464663384532255,
        "mrr_at_3": 0.3606811145510835,
        "mrr_at_5": 0.37027863777089776,
        "nauc_map_at_1000_diff1": 0.15183792967257653,
        "nauc_map_at_1000_max": 0.3704441087229151,
        "nauc_map_at_1000_std": 0.20841069367884077,
        "nauc_map_at_100_diff1": 0.15589164408853134,
        "nauc_map_at_100_max": 0.3487351138137537,
        "nauc_map_at_100_std": 0.16787078745685163,
        "nauc_map_at_10_diff1": 0.19355148917877216,
        "nauc_map_at_10_max": 0.2991798904184377,
        "nauc_map_at_10_std": 0.07688903419954196,
        "nauc_map_at_1_diff1": 0.31000150630416573,
        "nauc_map_at_1_max": 0.18453539837762917,
        "nauc_map_at_1_std": -0.07850673215164895,
        "nauc_map_at_20_diff1": 0.1734539038587509,
        "nauc_map_at_20_max": 0.32591354662312727,
        "nauc_map_at_20_std": 0.1174637206521753,
        "nauc_map_at_3_diff1": 0.27746346929938076,
        "nauc_map_at_3_max": 0.23703885306990158,
        "nauc_map_at_3_std": -0.0242094945282361,
        "nauc_map_at_5_diff1": 0.237327383965901,
        "nauc_map_at_5_max": 0.25940270056639153,
        "nauc_map_at_5_std": 0.0316925507230933,
        "nauc_mrr_at_1000_diff1": 0.2681721527895951,
        "nauc_mrr_at_1000_max": 0.375718572124178,
        "nauc_mrr_at_1000_std": 0.16813792081126536,
        "nauc_mrr_at_100_diff1": 0.2683323054689267,
        "nauc_mrr_at_100_max": 0.376135898202212,
        "nauc_mrr_at_100_std": 0.16895293572325568,
        "nauc_mrr_at_10_diff1": 0.2688074376240438,
        "nauc_mrr_at_10_max": 0.3724068088183643,
        "nauc_mrr_at_10_std": 0.16303351082918388,
        "nauc_mrr_at_1_diff1": 0.3103073960442052,
        "nauc_mrr_at_1_max": 0.3518487232033197,
        "nauc_mrr_at_1_std": 0.13943433456799167,
        "nauc_mrr_at_20_diff1": 0.26822493946550785,
        "nauc_mrr_at_20_max": 0.3764040732660088,
        "nauc_mrr_at_20_std": 0.16716936810322544,
        "nauc_mrr_at_3_diff1": 0.2838920087817961,
        "nauc_mrr_at_3_max": 0.35596919238941754,
        "nauc_mrr_at_3_std": 0.14702483996159724,
        "nauc_mrr_at_5_diff1": 0.26782270668465324,
        "nauc_mrr_at_5_max": 0.36006823302709773,
        "nauc_mrr_at_5_std": 0.1572263731146224,
        "nauc_ndcg_at_1000_diff1": 0.14535245106432587,
        "nauc_ndcg_at_1000_max": 0.5085649281967405,
        "nauc_ndcg_at_1000_std": 0.3437145684566577,
        "nauc_ndcg_at_100_diff1": 0.14243504117466763,
        "nauc_ndcg_at_100_max": 0.418385508179977,
        "nauc_ndcg_at_100_std": 0.25821528066353305,
        "nauc_ndcg_at_10_diff1": 0.1662720243438448,
        "nauc_ndcg_at_10_max": 0.3866897086284402,
        "nauc_ndcg_at_10_std": 0.2176549126675265,
        "nauc_ndcg_at_1_diff1": 0.30283539438809376,
        "nauc_ndcg_at_1_max": 0.3404754278603498,
        "nauc_ndcg_at_1_std": 0.14024159406371076,
        "nauc_ndcg_at_20_diff1": 0.1523407618119891,
        "nauc_ndcg_at_20_max": 0.3908617677074384,
        "nauc_ndcg_at_20_std": 0.2218115484899718,
        "nauc_ndcg_at_3_diff1": 0.21954757938400965,
        "nauc_ndcg_at_3_max": 0.34436381563486124,
        "nauc_ndcg_at_3_std": 0.16808216118070024,
        "nauc_ndcg_at_5_diff1": 0.18642052084556834,
        "nauc_ndcg_at_5_max": 0.36191649156210803,
        "nauc_ndcg_at_5_std": 0.2094316758824475,
        "nauc_precision_at_1000_diff1": 0.004337176972076538,
        "nauc_precision_at_1000_max": 0.15966925774496865,
        "nauc_precision_at_1000_std": 0.24535054602535417,
        "nauc_precision_at_100_diff1": 0.004686877287196305,
        "nauc_precision_at_100_max": 0.3003006261970044,
        "nauc_precision_at_100_std": 0.3826520538822557,
        "nauc_precision_at_10_diff1": 0.054723909811340024,
        "nauc_precision_at_10_max": 0.405572347289692,
        "nauc_precision_at_10_std": 0.3184577002474339,
        "nauc_precision_at_1_diff1": 0.3103073960442052,
        "nauc_precision_at_1_max": 0.3518487232033197,
        "nauc_precision_at_1_std": 0.13943433456799167,
        "nauc_precision_at_20_diff1": 0.019307796268468267,
        "nauc_precision_at_20_max": 0.38945760048551703,
        "nauc_precision_at_20_std": 0.3531253100610416,
        "nauc_precision_at_3_diff1": 0.14974064228565717,
        "nauc_precision_at_3_max": 0.3607699134329537,
        "nauc_precision_at_3_std": 0.21601703587597237,
        "nauc_precision_at_5_diff1": 0.08805902008390659,
        "nauc_precision_at_5_max": 0.3857334555960061,
        "nauc_precision_at_5_std": 0.28772626428677417,
        "nauc_recall_at_1000_diff1": -0.02533048131538904,
        "nauc_recall_at_1000_max": 0.338936662210422,
        "nauc_recall_at_1000_std": 0.25261708020704365,
        "nauc_recall_at_100_diff1": 0.031742883378404994,
        "nauc_recall_at_100_max": 0.27118914147516626,
        "nauc_recall_at_100_std": 0.21719081888547548,
        "nauc_recall_at_10_diff1": 0.09352464294999936,
        "nauc_recall_at_10_max": 0.2405998851211845,
        "nauc_recall_at_10_std": 0.05084113786750102,
        "nauc_recall_at_1_diff1": 0.31000150630416573,
        "nauc_recall_at_1_max": 0.18453539837762917,
        "nauc_recall_at_1_std": -0.07850673215164895,
        "nauc_recall_at_20_diff1": 0.06414378360133738,
        "nauc_recall_at_20_max": 0.2682284638592936,
        "nauc_recall_at_20_std": 0.10366397530486603,
        "nauc_recall_at_3_diff1": 0.22368202259244904,
        "nauc_recall_at_3_max": 0.19285903321056558,
        "nauc_recall_at_3_std": -0.052262646728458866,
        "nauc_recall_at_5_diff1": 0.16845492058249548,
        "nauc_recall_at_5_max": 0.2184210463467705,
        "nauc_recall_at_5_std": 0.03481747042909191,
        "ndcg_at_1": 0.27399,
        "ndcg_at_10": 0.20468,
        "ndcg_at_100": 0.20032,
        "ndcg_at_1000": 0.29678,
        "ndcg_at_20": 0.19071,
        "ndcg_at_3": 0.24286,
        "ndcg_at_5": 0.22015,
        "precision_at_1": 0.29412,
        "precision_at_10": 0.15325,
        "precision_at_100": 0.05489,
        "precision_at_1000": 0.01837,
        "precision_at_20": 0.11316,
        "precision_at_3": 0.2322,
        "precision_at_5": 0.18947,
        "recall_at_1": 0.02888,
        "recall_at_10": 0.10179,
        "recall_at_100": 0.22311,
        "recall_at_1000": 0.56278,
        "recall_at_20": 0.12559,
        "recall_at_3": 0.05645,
        "recall_at_5": 0.06917
      }
    ]
  },
  "task_name": "NFCorpus"
}