{
  "dataset_revision": "20a6d6f312dd54037fe07a32d58e5e168867909d",
  "evaluation_time": 61.101385831832886,
  "kg_co2_emissions": null,
  "mteb_version": "1.14.10",
  "scores": {
    "test": [
      {
        "cosine_pearson": 0.8039043774972523,
        "cosine_spearman": 0.7542751707240952,
        "euclidean_pearson": 0.783666188209174,
        "euclidean_spearman": 0.7542751287738212,
        "hf_subset": "default",
        "languages": [
          "eng-Latn"
        ],
        "main_score": 0.7542751707240952,
        "manhattan_pearson": 0.7826098056160877,
        "manhattan_spearman": 0.7523536675068645,
        "pearson": 0.8039043774972523,
        "spearman": 0.7542751707240952
      }
    ]
  },
  "task_name": "SICK-R"
}