{
  "dataset_revision": "ec0fa4fe99da2ff19ca1214b7966684033a58814",
  "evaluation_time": 3.0266239643096924,
  "kg_co2_emissions": null,
  "mteb_version": "1.14.12",
  "scores": {
    "test": [
      {
        "hf_subset": "default",
        "languages": [
          "eng-Latn"
        ],
        "main_score": 0.30066,
        "map_at_1": 0.04265,
        "map_at_10": 0.10661,
        "map_at_100": 0.13789,
        "map_at_1000": 0.15193,
        "map_at_20": 0.11936,
        "map_at_3": 0.07833,
        "map_at_5": 0.09082,
        "mrr_at_1": 0.4241486068111455,
        "mrr_at_10": 0.5021426114305371,
        "mrr_at_100": 0.5090160506538149,
        "mrr_at_1000": 0.5094158740083732,
        "mrr_at_20": 0.5062208111688601,
        "mrr_at_3": 0.4809081527347782,
        "mrr_at_5": 0.49344685242518066,
        "nauc_map_at_1000_diff1": 0.16070929356534785,
        "nauc_map_at_1000_max": 0.2807971316355259,
        "nauc_map_at_1000_std": 0.19806041513007197,
        "nauc_map_at_100_diff1": 0.18191095606193325,
        "nauc_map_at_100_max": 0.27045515354708194,
        "nauc_map_at_100_std": 0.16299309529138828,
        "nauc_map_at_10_diff1": 0.24012282800272883,
        "nauc_map_at_10_max": 0.2186569349187283,
        "nauc_map_at_10_std": 0.03929181602989594,
        "nauc_map_at_1_diff1": 0.3528329881509905,
        "nauc_map_at_1_max": 0.06274840031296261,
        "nauc_map_at_1_std": -0.08729055633154083,
        "nauc_map_at_20_diff1": 0.21673291599538508,
        "nauc_map_at_20_max": 0.24777778301839465,
        "nauc_map_at_20_std": 0.09404570172237472,
        "nauc_map_at_3_diff1": 0.275265290205645,
        "nauc_map_at_3_max": 0.12313381475762464,
        "nauc_map_at_3_std": -0.04090014826272919,
        "nauc_map_at_5_diff1": 0.2577257442695975,
        "nauc_map_at_5_max": 0.1671011890151109,
        "nauc_map_at_5_std": -0.01318723233348936,
        "nauc_mrr_at_1000_diff1": 0.23919451729349558,
        "nauc_mrr_at_1000_max": 0.41719041296051596,
        "nauc_mrr_at_1000_std": 0.2416569470005501,
        "nauc_mrr_at_100_diff1": 0.23918021552959517,
        "nauc_mrr_at_100_max": 0.4174070471567199,
        "nauc_mrr_at_100_std": 0.2419744354758582,
        "nauc_mrr_at_10_diff1": 0.2422424450704138,
        "nauc_mrr_at_10_max": 0.4156535666304721,
        "nauc_mrr_at_10_std": 0.2355071282622583,
        "nauc_mrr_at_1_diff1": 0.23285686003626205,
        "nauc_mrr_at_1_max": 0.35266137787100255,
        "nauc_mrr_at_1_std": 0.18639684653367822,
        "nauc_mrr_at_20_diff1": 0.23983161551298168,
        "nauc_mrr_at_20_max": 0.4159175052215403,
        "nauc_mrr_at_20_std": 0.23919208425331473,
        "nauc_mrr_at_3_diff1": 0.23183560607899353,
        "nauc_mrr_at_3_max": 0.4074590137742505,
        "nauc_mrr_at_3_std": 0.22904457866218378,
        "nauc_mrr_at_5_diff1": 0.23594375079667346,
        "nauc_mrr_at_5_max": 0.41897781070932905,
        "nauc_mrr_at_5_std": 0.2361177272346628,
        "nauc_ndcg_at_1000_diff1": 0.15032458506518023,
        "nauc_ndcg_at_1000_max": 0.43266284551753215,
        "nauc_ndcg_at_1000_std": 0.366458503989289,
        "nauc_ndcg_at_100_diff1": 0.14184286054710676,
        "nauc_ndcg_at_100_max": 0.3617242331120286,
        "nauc_ndcg_at_100_std": 0.29261492193693867,
        "nauc_ndcg_at_10_diff1": 0.118965524807834,
        "nauc_ndcg_at_10_max": 0.3485215076723939,
        "nauc_ndcg_at_10_std": 0.2641176118166573,
        "nauc_ndcg_at_1_diff1": 0.24473633469595588,
        "nauc_ndcg_at_1_max": 0.32450944883186217,
        "nauc_ndcg_at_1_std": 0.17406179565404506,
        "nauc_ndcg_at_20_diff1": 0.09559921458956862,
        "nauc_ndcg_at_20_max": 0.3342362987749975,
        "nauc_ndcg_at_20_std": 0.281857090913391,
        "nauc_ndcg_at_3_diff1": 0.1548817935218075,
        "nauc_ndcg_at_3_max": 0.33575397969876647,
        "nauc_ndcg_at_3_std": 0.2259324921263636,
        "nauc_ndcg_at_5_diff1": 0.14145074143070016,
        "nauc_ndcg_at_5_max": 0.34454989957684123,
        "nauc_ndcg_at_5_std": 0.24238334799190686,
        "nauc_precision_at_1000_diff1": -0.19965828489835477,
        "nauc_precision_at_1000_max": 0.09029264246515557,
        "nauc_precision_at_1000_std": 0.3059952644414862,
        "nauc_precision_at_100_diff1": -0.191766722183098,
        "nauc_precision_at_100_max": 0.20724685896671885,
        "nauc_precision_at_100_std": 0.4394421480905995,
        "nauc_precision_at_10_diff1": -0.040223667398499745,
        "nauc_precision_at_10_max": 0.3752001169872438,
        "nauc_precision_at_10_std": 0.3773240570312508,
        "nauc_precision_at_1_diff1": 0.24953356950883454,
        "nauc_precision_at_1_max": 0.35148979128813096,
        "nauc_precision_at_1_std": 0.17921980366026344,
        "nauc_precision_at_20_diff1": -0.12014058303628854,
        "nauc_precision_at_20_max": 0.31756100876135995,
        "nauc_precision_at_20_std": 0.43595913223767996,
        "nauc_precision_at_3_diff1": 0.07789597166032446,
        "nauc_precision_at_3_max": 0.3724850733417207,
        "nauc_precision_at_3_std": 0.28781569220958353,
        "nauc_precision_at_5_diff1": 0.028030506425684942,
        "nauc_precision_at_5_max": 0.38989531763107194,
        "nauc_precision_at_5_std": 0.32679992803799274,
        "nauc_recall_at_1000_diff1": 0.06702830035789668,
        "nauc_recall_at_1000_max": 0.2737884745312521,
        "nauc_recall_at_1000_std": 0.2815312034518364,
        "nauc_recall_at_100_diff1": 0.12300391195034077,
        "nauc_recall_at_100_max": 0.22460043992087064,
        "nauc_recall_at_100_std": 0.18514192952618624,
        "nauc_recall_at_10_diff1": 0.22465595608445474,
        "nauc_recall_at_10_max": 0.19683720222620316,
        "nauc_recall_at_10_std": 0.02511670139600484,
        "nauc_recall_at_1_diff1": 0.3528329881509905,
        "nauc_recall_at_1_max": 0.06274840031296261,
        "nauc_recall_at_1_std": -0.08729055633154083,
        "nauc_recall_at_20_diff1": 0.17032081941304186,
        "nauc_recall_at_20_max": 0.20409644586152156,
        "nauc_recall_at_20_std": 0.07571457146841559,
        "nauc_recall_at_3_diff1": 0.25613421404308306,
        "nauc_recall_at_3_max": 0.11420472885479392,
        "nauc_recall_at_3_std": -0.04698374638726428,
        "nauc_recall_at_5_diff1": 0.2384479043110367,
        "nauc_recall_at_5_max": 0.15390888540527634,
        "nauc_recall_at_5_std": -0.01912148583517204,
        "ndcg_at_1": 0.39938,
        "ndcg_at_10": 0.30066,
        "ndcg_at_100": 0.28463,
        "ndcg_at_1000": 0.37374,
        "ndcg_at_20": 0.28424,
        "ndcg_at_3": 0.35407,
        "ndcg_at_5": 0.32697,
        "precision_at_1": 0.41796,
        "precision_at_10": 0.22693,
        "precision_at_100": 0.07548,
        "precision_at_1000": 0.0205,
        "precision_at_20": 0.17059,
        "precision_at_3": 0.33127,
        "precision_at_5": 0.28173,
        "recall_at_1": 0.04265,
        "recall_at_10": 0.14358,
        "recall_at_100": 0.30288,
        "recall_at_1000": 0.61846,
        "recall_at_20": 0.18612,
        "recall_at_3": 0.08925,
        "recall_at_5": 0.10993
      }
    ]
  },
  "task_name": "NFCorpus"
}