{
  "dataset_revision": "ec0fa4fe99da2ff19ca1214b7966684033a58814",
  "evaluation_time": 239.7010281085968,
  "kg_co2_emissions": null,
  "mteb_version": "1.14.10",
  "scores": {
    "test": [
      {
        "hf_subset": "default",
        "languages": [
          "eng-Latn"
        ],
        "main_score": 0.02916,
        "map_at_1": 0.00107,
        "map_at_10": 0.00347,
        "map_at_100": 0.00695,
        "map_at_1000": 0.01339,
        "map_at_20": 0.00443,
        "map_at_3": 0.00233,
        "map_at_5": 0.0028,
        "mrr_at_1": 0.04643962848297214,
        "mrr_at_10": 0.08146837682441396,
        "mrr_at_100": 0.09206110999072922,
        "mrr_at_1000": 0.09372854448901854,
        "mrr_at_20": 0.08637468305789191,
        "mrr_at_3": 0.06811145510835913,
        "mrr_at_5": 0.07337461300309596,
        "nauc_map_at_1000_diff1": -0.08253529345515713,
        "nauc_map_at_1000_max": 0.17086087901117877,
        "nauc_map_at_1000_std": -0.06334030484035265,
        "nauc_map_at_100_diff1": -0.07225797314273676,
        "nauc_map_at_100_max": 0.1938111563551807,
        "nauc_map_at_100_std": -0.07255827704005816,
        "nauc_map_at_10_diff1": -0.03150647895253321,
        "nauc_map_at_10_max": 0.20979440502187283,
        "nauc_map_at_10_std": -0.015505368011551158,
        "nauc_map_at_1_diff1": 0.16937676738786453,
        "nauc_map_at_1_max": 0.1560981043052776,
        "nauc_map_at_1_std": 0.18300109615385826,
        "nauc_map_at_20_diff1": -0.049085333097331874,
        "nauc_map_at_20_max": 0.16026223389516542,
        "nauc_map_at_20_std": -0.038393136744862104,
        "nauc_map_at_3_diff1": 0.08961591003386772,
        "nauc_map_at_3_max": 0.26100248884803606,
        "nauc_map_at_3_std": -0.08819886974462271,
        "nauc_map_at_5_diff1": 0.0169578208776263,
        "nauc_map_at_5_max": 0.2946877219402596,
        "nauc_map_at_5_std": -0.06446068523078337,
        "nauc_mrr_at_1000_diff1": 0.048182148372875176,
        "nauc_mrr_at_1000_max": 0.15802903590344888,
        "nauc_mrr_at_1000_std": -0.03315471672782244,
        "nauc_mrr_at_100_diff1": 0.047839513454144444,
        "nauc_mrr_at_100_max": 0.15824763132932268,
        "nauc_mrr_at_100_std": -0.03383177986353042,
        "nauc_mrr_at_10_diff1": 0.06011232927129568,
        "nauc_mrr_at_10_max": 0.1606219027788951,
        "nauc_mrr_at_10_std": -0.017960738818698186,
        "nauc_mrr_at_1_diff1": 0.12619313600837484,
        "nauc_mrr_at_1_max": 0.15886518247352321,
        "nauc_mrr_at_1_std": 0.021105791891597163,
        "nauc_mrr_at_20_diff1": 0.0521075016888916,
        "nauc_mrr_at_20_max": 0.15564452040647053,
        "nauc_mrr_at_20_std": -0.028062143205642664,
        "nauc_mrr_at_3_diff1": 0.08697572009467804,
        "nauc_mrr_at_3_max": 0.19124480677323372,
        "nauc_mrr_at_3_std": -0.03347315324832641,
        "nauc_mrr_at_5_diff1": 0.06787373083354581,
        "nauc_mrr_at_5_max": 0.181390055304811,
        "nauc_mrr_at_5_std": -0.01632925056190317,
        "nauc_ndcg_at_1000_diff1": -0.050128653391128576,
        "nauc_ndcg_at_1000_max": 0.17466476013124463,
        "nauc_ndcg_at_1000_std": -0.11270900167388692,
        "nauc_ndcg_at_100_diff1": -0.06677226727523757,
        "nauc_ndcg_at_100_max": 0.1566615473342766,
        "nauc_ndcg_at_100_std": -0.09181505118046003,
        "nauc_ndcg_at_10_diff1": 0.00395736830741714,
        "nauc_ndcg_at_10_max": 0.128414740716902,
        "nauc_ndcg_at_10_std": -0.007009278623212191,
        "nauc_ndcg_at_1_diff1": 0.13470799966591723,
        "nauc_ndcg_at_1_max": 0.13148013571164724,
        "nauc_ndcg_at_1_std": 0.009177375979775259,
        "nauc_ndcg_at_20_diff1": -0.02890581237765818,
        "nauc_ndcg_at_20_max": 0.10014432290921513,
        "nauc_ndcg_at_20_std": -0.042407984841899435,
        "nauc_ndcg_at_3_diff1": 0.07883234576809346,
        "nauc_ndcg_at_3_max": 0.1789659183725202,
        "nauc_ndcg_at_3_std": -0.05228984271803018,
        "nauc_ndcg_at_5_diff1": 0.015001210716588553,
        "nauc_ndcg_at_5_max": 0.1750496452559072,
        "nauc_ndcg_at_5_std": -0.010076953014765506,
        "nauc_precision_at_1000_diff1": -0.05128299974593801,
        "nauc_precision_at_1000_max": 0.04395303343096926,
        "nauc_precision_at_1000_std": -0.0011554407891937255,
        "nauc_precision_at_100_diff1": -0.0816162475520862,
        "nauc_precision_at_100_max": 0.10704069385321334,
        "nauc_precision_at_100_std": -0.04428188636340988,
        "nauc_precision_at_10_diff1": -0.03303924973172797,
        "nauc_precision_at_10_max": 0.12414068186638118,
        "nauc_precision_at_10_std": -0.021965994203221508,
        "nauc_precision_at_1_diff1": 0.12619313600837484,
        "nauc_precision_at_1_max": 0.15886518247352321,
        "nauc_precision_at_1_std": 0.021105791891597163,
        "nauc_precision_at_20_diff1": -0.06782194534473454,
        "nauc_precision_at_20_max": 0.10347446481035194,
        "nauc_precision_at_20_std": -0.08158418094259592,
        "nauc_precision_at_3_diff1": 0.053981459973902135,
        "nauc_precision_at_3_max": 0.2138628033151759,
        "nauc_precision_at_3_std": -0.07295327979216876,
        "nauc_precision_at_5_diff1": -0.03978285182508402,
        "nauc_precision_at_5_max": 0.21100276301418433,
        "nauc_precision_at_5_std": -0.0023228988136097177,
        "nauc_recall_at_1000_diff1": -0.030426490358818514,
        "nauc_recall_at_1000_max": 0.1591859062142729,
        "nauc_recall_at_1000_std": -0.09287750388312278,
        "nauc_recall_at_100_diff1": -0.04289290515329522,
        "nauc_recall_at_100_max": 0.15015631865402526,
        "nauc_recall_at_100_std": -0.09882824286719719,
        "nauc_recall_at_10_diff1": -0.1596966041065731,
        "nauc_recall_at_10_max": 0.08053832012598434,
        "nauc_recall_at_10_std": 0.03642339627474255,
        "nauc_recall_at_1_diff1": 0.16937676738786453,
        "nauc_recall_at_1_max": 0.1560981043052776,
        "nauc_recall_at_1_std": 0.18300109615385826,
        "nauc_recall_at_20_diff1": -0.13453680425709247,
        "nauc_recall_at_20_max": -0.011711353416469988,
        "nauc_recall_at_20_std": -0.02633213623606926,
        "nauc_recall_at_3_diff1": -0.04131243376391674,
        "nauc_recall_at_3_max": 0.26945889351716557,
        "nauc_recall_at_3_std": -0.2014095955629857,
        "nauc_recall_at_5_diff1": -0.10174813383968886,
        "nauc_recall_at_5_max": 0.2857039241447365,
        "nauc_recall_at_5_std": -0.1260059842410018,
        "ndcg_at_1": 0.04025,
        "ndcg_at_10": 0.02916,
        "ndcg_at_100": 0.04417,
        "ndcg_at_1000": 0.14186,
        "ndcg_at_20": 0.03048,
        "ndcg_at_3": 0.03617,
        "ndcg_at_5": 0.03274,
        "precision_at_1": 0.04644,
        "precision_at_10": 0.02601,
        "precision_at_100": 0.01963,
        "precision_at_1000": 0.01374,
        "precision_at_20": 0.02523,
        "precision_at_3": 0.03818,
        "precision_at_5": 0.0322,
        "recall_at_1": 0.00107,
        "recall_at_10": 0.00962,
        "recall_at_100": 0.07067,
        "recall_at_1000": 0.40323,
        "recall_at_20": 0.01909,
        "recall_at_3": 0.00413,
        "recall_at_5": 0.00545
      }
    ]
  },
  "task_name": "NFCorpus"
}