{
  "dataset_revision": "ec0fa4fe99da2ff19ca1214b7966684033a58814",
  "evaluation_time": 3.0273683071136475,
  "kg_co2_emissions": null,
  "mteb_version": "1.14.12",
  "scores": {
    "test": [
      {
        "hf_subset": "default",
        "languages": [
          "eng-Latn"
        ],
        "main_score": 0.0149,
        "map_at_1": 0.00086,
        "map_at_10": 0.00188,
        "map_at_100": 0.00296,
        "map_at_1000": 0.00731,
        "map_at_20": 0.00206,
        "map_at_3": 0.00122,
        "map_at_5": 0.00165,
        "mrr_at_1": 0.018575851393188854,
        "mrr_at_10": 0.04464101430045701,
        "mrr_at_100": 0.05494078658680231,
        "mrr_at_1000": 0.05656387460374388,
        "mrr_at_20": 0.04971949243436556,
        "mrr_at_3": 0.03147574819401445,
        "mrr_at_5": 0.03875128998968008,
        "nauc_map_at_1000_diff1": 0.05491914311999237,
        "nauc_map_at_1000_max": -0.02309472997368174,
        "nauc_map_at_1000_std": 0.07851549420735816,
        "nauc_map_at_100_diff1": 0.013408732069644234,
        "nauc_map_at_100_max": -0.005628060449943686,
        "nauc_map_at_100_std": 0.08001929380222841,
        "nauc_map_at_10_diff1": 0.012802865379675737,
        "nauc_map_at_10_max": -0.014240521332527208,
        "nauc_map_at_10_std": 0.05730746901374109,
        "nauc_map_at_1_diff1": 0.0822577744324435,
        "nauc_map_at_1_max": -0.22915979877282236,
        "nauc_map_at_1_std": 0.2272541575559282,
        "nauc_map_at_20_diff1": 0.009441151803135265,
        "nauc_map_at_20_max": -0.030372456226300457,
        "nauc_map_at_20_std": 0.07166205473075526,
        "nauc_map_at_3_diff1": 0.044653626022647004,
        "nauc_map_at_3_max": -0.14772430431675507,
        "nauc_map_at_3_std": 0.21632371749294943,
        "nauc_map_at_5_diff1": 0.03759245365916982,
        "nauc_map_at_5_max": -0.06624170315490202,
        "nauc_map_at_5_std": 0.10880638631010968,
        "nauc_mrr_at_1000_diff1": 0.04102345080227408,
        "nauc_mrr_at_1000_max": -0.06651983875408038,
        "nauc_mrr_at_1000_std": 0.1208562628482479,
        "nauc_mrr_at_100_diff1": 0.04216305177023578,
        "nauc_mrr_at_100_max": -0.06914396446177697,
        "nauc_mrr_at_100_std": 0.1214070760631154,
        "nauc_mrr_at_10_diff1": 0.030913992908151198,
        "nauc_mrr_at_10_max": -0.05870493092140304,
        "nauc_mrr_at_10_std": 0.10776742024042187,
        "nauc_mrr_at_1_diff1": -0.012987704177917461,
        "nauc_mrr_at_1_max": -0.13152369540545725,
        "nauc_mrr_at_1_std": 0.21107527547789276,
        "nauc_mrr_at_20_diff1": 0.039008999793939264,
        "nauc_mrr_at_20_max": -0.07080339526859346,
        "nauc_mrr_at_20_std": 0.12687678145392783,
        "nauc_mrr_at_3_diff1": 0.06325665683057982,
        "nauc_mrr_at_3_max": -0.1269746815508352,
        "nauc_mrr_at_3_std": 0.2272354148522017,
        "nauc_mrr_at_5_diff1": 0.06549930708442024,
        "nauc_mrr_at_5_max": -0.08160365159044942,
        "nauc_mrr_at_5_std": 0.15078535789189204,
        "nauc_ndcg_at_1000_diff1": 0.008307010945098278,
        "nauc_ndcg_at_1000_max": 0.058361561771425326,
        "nauc_ndcg_at_1000_std": 0.009473555489018709,
        "nauc_ndcg_at_100_diff1": 0.013890975319924804,
        "nauc_ndcg_at_100_max": -0.0022430071778212247,
        "nauc_ndcg_at_100_std": 0.08584062776975794,
        "nauc_ndcg_at_10_diff1": 0.05021380462276024,
        "nauc_ndcg_at_10_max": -0.06566103183284097,
        "nauc_ndcg_at_10_std": 0.09636798387338512,
        "nauc_ndcg_at_1_diff1": 0.011971043906894222,
        "nauc_ndcg_at_1_max": -0.10548735224371282,
        "nauc_ndcg_at_1_std": 0.21101298149886338,
        "nauc_ndcg_at_20_diff1": 0.06515485316561785,
        "nauc_ndcg_at_20_max": -0.07833248167419557,
        "nauc_ndcg_at_20_std": 0.12064709120067639,
        "nauc_ndcg_at_3_diff1": 0.1308290314979551,
        "nauc_ndcg_at_3_max": -0.18042125856544222,
        "nauc_ndcg_at_3_std": 0.3086041703895829,
        "nauc_ndcg_at_5_diff1": 0.10656982131418091,
        "nauc_ndcg_at_5_max": -0.09237140885478201,
        "nauc_ndcg_at_5_std": 0.1761332775471862,
        "nauc_precision_at_1000_diff1": 0.11461151814078277,
        "nauc_precision_at_1000_max": -0.08227084741628801,
        "nauc_precision_at_1000_std": 0.08759515330667869,
        "nauc_precision_at_100_diff1": 0.10115213379053549,
        "nauc_precision_at_100_max": -0.09927480461697002,
        "nauc_precision_at_100_std": 0.14343960435814204,
        "nauc_precision_at_10_diff1": 0.033726568611189646,
        "nauc_precision_at_10_max": -0.023196811608434807,
        "nauc_precision_at_10_std": 0.013164365258713619,
        "nauc_precision_at_1_diff1": -0.012987704177917461,
        "nauc_precision_at_1_max": -0.13152369540545725,
        "nauc_precision_at_1_std": 0.21107527547789276,
        "nauc_precision_at_20_diff1": 0.07848782072713013,
        "nauc_precision_at_20_max": -0.08467285957713418,
        "nauc_precision_at_20_std": 0.11410629137352067,
        "nauc_precision_at_3_diff1": 0.1458717016603027,
        "nauc_precision_at_3_max": -0.13498039342952434,
        "nauc_precision_at_3_std": 0.2368024403914158,
        "nauc_precision_at_5_diff1": 0.11979403705201758,
        "nauc_precision_at_5_max": -0.04452168001361919,
        "nauc_precision_at_5_std": 0.09129654233162061,
        "nauc_recall_at_1000_diff1": -0.07710749692776,
        "nauc_recall_at_1000_max": 0.11569092133125196,
        "nauc_recall_at_1000_std": -0.05070540981292827,
        "nauc_recall_at_100_diff1": -0.048414158419293356,
        "nauc_recall_at_100_max": 0.09415912925566733,
        "nauc_recall_at_100_std": 0.00688322308312593,
        "nauc_recall_at_10_diff1": -0.058182151735519154,
        "nauc_recall_at_10_max": 0.1559340857781053,
        "nauc_recall_at_10_std": -0.11636465185697147,
        "nauc_recall_at_1_diff1": 0.0822577744324435,
        "nauc_recall_at_1_max": -0.22915979877282236,
        "nauc_recall_at_1_std": 0.2272541575559282,
        "nauc_recall_at_20_diff1": -0.06119435300276528,
        "nauc_recall_at_20_max": 0.06879052009535536,
        "nauc_recall_at_20_std": -0.009275319469112732,
        "nauc_recall_at_3_diff1": -0.006703274655483051,
        "nauc_recall_at_3_max": -0.04087965272327015,
        "nauc_recall_at_3_std": 0.14550555446743088,
        "nauc_recall_at_5_diff1": -0.007144461263500624,
        "nauc_recall_at_5_max": 0.07352102544195731,
        "nauc_recall_at_5_std": -0.042492454807479825,
        "ndcg_at_1": 0.01548,
        "ndcg_at_10": 0.0149,
        "ndcg_at_100": 0.02383,
        "ndcg_at_1000": 0.10834,
        "ndcg_at_20": 0.01457,
        "ndcg_at_3": 0.01615,
        "ndcg_at_5": 0.01574,
        "precision_at_1": 0.01858,
        "precision_at_10": 0.01486,
        "precision_at_100": 0.01279,
        "precision_at_1000": 0.01149,
        "precision_at_20": 0.013,
        "precision_at_3": 0.01858,
        "precision_at_5": 0.01734,
        "recall_at_1": 0.00086,
        "recall_at_10": 0.00497,
        "recall_at_100": 0.03309,
        "recall_at_1000": 0.32325,
        "recall_at_20": 0.00719,
        "recall_at_3": 0.0017,
        "recall_at_5": 0.00358
      }
    ]
  },
  "task_name": "NFCorpus"
}