{
  "dataset_revision": "ec0fa4fe99da2ff19ca1214b7966684033a58814",
  "evaluation_time": 3.0037248134613037,
  "kg_co2_emissions": null,
  "mteb_version": "1.14.12",
  "scores": {
    "test": [
      {
        "hf_subset": "default",
        "languages": [
          "eng-Latn"
        ],
        "main_score": 0.12174,
        "map_at_1": 0.01301,
        "map_at_10": 0.03346,
        "map_at_100": 0.04461,
        "map_at_1000": 0.0545,
        "map_at_20": 0.03719,
        "map_at_3": 0.02294,
        "map_at_5": 0.02723,
        "mrr_at_1": 0.16408668730650156,
        "mrr_at_10": 0.24182146542827662,
        "mrr_at_100": 0.2515726405344738,
        "mrr_at_1000": 0.2527046908257212,
        "mrr_at_20": 0.24724148589468886,
        "mrr_at_3": 0.21671826625386997,
        "mrr_at_5": 0.23126934984520128,
        "nauc_map_at_1000_diff1": 0.040798622312322244,
        "nauc_map_at_1000_max": 0.29422960265881437,
        "nauc_map_at_1000_std": 0.1200534272880135,
        "nauc_map_at_100_diff1": 0.0465767146513878,
        "nauc_map_at_100_max": 0.27989711471801665,
        "nauc_map_at_100_std": 0.1101510545987198,
        "nauc_map_at_10_diff1": 0.06731159883915197,
        "nauc_map_at_10_max": 0.2595662534046785,
        "nauc_map_at_10_std": 0.04462930817991725,
        "nauc_map_at_1_diff1": 0.20911726418414425,
        "nauc_map_at_1_max": 0.2883916572311359,
        "nauc_map_at_1_std": -0.022625345392734017,
        "nauc_map_at_20_diff1": 0.0547006222288335,
        "nauc_map_at_20_max": 0.26524979246508246,
        "nauc_map_at_20_std": 0.08354505628045626,
        "nauc_map_at_3_diff1": 0.12085854695452419,
        "nauc_map_at_3_max": 0.22918802751724968,
        "nauc_map_at_3_std": -0.010287569513443449,
        "nauc_map_at_5_diff1": 0.08063381327286248,
        "nauc_map_at_5_max": 0.23434151610891307,
        "nauc_map_at_5_std": 0.009887648425815262,
        "nauc_mrr_at_1000_diff1": 0.00517638399478184,
        "nauc_mrr_at_1000_max": 0.2834708862417554,
        "nauc_mrr_at_1000_std": 0.06016404334983777,
        "nauc_mrr_at_100_diff1": 0.0053790850417857515,
        "nauc_mrr_at_100_max": 0.2836693193261514,
        "nauc_mrr_at_100_std": 0.06076119203048422,
        "nauc_mrr_at_10_diff1": 0.0028980632859500694,
        "nauc_mrr_at_10_max": 0.27892121841193135,
        "nauc_mrr_at_10_std": 0.05785662119952031,
        "nauc_mrr_at_1_diff1": 0.035509093488927244,
        "nauc_mrr_at_1_max": 0.27986104029403586,
        "nauc_mrr_at_1_std": 0.07195417969655019,
        "nauc_mrr_at_20_diff1": 0.005633515123413645,
        "nauc_mrr_at_20_max": 0.28044606230943175,
        "nauc_mrr_at_20_std": 0.06006707762797072,
        "nauc_mrr_at_3_diff1": 0.010922391341462286,
        "nauc_mrr_at_3_max": 0.26595970888382137,
        "nauc_mrr_at_3_std": 0.07167051186354413,
        "nauc_mrr_at_5_diff1": 0.002007644150886724,
        "nauc_mrr_at_5_max": 0.27215764945674426,
        "nauc_mrr_at_5_std": 0.05977515334628721,
        "nauc_ndcg_at_1000_diff1": 0.0016269722619887698,
        "nauc_ndcg_at_1000_max": 0.37036125891424737,
        "nauc_ndcg_at_1000_std": 0.10524479831608927,
        "nauc_ndcg_at_100_diff1": 0.035253781976121744,
        "nauc_ndcg_at_100_max": 0.32150383160160545,
        "nauc_ndcg_at_100_std": 0.1121970143508249,
        "nauc_ndcg_at_10_diff1": 0.023269501310192293,
        "nauc_ndcg_at_10_max": 0.3368033572484804,
        "nauc_ndcg_at_10_std": 0.123863558971193,
        "nauc_ndcg_at_1_diff1": 0.06586675538962451,
        "nauc_ndcg_at_1_max": 0.28616275416271164,
        "nauc_ndcg_at_1_std": 0.10726937762594523,
        "nauc_ndcg_at_20_diff1": 0.04348433165947679,
        "nauc_ndcg_at_20_max": 0.32619988797767724,
        "nauc_ndcg_at_20_std": 0.1351791041010108,
        "nauc_ndcg_at_3_diff1": 0.017137797279373555,
        "nauc_ndcg_at_3_max": 0.311985521540845,
        "nauc_ndcg_at_3_std": 0.1454439863291488,
        "nauc_ndcg_at_5_diff1": 0.007569386543507387,
        "nauc_ndcg_at_5_max": 0.3119949129862215,
        "nauc_ndcg_at_5_std": 0.11661939637758202,
        "nauc_precision_at_1000_diff1": -0.03132227276544725,
        "nauc_precision_at_1000_max": 0.12271629946964378,
        "nauc_precision_at_1000_std": 0.0453578254974375,
        "nauc_precision_at_100_diff1": -0.028397935749347528,
        "nauc_precision_at_100_max": 0.25178809938437596,
        "nauc_precision_at_100_std": 0.1823010792936393,
        "nauc_precision_at_10_diff1": -0.06638560979335792,
        "nauc_precision_at_10_max": 0.3430831533997163,
        "nauc_precision_at_10_std": 0.18110990505713695,
        "nauc_precision_at_1_diff1": 0.035509093488927244,
        "nauc_precision_at_1_max": 0.27986104029403586,
        "nauc_precision_at_1_std": 0.07195417969655019,
        "nauc_precision_at_20_diff1": -0.05988902900796015,
        "nauc_precision_at_20_max": 0.33372347376814343,
        "nauc_precision_at_20_std": 0.22791158905582534,
        "nauc_precision_at_3_diff1": -0.030853746337846696,
        "nauc_precision_at_3_max": 0.3169281586881234,
        "nauc_precision_at_3_std": 0.15469078853092919,
        "nauc_precision_at_5_diff1": -0.055757710891600754,
        "nauc_precision_at_5_max": 0.31888241450351207,
        "nauc_precision_at_5_std": 0.12545057365537948,
        "nauc_recall_at_1000_diff1": 0.07655438541463447,
        "nauc_recall_at_1000_max": 0.1931931028415716,
        "nauc_recall_at_1000_std": 0.0745926529772471,
        "nauc_recall_at_100_diff1": 0.07994416536002065,
        "nauc_recall_at_100_max": 0.21196608827375538,
        "nauc_recall_at_100_std": 0.07254037258400085,
        "nauc_recall_at_10_diff1": 0.09639989228829403,
        "nauc_recall_at_10_max": 0.22968503474358767,
        "nauc_recall_at_10_std": -0.015047413474799473,
        "nauc_recall_at_1_diff1": 0.20911726418414425,
        "nauc_recall_at_1_max": 0.2883916572311359,
        "nauc_recall_at_1_std": -0.022625345392734017,
        "nauc_recall_at_20_diff1": 0.12342490134051312,
        "nauc_recall_at_20_max": 0.2032923720942322,
        "nauc_recall_at_20_std": 0.06326995254805035,
        "nauc_recall_at_3_diff1": 0.12082139653776798,
        "nauc_recall_at_3_max": 0.17207420116884387,
        "nauc_recall_at_3_std": -0.047748940535098476,
        "nauc_recall_at_5_diff1": 0.0730428063448133,
        "nauc_recall_at_5_max": 0.16381574790276746,
        "nauc_recall_at_5_std": -0.047451686659137175,
        "ndcg_at_1": 0.15015,
        "ndcg_at_10": 0.12174,
        "ndcg_at_100": 0.13217,
        "ndcg_at_1000": 0.23468,
        "ndcg_at_20": 0.1143,
        "ndcg_at_3": 0.13359,
        "ndcg_at_5": 0.12714,
        "precision_at_1": 0.16409,
        "precision_at_10": 0.09814,
        "precision_at_100": 0.03867,
        "precision_at_1000": 0.01682,
        "precision_at_20": 0.07028,
        "precision_at_3": 0.13003,
        "precision_at_5": 0.11579,
        "recall_at_1": 0.01301,
        "recall_at_10": 0.06001,
        "recall_at_100": 0.17094,
        "recall_at_1000": 0.51865,
        "recall_at_20": 0.08151,
        "recall_at_3": 0.03029,
        "recall_at_5": 0.04109
      }
    ]
  },
  "task_name": "NFCorpus"
}