{
  "dataset_revision": "ec0fa4fe99da2ff19ca1214b7966684033a58814",
  "evaluation_time": 214.50884294509888,
  "kg_co2_emissions": null,
  "mteb_version": "1.14.10",
  "scores": {
    "test": [
      {
        "hf_subset": "default",
        "languages": [
          "eng-Latn"
        ],
        "main_score": 0.01569,
        "map_at_1": 0.00018,
        "map_at_10": 0.00121,
        "map_at_100": 0.00289,
        "map_at_1000": 0.00777,
        "map_at_20": 0.00167,
        "map_at_3": 0.00049,
        "map_at_5": 0.00071,
        "mrr_at_1": 0.015479876160990712,
        "mrr_at_10": 0.041020443265025304,
        "mrr_at_100": 0.05376919543817723,
        "mrr_at_1000": 0.05533078110586179,
        "mrr_at_20": 0.047157789700131715,
        "mrr_at_3": 0.02941176470588236,
        "mrr_at_5": 0.034984520123839014,
        "nauc_map_at_1000_diff1": 0.0048368542080007,
        "nauc_map_at_1000_max": 0.12551407519546176,
        "nauc_map_at_1000_std": -0.0762243753893706,
        "nauc_map_at_100_diff1": 0.03907047485368005,
        "nauc_map_at_100_max": 0.04698412945635929,
        "nauc_map_at_100_std": 0.005834010923987437,
        "nauc_map_at_10_diff1": -0.07132380895197801,
        "nauc_map_at_10_max": 0.08062247742344941,
        "nauc_map_at_10_std": -0.06779184173291972,
        "nauc_map_at_1_diff1": 0.14879699164589585,
        "nauc_map_at_1_max": -0.04668103340765211,
        "nauc_map_at_1_std": -0.03723026375205223,
        "nauc_map_at_20_diff1": 0.03557067015069722,
        "nauc_map_at_20_max": 0.010114229846619409,
        "nauc_map_at_20_std": 0.027085153118976572,
        "nauc_map_at_3_diff1": 0.0018642037843827044,
        "nauc_map_at_3_max": -0.06626699639734812,
        "nauc_map_at_3_std": 0.09044911361726118,
        "nauc_map_at_5_diff1": 0.021300403742878993,
        "nauc_map_at_5_max": -0.048902986168133225,
        "nauc_map_at_5_std": 0.06855262920330576,
        "nauc_mrr_at_1000_diff1": 0.13595405384637735,
        "nauc_mrr_at_1000_max": 0.04492382479146275,
        "nauc_mrr_at_1000_std": 0.04393446435190521,
        "nauc_mrr_at_100_diff1": 0.13745177472551012,
        "nauc_mrr_at_100_max": 0.04342813636540649,
        "nauc_mrr_at_100_std": 0.04586925564748833,
        "nauc_mrr_at_10_diff1": 0.1711733607943679,
        "nauc_mrr_at_10_max": 0.0512821323166683,
        "nauc_mrr_at_10_std": 0.06874314747138124,
        "nauc_mrr_at_1_diff1": 0.21395043505941463,
        "nauc_mrr_at_1_max": 0.12868336359210764,
        "nauc_mrr_at_1_std": 0.02120492145398766,
        "nauc_mrr_at_20_diff1": 0.157893808842188,
        "nauc_mrr_at_20_max": 0.03648189576280186,
        "nauc_mrr_at_20_std": 0.06208869721995412,
        "nauc_mrr_at_3_diff1": 0.20430512886279426,
        "nauc_mrr_at_3_max": 0.03720324021138717,
        "nauc_mrr_at_3_std": 0.09090056362407808,
        "nauc_mrr_at_5_diff1": 0.18968324267573528,
        "nauc_mrr_at_5_max": 0.043954781768221485,
        "nauc_mrr_at_5_std": 0.08400571231428762,
        "nauc_ndcg_at_1000_diff1": -0.045740671605354714,
        "nauc_ndcg_at_1000_max": 0.11584439367749039,
        "nauc_ndcg_at_1000_std": -0.146392080441515,
        "nauc_ndcg_at_100_diff1": 0.03384559006376285,
        "nauc_ndcg_at_100_max": 0.1026693964581263,
        "nauc_ndcg_at_100_std": -0.05148606728998442,
        "nauc_ndcg_at_10_diff1": 0.12424170556264862,
        "nauc_ndcg_at_10_max": 0.10850886466732539,
        "nauc_ndcg_at_10_std": 0.034733648181820946,
        "nauc_ndcg_at_1_diff1": 0.21395043505941463,
        "nauc_ndcg_at_1_max": 0.12868336359210764,
        "nauc_ndcg_at_1_std": 0.02120492145398766,
        "nauc_ndcg_at_20_diff1": 0.1243153767375933,
        "nauc_ndcg_at_20_max": 0.0736131385066647,
        "nauc_ndcg_at_20_std": 0.031825695502823374,
        "nauc_ndcg_at_3_diff1": 0.1951031338015524,
        "nauc_ndcg_at_3_max": 0.029735812178790136,
        "nauc_ndcg_at_3_std": 0.09565422372785037,
        "nauc_ndcg_at_5_diff1": 0.16586108220038348,
        "nauc_ndcg_at_5_max": 0.02592139464492864,
        "nauc_ndcg_at_5_std": 0.09061242598311427,
        "nauc_precision_at_1000_diff1": -0.038336757126052334,
        "nauc_precision_at_1000_max": 0.18479858132263657,
        "nauc_precision_at_1000_std": -0.1486259233214923,
        "nauc_precision_at_100_diff1": 0.029885881531552496,
        "nauc_precision_at_100_max": 0.13322733295934483,
        "nauc_precision_at_100_std": -0.06332984515883013,
        "nauc_precision_at_10_diff1": 0.1177125396881102,
        "nauc_precision_at_10_max": 0.14802142406558985,
        "nauc_precision_at_10_std": 0.026450420608964093,
        "nauc_precision_at_1_diff1": 0.21395043505941463,
        "nauc_precision_at_1_max": 0.12868336359210764,
        "nauc_precision_at_1_std": 0.02120492145398766,
        "nauc_precision_at_20_diff1": 0.13577072102366772,
        "nauc_precision_at_20_max": 0.0840772797751173,
        "nauc_precision_at_20_std": 0.035851179457247494,
        "nauc_precision_at_3_diff1": 0.19725522860335123,
        "nauc_precision_at_3_max": -0.006214669361679539,
        "nauc_precision_at_3_std": 0.10326282388684263,
        "nauc_precision_at_5_diff1": 0.1582440092092684,
        "nauc_precision_at_5_max": 0.015115613369599346,
        "nauc_precision_at_5_std": 0.08893193273206595,
        "nauc_recall_at_1000_diff1": -0.017912185939530794,
        "nauc_recall_at_1000_max": 0.05047119425002822,
        "nauc_recall_at_1000_std": -0.11737210420440497,
        "nauc_recall_at_100_diff1": -0.025093596875101307,
        "nauc_recall_at_100_max": 0.10368135326812526,
        "nauc_recall_at_100_std": -0.07967544850314706,
        "nauc_recall_at_10_diff1": -0.10556809009709786,
        "nauc_recall_at_10_max": 0.05999067558010089,
        "nauc_recall_at_10_std": -0.15269912081714,
        "nauc_recall_at_1_diff1": 0.14879699164589585,
        "nauc_recall_at_1_max": -0.04668103340765211,
        "nauc_recall_at_1_std": -0.03723026375205223,
        "nauc_recall_at_20_diff1": 0.09770384031588004,
        "nauc_recall_at_20_max": -0.06250403581252552,
        "nauc_recall_at_20_std": 0.05475812215985988,
        "nauc_recall_at_3_diff1": -0.003934609426621865,
        "nauc_recall_at_3_max": -0.08426391562087562,
        "nauc_recall_at_3_std": 0.11681943738452696,
        "nauc_recall_at_5_diff1": 0.04642268872169691,
        "nauc_recall_at_5_max": -0.013474521299905978,
        "nauc_recall_at_5_std": 0.04898414389067174,
        "ndcg_at_1": 0.01548,
        "ndcg_at_10": 0.01569,
        "ndcg_at_100": 0.0281,
        "ndcg_at_1000": 0.11772,
        "ndcg_at_20": 0.01711,
        "ndcg_at_3": 0.01563,
        "ndcg_at_5": 0.01487,
        "precision_at_1": 0.01548,
        "precision_at_10": 0.01548,
        "precision_at_100": 0.0148,
        "precision_at_1000": 0.01221,
        "precision_at_20": 0.01641,
        "precision_at_3": 0.01548,
        "precision_at_5": 0.01486,
        "recall_at_1": 0.00018,
        "recall_at_10": 0.00489,
        "recall_at_100": 0.04464,
        "recall_at_1000": 0.35525,
        "recall_at_20": 0.00973,
        "recall_at_3": 0.00085,
        "recall_at_5": 0.00173
      }
    ]
  },
  "task_name": "NFCorpus"
}