{
  "dataset_revision": "ec0fa4fe99da2ff19ca1214b7966684033a58814",
  "evaluation_time": 2.9835550785064697,
  "kg_co2_emissions": null,
  "mteb_version": "1.14.12",
  "scores": {
    "test": [
      {
        "hf_subset": "default",
        "languages": [
          "eng-Latn"
        ],
        "main_score": 0.04903,
        "map_at_1": 0.00315,
        "map_at_10": 0.01032,
        "map_at_100": 0.01538,
        "map_at_1000": 0.02241,
        "map_at_20": 0.01205,
        "map_at_3": 0.00798,
        "map_at_5": 0.00868,
        "mrr_at_1": 0.058823529411764705,
        "mrr_at_10": 0.11763108752272844,
        "mrr_at_100": 0.12924387076627816,
        "mrr_at_1000": 0.13046767531661144,
        "mrr_at_20": 0.12339999964102573,
        "mrr_at_3": 0.09855521155830752,
        "mrr_at_5": 0.11140350877192985,
        "nauc_map_at_1000_diff1": 0.16044937879338148,
        "nauc_map_at_1000_max": 0.1544088816660905,
        "nauc_map_at_1000_std": 0.04638605556985801,
        "nauc_map_at_100_diff1": 0.1757855549867389,
        "nauc_map_at_100_max": 0.13080245586307052,
        "nauc_map_at_100_std": 0.07765275193638407,
        "nauc_map_at_10_diff1": 0.1905678145177329,
        "nauc_map_at_10_max": 0.124734900150461,
        "nauc_map_at_10_std": 0.09676521231368736,
        "nauc_map_at_1_diff1": -0.07103861103160306,
        "nauc_map_at_1_max": -0.12164279553743741,
        "nauc_map_at_1_std": 0.09512084675423085,
        "nauc_map_at_20_diff1": 0.18793424975216025,
        "nauc_map_at_20_max": 0.13491115084298286,
        "nauc_map_at_20_std": 0.08553434093472008,
        "nauc_map_at_3_diff1": 0.1365667220630461,
        "nauc_map_at_3_max": 0.14800243931872487,
        "nauc_map_at_3_std": 0.022659294815184496,
        "nauc_map_at_5_diff1": 0.13766894890138137,
        "nauc_map_at_5_max": 0.14671878804373117,
        "nauc_map_at_5_std": 0.03194151706031238,
        "nauc_mrr_at_1000_diff1": 0.06498941896003041,
        "nauc_mrr_at_1000_max": 0.10173646420907216,
        "nauc_mrr_at_1000_std": -0.023436490162146547,
        "nauc_mrr_at_100_diff1": 0.06495905073773621,
        "nauc_mrr_at_100_max": 0.10198302288918959,
        "nauc_mrr_at_100_std": -0.02353355001879261,
        "nauc_mrr_at_10_diff1": 0.07978216518501123,
        "nauc_mrr_at_10_max": 0.10069479859811666,
        "nauc_mrr_at_10_std": -0.010132824717540796,
        "nauc_mrr_at_1_diff1": -0.015701478792398964,
        "nauc_mrr_at_1_max": -0.0102168531084317,
        "nauc_mrr_at_1_std": 0.0491636353697721,
        "nauc_mrr_at_20_diff1": 0.06520490647393526,
        "nauc_mrr_at_20_max": 0.10004628539381775,
        "nauc_mrr_at_20_std": -0.020164173684780726,
        "nauc_mrr_at_3_diff1": 0.06232814086886981,
        "nauc_mrr_at_3_max": 0.06639210539096654,
        "nauc_mrr_at_3_std": 0.00032127575958023014,
        "nauc_mrr_at_5_diff1": 0.06941904985527232,
        "nauc_mrr_at_5_max": 0.08872590588740696,
        "nauc_mrr_at_5_std": -0.017627321627801854,
        "nauc_ndcg_at_1000_diff1": 0.08995101400948878,
        "nauc_ndcg_at_1000_max": 0.2111315522599489,
        "nauc_ndcg_at_1000_std": -0.06457901898274897,
        "nauc_ndcg_at_100_diff1": 0.1209931920013829,
        "nauc_ndcg_at_100_max": 0.14885593066184352,
        "nauc_ndcg_at_100_std": -0.00830816328988442,
        "nauc_ndcg_at_10_diff1": 0.14936059730234497,
        "nauc_ndcg_at_10_max": 0.18205085935115195,
        "nauc_ndcg_at_10_std": 0.01402515158689107,
        "nauc_ndcg_at_1_diff1": -0.02231599461762085,
        "nauc_ndcg_at_1_max": 0.01638800410190644,
        "nauc_ndcg_at_1_std": 0.031061234880122742,
        "nauc_ndcg_at_20_diff1": 0.12127538821848313,
        "nauc_ndcg_at_20_max": 0.1839528782253177,
        "nauc_ndcg_at_20_std": -0.0016298819447739098,
        "nauc_ndcg_at_3_diff1": 0.08427471470126119,
        "nauc_ndcg_at_3_max": 0.14547150079714832,
        "nauc_ndcg_at_3_std": -0.03793490223378058,
        "nauc_ndcg_at_5_diff1": 0.10008325522968536,
        "nauc_ndcg_at_5_max": 0.17454425690438752,
        "nauc_ndcg_at_5_std": -0.04136263712074755,
        "nauc_precision_at_1000_diff1": 0.10887193283876122,
        "nauc_precision_at_1000_max": 0.13086366605038063,
        "nauc_precision_at_1000_std": -0.12156840264710297,
        "nauc_precision_at_100_diff1": 0.07993176751397399,
        "nauc_precision_at_100_max": 0.1778303080528834,
        "nauc_precision_at_100_std": -0.06517345162294687,
        "nauc_precision_at_10_diff1": 0.16296585580135112,
        "nauc_precision_at_10_max": 0.21595864548265664,
        "nauc_precision_at_10_std": -0.0016238410818662685,
        "nauc_precision_at_1_diff1": -0.015701478792398964,
        "nauc_precision_at_1_max": -0.0102168531084317,
        "nauc_precision_at_1_std": 0.0491636353697721,
        "nauc_precision_at_20_diff1": 0.09684929640958385,
        "nauc_precision_at_20_max": 0.20842670726951254,
        "nauc_precision_at_20_std": -0.0454068153795374,
        "nauc_precision_at_3_diff1": 0.09160800197435401,
        "nauc_precision_at_3_max": 0.1569539319643516,
        "nauc_precision_at_3_std": -0.04788171644641573,
        "nauc_precision_at_5_diff1": 0.09320168907558525,
        "nauc_precision_at_5_max": 0.2046489523512903,
        "nauc_precision_at_5_std": -0.06868891620697794,
        "nauc_recall_at_1000_diff1": 0.07097548442355138,
        "nauc_recall_at_1000_max": 0.16856676247402075,
        "nauc_recall_at_1000_std": -0.055003230487492824,
        "nauc_recall_at_100_diff1": 0.1427594306164371,
        "nauc_recall_at_100_max": 0.08179169210050191,
        "nauc_recall_at_100_std": 0.003284720643850758,
        "nauc_recall_at_10_diff1": 0.2841248462365003,
        "nauc_recall_at_10_max": 0.15053266503303148,
        "nauc_recall_at_10_std": 0.12487280242315614,
        "nauc_recall_at_1_diff1": -0.07103861103160306,
        "nauc_recall_at_1_max": -0.12164279553743741,
        "nauc_recall_at_1_std": 0.09512084675423085,
        "nauc_recall_at_20_diff1": 0.2200879708939132,
        "nauc_recall_at_20_max": 0.1558739163261256,
        "nauc_recall_at_20_std": 0.06214144878294002,
        "nauc_recall_at_3_diff1": 0.18447076210294672,
        "nauc_recall_at_3_max": 0.16039162052872974,
        "nauc_recall_at_3_std": 0.028614201187249656,
        "nauc_recall_at_5_diff1": 0.1819812109002072,
        "nauc_recall_at_5_max": 0.15104538258651545,
        "nauc_recall_at_5_std": 0.03813098179940078,
        "ndcg_at_1": 0.05418,
        "ndcg_at_10": 0.04903,
        "ndcg_at_100": 0.06643,
        "ndcg_at_1000": 0.16218,
        "ndcg_at_20": 0.04999,
        "ndcg_at_3": 0.05789,
        "ndcg_at_5": 0.05424,
        "precision_at_1": 0.05882,
        "precision_at_10": 0.03839,
        "precision_at_100": 0.02347,
        "precision_at_1000": 0.01418,
        "precision_at_20": 0.03421,
        "precision_at_3": 0.05779,
        "precision_at_5": 0.05015,
        "recall_at_1": 0.00315,
        "recall_at_10": 0.02289,
        "recall_at_100": 0.09293,
        "recall_at_1000": 0.41626,
        "recall_at_20": 0.03434,
        "recall_at_3": 0.01334,
        "recall_at_5": 0.01537
      }
    ]
  },
  "task_name": "NFCorpus"
}