{
  "dataset_revision": "ec0fa4fe99da2ff19ca1214b7966684033a58814",
  "evaluation_time": 3.0050294399261475,
  "kg_co2_emissions": null,
  "mteb_version": "1.14.12",
  "scores": {
    "test": [
      {
        "hf_subset": "default",
        "languages": [
          "eng-Latn"
        ],
        "main_score": 0.01445,
        "map_at_1": 0.00014,
        "map_at_10": 0.00142,
        "map_at_100": 0.00282,
        "map_at_1000": 0.00683,
        "map_at_20": 0.00162,
        "map_at_3": 0.00054,
        "map_at_5": 0.00103,
        "mrr_at_1": 0.018575851393188854,
        "mrr_at_10": 0.03788638262322473,
        "mrr_at_100": 0.04688015719122449,
        "mrr_at_1000": 0.048940635582577545,
        "mrr_at_20": 0.041191644649935244,
        "mrr_at_3": 0.02992776057791538,
        "mrr_at_5": 0.0325593395252838,
        "nauc_map_at_1000_diff1": 0.038194725007806025,
        "nauc_map_at_1000_max": 0.06363277477378132,
        "nauc_map_at_1000_std": 0.09006723374737939,
        "nauc_map_at_100_diff1": 0.03680533116896405,
        "nauc_map_at_100_max": 0.050695258072765044,
        "nauc_map_at_100_std": 0.06000811564215814,
        "nauc_map_at_10_diff1": -0.06692459348104461,
        "nauc_map_at_10_max": 0.23758628248150843,
        "nauc_map_at_10_std": -0.10973396990857599,
        "nauc_map_at_1_diff1": 0.3366998938753053,
        "nauc_map_at_1_max": -0.45538239063031066,
        "nauc_map_at_1_std": 0.3013473880146275,
        "nauc_map_at_20_diff1": -0.05945589603707373,
        "nauc_map_at_20_max": 0.2247345948777339,
        "nauc_map_at_20_std": -0.095567776292039,
        "nauc_map_at_3_diff1": -0.030671844438585588,
        "nauc_map_at_3_max": 0.24577563055896998,
        "nauc_map_at_3_std": -0.08954686445530571,
        "nauc_map_at_5_diff1": -0.1442871497030273,
        "nauc_map_at_5_max": 0.2937591999521173,
        "nauc_map_at_5_std": -0.1917543538140359,
        "nauc_mrr_at_1000_diff1": -0.0034105205510800702,
        "nauc_mrr_at_1000_max": -0.01985437420061438,
        "nauc_mrr_at_1000_std": 0.016218280161574835,
        "nauc_mrr_at_100_diff1": -0.003948643914977976,
        "nauc_mrr_at_100_max": -0.02090131249014347,
        "nauc_mrr_at_100_std": 0.017743081990438916,
        "nauc_mrr_at_10_diff1": 0.0171565229418727,
        "nauc_mrr_at_10_max": -0.044685731408615176,
        "nauc_mrr_at_10_std": 0.034090969883405264,
        "nauc_mrr_at_1_diff1": 0.07190720533821322,
        "nauc_mrr_at_1_max": -0.2424757177453597,
        "nauc_mrr_at_1_std": 0.031094864279430433,
        "nauc_mrr_at_20_diff1": 0.0025812836109472734,
        "nauc_mrr_at_20_max": -0.017118838956746346,
        "nauc_mrr_at_20_std": 0.025965270240158777,
        "nauc_mrr_at_3_diff1": 0.009841799171593505,
        "nauc_mrr_at_3_max": -0.0671989655582402,
        "nauc_mrr_at_3_std": 0.061094658096977866,
        "nauc_mrr_at_5_diff1": 0.005923709489182001,
        "nauc_mrr_at_5_max": -0.07351263263736892,
        "nauc_mrr_at_5_std": 0.040527968718727436,
        "nauc_ndcg_at_1000_diff1": 0.0303712132360525,
        "nauc_ndcg_at_1000_max": 0.05801095381767717,
        "nauc_ndcg_at_1000_std": 0.0843039348420867,
        "nauc_ndcg_at_100_diff1": 0.03756996461297002,
        "nauc_ndcg_at_100_max": -0.009459387479204044,
        "nauc_ndcg_at_100_std": 0.08353188422690536,
        "nauc_ndcg_at_10_diff1": -0.003931130923742628,
        "nauc_ndcg_at_10_max": 0.045237479701406305,
        "nauc_ndcg_at_10_std": 0.02342105694577436,
        "nauc_ndcg_at_1_diff1": 0.09563565509861618,
        "nauc_ndcg_at_1_max": -0.352934944677562,
        "nauc_ndcg_at_1_std": 0.41536069089618566,
        "nauc_ndcg_at_20_diff1": 0.007163785869596824,
        "nauc_ndcg_at_20_max": 0.06512492114791206,
        "nauc_ndcg_at_20_std": 0.01899311181530783,
        "nauc_ndcg_at_3_diff1": -0.014319263963288274,
        "nauc_ndcg_at_3_max": -0.07757420959737671,
        "nauc_ndcg_at_3_std": 0.1299525524467189,
        "nauc_ndcg_at_5_diff1": -0.0571717616977174,
        "nauc_ndcg_at_5_max": 0.02563453451167217,
        "nauc_ndcg_at_5_std": 0.03196712772260773,
        "nauc_precision_at_1000_diff1": 0.00477672296486107,
        "nauc_precision_at_1000_max": 0.09099623680921223,
        "nauc_precision_at_1000_std": 0.008918063955832604,
        "nauc_precision_at_100_diff1": -0.03292579552338617,
        "nauc_precision_at_100_max": 0.07900652419489715,
        "nauc_precision_at_100_std": 0.01903664356189812,
        "nauc_precision_at_10_diff1": 0.028953345607866856,
        "nauc_precision_at_10_max": 0.06982551439496539,
        "nauc_precision_at_10_std": -0.0015515154599223882,
        "nauc_precision_at_1_diff1": 0.18607208958875465,
        "nauc_precision_at_1_max": -0.37502679006400264,
        "nauc_precision_at_1_std": 0.3837228689497502,
        "nauc_precision_at_20_diff1": 0.02069810161202005,
        "nauc_precision_at_20_max": 0.0717952885317692,
        "nauc_precision_at_20_std": 0.006126175940790882,
        "nauc_precision_at_3_diff1": -0.017208423253242122,
        "nauc_precision_at_3_max": -0.0172880617287594,
        "nauc_precision_at_3_std": 0.07857543344716116,
        "nauc_precision_at_5_diff1": -0.06291150667033649,
        "nauc_precision_at_5_max": 0.09047942641775703,
        "nauc_precision_at_5_std": -0.029692579366958367,
        "nauc_recall_at_1000_diff1": 0.11579347536953026,
        "nauc_recall_at_1000_max": -0.060697718836075554,
        "nauc_recall_at_1000_std": 0.18439469700198527,
        "nauc_recall_at_100_diff1": 0.12375751207603497,
        "nauc_recall_at_100_max": -0.17315588102160936,
        "nauc_recall_at_100_std": 0.1672515139085717,
        "nauc_recall_at_10_diff1": -0.007425331381172595,
        "nauc_recall_at_10_max": 0.1774236903876653,
        "nauc_recall_at_10_std": -0.009123356288934185,
        "nauc_recall_at_1_diff1": 0.3366998938753053,
        "nauc_recall_at_1_max": -0.45538239063031066,
        "nauc_recall_at_1_std": 0.3013473880146275,
        "nauc_recall_at_20_diff1": -0.018263605411617482,
        "nauc_recall_at_20_max": 0.16695948594739632,
        "nauc_recall_at_20_std": -0.0033761855564208364,
        "nauc_recall_at_3_diff1": -0.09313567329407627,
        "nauc_recall_at_3_max": 0.35983686373660695,
        "nauc_recall_at_3_std": -0.10822585551656423,
        "nauc_recall_at_5_diff1": -0.20476404314895602,
        "nauc_recall_at_5_max": 0.35577930444834716,
        "nauc_recall_at_5_std": -0.23615214608280974,
        "ndcg_at_1": 0.01393,
        "ndcg_at_10": 0.01445,
        "ndcg_at_100": 0.02371,
        "ndcg_at_1000": 0.10622,
        "ndcg_at_20": 0.01403,
        "ndcg_at_3": 0.01252,
        "ndcg_at_5": 0.01288,
        "precision_at_1": 0.01548,
        "precision_at_10": 0.01455,
        "precision_at_100": 0.01229,
        "precision_at_1000": 0.01137,
        "precision_at_20": 0.01269,
        "precision_at_3": 0.01342,
        "precision_at_5": 0.013,
        "recall_at_1": 0.00014,
        "recall_at_10": 0.00574,
        "recall_at_100": 0.04322,
        "recall_at_1000": 0.33665,
        "recall_at_20": 0.00756,
        "recall_at_3": 0.0011,
        "recall_at_5": 0.00309
      }
    ]
  },
  "task_name": "NFCorpus"
}