{
  "dataset_revision": "ec0fa4fe99da2ff19ca1214b7966684033a58814",
  "evaluation_time": 2.9852588176727295,
  "kg_co2_emissions": null,
  "mteb_version": "1.14.12",
  "scores": {
    "test": [
      {
        "hf_subset": "default",
        "languages": [
          "eng-Latn"
        ],
        "main_score": 0.1636,
        "map_at_1": 0.01708,
        "map_at_10": 0.04575,
        "map_at_100": 0.06231,
        "map_at_1000": 0.07319,
        "map_at_20": 0.0522,
        "map_at_3": 0.03439,
        "map_at_5": 0.03954,
        "mrr_at_1": 0.23219814241486067,
        "mrr_at_10": 0.3138360607400856,
        "mrr_at_100": 0.32433587833465355,
        "mrr_at_1000": 0.32515603496219464,
        "mrr_at_20": 0.3198489854895314,
        "mrr_at_3": 0.30030959752321984,
        "mrr_at_5": 0.3086687306501549,
        "nauc_map_at_1000_diff1": 0.2716462076353538,
        "nauc_map_at_1000_max": 0.30050865310932484,
        "nauc_map_at_1000_std": 0.1263666532987772,
        "nauc_map_at_100_diff1": 0.30261509522219904,
        "nauc_map_at_100_max": 0.29422119311772177,
        "nauc_map_at_100_std": 0.11421116964101063,
        "nauc_map_at_10_diff1": 0.35550032365764067,
        "nauc_map_at_10_max": 0.26702468136828195,
        "nauc_map_at_10_std": 0.0958433741688149,
        "nauc_map_at_1_diff1": 0.4503699430050999,
        "nauc_map_at_1_max": 0.2981622203024701,
        "nauc_map_at_1_std": 0.02166015047767945,
        "nauc_map_at_20_diff1": 0.33723304984702873,
        "nauc_map_at_20_max": 0.287303212450364,
        "nauc_map_at_20_std": 0.09800807576977924,
        "nauc_map_at_3_diff1": 0.37055603240046314,
        "nauc_map_at_3_max": 0.22987845609105825,
        "nauc_map_at_3_std": 0.05675549895197076,
        "nauc_map_at_5_diff1": 0.3675659983650995,
        "nauc_map_at_5_max": 0.24119333443568824,
        "nauc_map_at_5_std": 0.07579908491830158,
        "nauc_mrr_at_1000_diff1": 0.23361085985953903,
        "nauc_mrr_at_1000_max": 0.38567285786971195,
        "nauc_mrr_at_1000_std": 0.005521960606671093,
        "nauc_mrr_at_100_diff1": 0.23331233330052173,
        "nauc_mrr_at_100_max": 0.3857415433765518,
        "nauc_mrr_at_100_std": 0.005485615406629342,
        "nauc_mrr_at_10_diff1": 0.23487591877986763,
        "nauc_mrr_at_10_max": 0.3775243101129715,
        "nauc_mrr_at_10_std": 0.003090792035399797,
        "nauc_mrr_at_1_diff1": 0.28310475389119366,
        "nauc_mrr_at_1_max": 0.3810416280665893,
        "nauc_mrr_at_1_std": 0.006111351663492952,
        "nauc_mrr_at_20_diff1": 0.2347352671997651,
        "nauc_mrr_at_20_max": 0.3840801425704627,
        "nauc_mrr_at_20_std": 0.008272622191424954,
        "nauc_mrr_at_3_diff1": 0.24398127021128058,
        "nauc_mrr_at_3_max": 0.3820062161140074,
        "nauc_mrr_at_3_std": 0.0009735089015963392,
        "nauc_mrr_at_5_diff1": 0.23988073020306253,
        "nauc_mrr_at_5_max": 0.37923365500106887,
        "nauc_mrr_at_5_std": 0.004886212246047837,
        "nauc_ndcg_at_1000_diff1": 0.17145478829977892,
        "nauc_ndcg_at_1000_max": 0.3885838854680179,
        "nauc_ndcg_at_1000_std": 0.0795235548969923,
        "nauc_ndcg_at_100_diff1": 0.1868054865233366,
        "nauc_ndcg_at_100_max": 0.3424763981185701,
        "nauc_ndcg_at_100_std": 0.06365203378654419,
        "nauc_ndcg_at_10_diff1": 0.19984729885288158,
        "nauc_ndcg_at_10_max": 0.3226410746378784,
        "nauc_ndcg_at_10_std": 0.08109090734985883,
        "nauc_ndcg_at_1_diff1": 0.28719198895630565,
        "nauc_ndcg_at_1_max": 0.35249978916799424,
        "nauc_ndcg_at_1_std": 0.037286317448861746,
        "nauc_ndcg_at_20_diff1": 0.17360239052764442,
        "nauc_ndcg_at_20_max": 0.3348298316176689,
        "nauc_ndcg_at_20_std": 0.06334472797205223,
        "nauc_ndcg_at_3_diff1": 0.22032079823095724,
        "nauc_ndcg_at_3_max": 0.3177342937794489,
        "nauc_ndcg_at_3_std": 0.04074701985124051,
        "nauc_ndcg_at_5_diff1": 0.22997889841789632,
        "nauc_ndcg_at_5_max": 0.3115715354591129,
        "nauc_ndcg_at_5_std": 0.06664736253527169,
        "nauc_precision_at_1000_diff1": -0.14532267570752944,
        "nauc_precision_at_1000_max": 0.1158493003831104,
        "nauc_precision_at_1000_std": 0.019366855747550635,
        "nauc_precision_at_100_diff1": -0.08780423999045898,
        "nauc_precision_at_100_max": 0.22586950423736116,
        "nauc_precision_at_100_std": 0.09534585889807837,
        "nauc_precision_at_10_diff1": 0.07377489564722639,
        "nauc_precision_at_10_max": 0.31467138786876814,
        "nauc_precision_at_10_std": 0.11480832878361122,
        "nauc_precision_at_1_diff1": 0.28310475389119366,
        "nauc_precision_at_1_max": 0.3810416280665893,
        "nauc_precision_at_1_std": 0.006111351663492952,
        "nauc_precision_at_20_diff1": -0.004219824424452723,
        "nauc_precision_at_20_max": 0.315003733076721,
        "nauc_precision_at_20_std": 0.09726380046935204,
        "nauc_precision_at_3_diff1": 0.16352761997857068,
        "nauc_precision_at_3_max": 0.33121117159240065,
        "nauc_precision_at_3_std": 0.05198816151367882,
        "nauc_precision_at_5_diff1": 0.15178860307079953,
        "nauc_precision_at_5_max": 0.3083571067026208,
        "nauc_precision_at_5_std": 0.09504447630656586,
        "nauc_recall_at_1000_diff1": 0.017614305251199322,
        "nauc_recall_at_1000_max": 0.1983790763390663,
        "nauc_recall_at_1000_std": -0.006583091150936911,
        "nauc_recall_at_100_diff1": 0.07290034798221626,
        "nauc_recall_at_100_max": 0.20388457906813237,
        "nauc_recall_at_100_std": -0.009383296318246472,
        "nauc_recall_at_10_diff1": 0.24395678777401444,
        "nauc_recall_at_10_max": 0.2047192814514728,
        "nauc_recall_at_10_std": 0.051331522740447194,
        "nauc_recall_at_1_diff1": 0.4503699430050999,
        "nauc_recall_at_1_max": 0.2981622203024701,
        "nauc_recall_at_1_std": 0.02166015047767945,
        "nauc_recall_at_20_diff1": 0.1659195882125575,
        "nauc_recall_at_20_max": 0.20553719780693058,
        "nauc_recall_at_20_std": -0.0015237935502899931,
        "nauc_recall_at_3_diff1": 0.32514747901735946,
        "nauc_recall_at_3_max": 0.19122696749055137,
        "nauc_recall_at_3_std": 0.04758500135640226,
        "nauc_recall_at_5_diff1": 0.28071518703070103,
        "nauc_recall_at_5_max": 0.17923884138378518,
        "nauc_recall_at_5_std": 0.05090179944262844,
        "ndcg_at_1": 0.21672,
        "ndcg_at_10": 0.1636,
        "ndcg_at_100": 0.17012,
        "ndcg_at_1000": 0.26857,
        "ndcg_at_20": 0.15849,
        "ndcg_at_3": 0.20128,
        "ndcg_at_5": 0.1822,
        "precision_at_1": 0.2322,
        "precision_at_10": 0.12477,
        "precision_at_100": 0.04985,
        "precision_at_1000": 0.0175,
        "precision_at_20": 0.09907,
        "precision_at_3": 0.19711,
        "precision_at_5": 0.15975,
        "recall_at_1": 0.01708,
        "recall_at_10": 0.07148,
        "recall_at_100": 0.20669,
        "recall_at_1000": 0.55443,
        "recall_at_20": 0.10554,
        "recall_at_3": 0.0434,
        "recall_at_5": 0.05609
      }
    ]
  },
  "task_name": "NFCorpus"
}