{
  "dataset_revision": "ec0fa4fe99da2ff19ca1214b7966684033a58814",
  "evaluation_time": 2.9937329292297363,
  "kg_co2_emissions": null,
  "mteb_version": "1.14.12",
  "scores": {
    "test": [
      {
        "hf_subset": "default",
        "languages": [
          "eng-Latn"
        ],
        "main_score": 0.16505,
        "map_at_1": 0.01697,
        "map_at_10": 0.04612,
        "map_at_100": 0.06099,
        "map_at_1000": 0.07101,
        "map_at_20": 0.0516,
        "map_at_3": 0.03154,
        "map_at_5": 0.03785,
        "mrr_at_1": 0.21981424148606812,
        "mrr_at_10": 0.30563664062116086,
        "mrr_at_100": 0.3152060139685697,
        "mrr_at_1000": 0.3160031833306078,
        "mrr_at_20": 0.31065476730560276,
        "mrr_at_3": 0.282765737874097,
        "mrr_at_5": 0.29422084623323014,
        "nauc_map_at_1000_diff1": 0.27449966162941647,
        "nauc_map_at_1000_max": 0.486911404746411,
        "nauc_map_at_1000_std": 0.28965176476801807,
        "nauc_map_at_100_diff1": 0.29830890970915097,
        "nauc_map_at_100_max": 0.49003591654845347,
        "nauc_map_at_100_std": 0.28318483679679346,
        "nauc_map_at_10_diff1": 0.332230978465699,
        "nauc_map_at_10_max": 0.4832307393621397,
        "nauc_map_at_10_std": 0.24481677393450166,
        "nauc_map_at_1_diff1": 0.4482249931673674,
        "nauc_map_at_1_max": 0.41169887722721116,
        "nauc_map_at_1_std": 0.08847734306446664,
        "nauc_map_at_20_diff1": 0.3247917477518273,
        "nauc_map_at_20_max": 0.4901680893152358,
        "nauc_map_at_20_std": 0.2576229210385323,
        "nauc_map_at_3_diff1": 0.3891226471922176,
        "nauc_map_at_3_max": 0.4733043951447416,
        "nauc_map_at_3_std": 0.19293053488470266,
        "nauc_map_at_5_diff1": 0.35582333959373097,
        "nauc_map_at_5_max": 0.4809105948150807,
        "nauc_map_at_5_std": 0.21601808859434438,
        "nauc_mrr_at_1000_diff1": 0.3095029012153538,
        "nauc_mrr_at_1000_max": 0.47728543806037727,
        "nauc_mrr_at_1000_std": 0.1680784713138619,
        "nauc_mrr_at_100_diff1": 0.30926040078007,
        "nauc_mrr_at_100_max": 0.47747512433202016,
        "nauc_mrr_at_100_std": 0.16790100870272492,
        "nauc_mrr_at_10_diff1": 0.30894835591250264,
        "nauc_mrr_at_10_max": 0.4750538848410345,
        "nauc_mrr_at_10_std": 0.16846473544295057,
        "nauc_mrr_at_1_diff1": 0.38117447258044634,
        "nauc_mrr_at_1_max": 0.4648957018846964,
        "nauc_mrr_at_1_std": 0.12257373505975147,
        "nauc_mrr_at_20_diff1": 0.30933139613506583,
        "nauc_mrr_at_20_max": 0.47544056597863393,
        "nauc_mrr_at_20_std": 0.1668424084823103,
        "nauc_mrr_at_3_diff1": 0.32702135074969874,
        "nauc_mrr_at_3_max": 0.4779181277909606,
        "nauc_mrr_at_3_std": 0.16472323543774484,
        "nauc_mrr_at_5_diff1": 0.3201185033029088,
        "nauc_mrr_at_5_max": 0.48181242814476244,
        "nauc_mrr_at_5_std": 0.1714468513594643,
        "nauc_ndcg_at_1000_diff1": 0.20817828361808732,
        "nauc_ndcg_at_1000_max": 0.5100018785400531,
        "nauc_ndcg_at_1000_std": 0.2922732549595062,
        "nauc_ndcg_at_100_diff1": 0.25061032822779794,
        "nauc_ndcg_at_100_max": 0.47225362579556673,
        "nauc_ndcg_at_100_std": 0.2609960784484733,
        "nauc_ndcg_at_10_diff1": 0.21531213482618927,
        "nauc_ndcg_at_10_max": 0.44686918020878175,
        "nauc_ndcg_at_10_std": 0.2505956257525087,
        "nauc_ndcg_at_1_diff1": 0.36530499548471645,
        "nauc_ndcg_at_1_max": 0.43869791750562986,
        "nauc_ndcg_at_1_std": 0.11915289865780168,
        "nauc_ndcg_at_20_diff1": 0.23277548066384957,
        "nauc_ndcg_at_20_max": 0.44540254393164586,
        "nauc_ndcg_at_20_std": 0.25060550541465054,
        "nauc_ndcg_at_3_diff1": 0.2560948464487577,
        "nauc_ndcg_at_3_max": 0.48032769734231223,
        "nauc_ndcg_at_3_std": 0.18557171843459958,
        "nauc_ndcg_at_5_diff1": 0.23934153334298594,
        "nauc_ndcg_at_5_max": 0.4711029679827203,
        "nauc_ndcg_at_5_std": 0.22565181673186227,
        "nauc_precision_at_1000_diff1": -0.09008232293117054,
        "nauc_precision_at_1000_max": 0.08921739098053576,
        "nauc_precision_at_1000_std": 0.0322212371528088,
        "nauc_precision_at_100_diff1": -0.015864704855515332,
        "nauc_precision_at_100_max": 0.25373540992924926,
        "nauc_precision_at_100_std": 0.22467670538025422,
        "nauc_precision_at_10_diff1": 0.08503490854797731,
        "nauc_precision_at_10_max": 0.41330990604537954,
        "nauc_precision_at_10_std": 0.29038135681111094,
        "nauc_precision_at_1_diff1": 0.38117447258044634,
        "nauc_precision_at_1_max": 0.4648957018846964,
        "nauc_precision_at_1_std": 0.12257373505975147,
        "nauc_precision_at_20_diff1": 0.06936543872124623,
        "nauc_precision_at_20_max": 0.3892576398284799,
        "nauc_precision_at_20_std": 0.28022346389132163,
        "nauc_precision_at_3_diff1": 0.20673250351171943,
        "nauc_precision_at_3_max": 0.5023144690251858,
        "nauc_precision_at_3_std": 0.22404973084891064,
        "nauc_precision_at_5_diff1": 0.1549179297771806,
        "nauc_precision_at_5_max": 0.4622374234412893,
        "nauc_precision_at_5_std": 0.26879352418313823,
        "nauc_recall_at_1000_diff1": 0.052754908929129284,
        "nauc_recall_at_1000_max": 0.3035842427739611,
        "nauc_recall_at_1000_std": 0.1484585469774891,
        "nauc_recall_at_100_diff1": 0.17632925624074866,
        "nauc_recall_at_100_max": 0.2797036948145935,
        "nauc_recall_at_100_std": 0.1669049365686846,
        "nauc_recall_at_10_diff1": 0.23386950910120088,
        "nauc_recall_at_10_max": 0.32053392681457804,
        "nauc_recall_at_10_std": 0.20541543934118342,
        "nauc_recall_at_1_diff1": 0.4482249931673674,
        "nauc_recall_at_1_max": 0.41169887722721116,
        "nauc_recall_at_1_std": 0.08847734306446664,
        "nauc_recall_at_20_diff1": 0.24300776641396762,
        "nauc_recall_at_20_max": 0.31350691157117605,
        "nauc_recall_at_20_std": 0.19870660357977696,
        "nauc_recall_at_3_diff1": 0.3390437768092712,
        "nauc_recall_at_3_max": 0.43976404483734216,
        "nauc_recall_at_3_std": 0.21042954550536963,
        "nauc_recall_at_5_diff1": 0.28178306417498017,
        "nauc_recall_at_5_max": 0.40679069655755407,
        "nauc_recall_at_5_std": 0.20152175725903657,
        "ndcg_at_1": 0.20898,
        "ndcg_at_10": 0.16505,
        "ndcg_at_100": 0.16533,
        "ndcg_at_1000": 0.2572,
        "ndcg_at_20": 0.15484,
        "ndcg_at_3": 0.18976,
        "ndcg_at_5": 0.17896,
        "precision_at_1": 0.21981,
        "precision_at_10": 0.13034,
        "precision_at_100": 0.04734,
        "precision_at_1000": 0.01703,
        "precision_at_20": 0.09768,
        "precision_at_3": 0.18369,
        "precision_at_5": 0.16161,
        "recall_at_1": 0.01697,
        "recall_at_10": 0.07616,
        "recall_at_100": 0.19617,
        "recall_at_1000": 0.50936,
        "recall_at_20": 0.10073,
        "recall_at_3": 0.03733,
        "recall_at_5": 0.05026
      }
    ]
  },
  "task_name": "NFCorpus"
}