{
  "dataset_revision": "ec0fa4fe99da2ff19ca1214b7966684033a58814",
  "evaluation_time": 3.004019021987915,
  "kg_co2_emissions": null,
  "mteb_version": "1.14.12",
  "scores": {
    "test": [
      {
        "hf_subset": "default",
        "languages": [
          "eng-Latn"
        ],
        "main_score": 0.01109,
        "map_at_1": 0.00023,
        "map_at_10": 0.00067,
        "map_at_100": 0.00235,
        "map_at_1000": 0.00697,
        "map_at_20": 0.00118,
        "map_at_3": 0.00037,
        "map_at_5": 0.00053,
        "mrr_at_1": 0.01238390092879257,
        "mrr_at_10": 0.029220109096270087,
        "mrr_at_100": 0.0427169721927943,
        "mrr_at_1000": 0.04418540778720965,
        "mrr_at_20": 0.03616170871667904,
        "mrr_at_3": 0.019091847265221878,
        "mrr_at_5": 0.023581011351909185,
        "nauc_map_at_1000_diff1": 0.006406935924710084,
        "nauc_map_at_1000_max": 0.12236746927800295,
        "nauc_map_at_1000_std": -0.03766184499436288,
        "nauc_map_at_100_diff1": 0.09241767643756839,
        "nauc_map_at_100_max": 0.0033348417355059277,
        "nauc_map_at_100_std": 0.07395942067203277,
        "nauc_map_at_10_diff1": 0.22149504905382691,
        "nauc_map_at_10_max": -0.06255705951624307,
        "nauc_map_at_10_std": 0.20164247774860997,
        "nauc_map_at_1_diff1": 0.005787063697042945,
        "nauc_map_at_1_max": -0.06913277533036266,
        "nauc_map_at_1_std": -0.12045002134070583,
        "nauc_map_at_20_diff1": 0.20619852172908318,
        "nauc_map_at_20_max": -0.0613810004326355,
        "nauc_map_at_20_std": 0.16112138030740647,
        "nauc_map_at_3_diff1": 0.2432147648452604,
        "nauc_map_at_3_max": -0.10675619611881548,
        "nauc_map_at_3_std": 0.14240266797469361,
        "nauc_map_at_5_diff1": 0.24244895382631446,
        "nauc_map_at_5_max": -0.013628580268291723,
        "nauc_map_at_5_std": 0.12370637015955639,
        "nauc_mrr_at_1000_diff1": 0.09771936910453562,
        "nauc_mrr_at_1000_max": 0.06680320646822391,
        "nauc_mrr_at_1000_std": 0.049502899650377824,
        "nauc_mrr_at_100_diff1": 0.09675257319456938,
        "nauc_mrr_at_100_max": 0.066258336018327,
        "nauc_mrr_at_100_std": 0.05093644968802766,
        "nauc_mrr_at_10_diff1": 0.11748239121291504,
        "nauc_mrr_at_10_max": 0.0866952356229918,
        "nauc_mrr_at_10_std": 0.08446222248546041,
        "nauc_mrr_at_1_diff1": 0.14877460019619854,
        "nauc_mrr_at_1_max": -0.057498138803205076,
        "nauc_mrr_at_1_std": 0.0675475314987624,
        "nauc_mrr_at_20_diff1": 0.12096199799663743,
        "nauc_mrr_at_20_max": 0.061653203182648005,
        "nauc_mrr_at_20_std": 0.07276383381445156,
        "nauc_mrr_at_3_diff1": 0.14098289227506589,
        "nauc_mrr_at_3_max": 0.08079875177516432,
        "nauc_mrr_at_3_std": 0.05265282905508349,
        "nauc_mrr_at_5_diff1": 0.161248196295405,
        "nauc_mrr_at_5_max": 0.10791036724012419,
        "nauc_mrr_at_5_std": 0.05719684900224251,
        "nauc_ndcg_at_1000_diff1": -0.07061508719828827,
        "nauc_ndcg_at_1000_max": 0.11094674082949409,
        "nauc_ndcg_at_1000_std": -0.10876247209120608,
        "nauc_ndcg_at_100_diff1": -0.00356577974260199,
        "nauc_ndcg_at_100_max": 0.08440915404826954,
        "nauc_ndcg_at_100_std": -0.022014915366262103,
        "nauc_ndcg_at_10_diff1": 0.12630561558082742,
        "nauc_ndcg_at_10_max": 0.12265580483945936,
        "nauc_ndcg_at_10_std": 0.07452891505191861,
        "nauc_ndcg_at_1_diff1": 0.14877460019619854,
        "nauc_ndcg_at_1_max": -0.057498138803205076,
        "nauc_ndcg_at_1_std": 0.0675475314987624,
        "nauc_ndcg_at_20_diff1": 0.11187718048640473,
        "nauc_ndcg_at_20_max": 0.10551926968723942,
        "nauc_ndcg_at_20_std": 0.02934043347772241,
        "nauc_ndcg_at_3_diff1": 0.13117383967264562,
        "nauc_ndcg_at_3_max": 0.16853634831161649,
        "nauc_ndcg_at_3_std": -0.00983890331950143,
        "nauc_ndcg_at_5_diff1": 0.14441692658271074,
        "nauc_ndcg_at_5_max": 0.1860789057315483,
        "nauc_ndcg_at_5_std": -0.013653842086345729,
        "nauc_precision_at_1000_diff1": -0.07313543940130643,
        "nauc_precision_at_1000_max": 0.22580094218055707,
        "nauc_precision_at_1000_std": -0.1491031808762154,
        "nauc_precision_at_100_diff1": -0.05389153829253787,
        "nauc_precision_at_100_max": 0.14677356897812696,
        "nauc_precision_at_100_std": -0.05960739691908029,
        "nauc_precision_at_10_diff1": 0.11434000004878211,
        "nauc_precision_at_10_max": 0.13522412991251193,
        "nauc_precision_at_10_std": 0.08647543525006261,
        "nauc_precision_at_1_diff1": 0.14877460019619854,
        "nauc_precision_at_1_max": -0.057498138803205076,
        "nauc_precision_at_1_std": 0.0675475314987624,
        "nauc_precision_at_20_diff1": 0.10975760511046746,
        "nauc_precision_at_20_max": 0.10559828677133146,
        "nauc_precision_at_20_std": 0.033769811164782705,
        "nauc_precision_at_3_diff1": 0.18977897633610386,
        "nauc_precision_at_3_max": 0.17902455435676387,
        "nauc_precision_at_3_std": 0.05532479362052372,
        "nauc_precision_at_5_diff1": 0.16329451853742818,
        "nauc_precision_at_5_max": 0.23470455102086804,
        "nauc_precision_at_5_std": -0.00901561025355881,
        "nauc_recall_at_1000_diff1": -0.10274205775186969,
        "nauc_recall_at_1000_max": 0.09561882280483543,
        "nauc_recall_at_1000_std": -0.12262173487501184,
        "nauc_recall_at_100_diff1": -0.052579129598015764,
        "nauc_recall_at_100_max": 0.06267693225107093,
        "nauc_recall_at_100_std": -0.0536335377120795,
        "nauc_recall_at_10_diff1": 0.22191383184916405,
        "nauc_recall_at_10_max": -0.09290349522064327,
        "nauc_recall_at_10_std": 0.32017500541476956,
        "nauc_recall_at_1_diff1": 0.005787063697042945,
        "nauc_recall_at_1_max": -0.06913277533036266,
        "nauc_recall_at_1_std": -0.12045002134070583,
        "nauc_recall_at_20_diff1": 0.09713617960070417,
        "nauc_recall_at_20_max": -0.03663099089259044,
        "nauc_recall_at_20_std": 0.05470318082289586,
        "nauc_recall_at_3_diff1": 0.4150165412025909,
        "nauc_recall_at_3_max": -0.15879177519875617,
        "nauc_recall_at_3_std": 0.3481908744251034,
        "nauc_recall_at_5_diff1": 0.3284194453637755,
        "nauc_recall_at_5_max": 0.03497606153244567,
        "nauc_recall_at_5_std": 0.21489587433789822,
        "ndcg_at_1": 0.01238,
        "ndcg_at_10": 0.01109,
        "ndcg_at_100": 0.0257,
        "ndcg_at_1000": 0.11286,
        "ndcg_at_20": 0.01424,
        "ndcg_at_3": 0.00982,
        "ndcg_at_5": 0.01059,
        "precision_at_1": 0.01238,
        "precision_at_10": 0.01207,
        "precision_at_100": 0.01399,
        "precision_at_1000": 0.01195,
        "precision_at_20": 0.01517,
        "precision_at_3": 0.01032,
        "precision_at_5": 0.01238,
        "recall_at_1": 0.00023,
        "recall_at_10": 0.00215,
        "recall_at_100": 0.04192,
        "recall_at_1000": 0.34346,
        "recall_at_20": 0.00848,
        "recall_at_3": 0.00062,
        "recall_at_5": 0.00128
      }
    ]
  },
  "task_name": "NFCorpus"
}