{
  "dataset_revision": "ec0fa4fe99da2ff19ca1214b7966684033a58814",
  "evaluation_time": 3.005242109298706,
  "kg_co2_emissions": null,
  "mteb_version": "1.14.12",
  "scores": {
    "test": [
      {
        "hf_subset": "default",
        "languages": [
          "eng-Latn"
        ],
        "main_score": 0.20317,
        "map_at_1": 0.03181,
        "map_at_10": 0.06809,
        "map_at_100": 0.08571,
        "map_at_1000": 0.09679,
        "map_at_20": 0.07524,
        "map_at_3": 0.0505,
        "map_at_5": 0.05933,
        "mrr_at_1": 0.29411764705882354,
        "mrr_at_10": 0.3663361835962454,
        "mrr_at_100": 0.3756775769077121,
        "mrr_at_1000": 0.37648780716611213,
        "mrr_at_20": 0.37253091972944546,
        "mrr_at_3": 0.3441692466460267,
        "mrr_at_5": 0.3551599587203302,
        "nauc_map_at_1000_diff1": 0.16445375695549144,
        "nauc_map_at_1000_max": 0.3473726728591684,
        "nauc_map_at_1000_std": 0.06359261733725975,
        "nauc_map_at_100_diff1": 0.17985438025622136,
        "nauc_map_at_100_max": 0.3382504720247937,
        "nauc_map_at_100_std": 0.04136520014954502,
        "nauc_map_at_10_diff1": 0.21487047510195903,
        "nauc_map_at_10_max": 0.3071990134755404,
        "nauc_map_at_10_std": -0.004116181753786561,
        "nauc_map_at_1_diff1": 0.324020956688154,
        "nauc_map_at_1_max": 0.19152578377089008,
        "nauc_map_at_1_std": -0.057264213574791153,
        "nauc_map_at_20_diff1": 0.1984050786307616,
        "nauc_map_at_20_max": 0.32267825335078004,
        "nauc_map_at_20_std": 0.01252448706183115,
        "nauc_map_at_3_diff1": 0.25782564408484093,
        "nauc_map_at_3_max": 0.2462336436343628,
        "nauc_map_at_3_std": -0.03777354576190084,
        "nauc_map_at_5_diff1": 0.24435081988668042,
        "nauc_map_at_5_max": 0.281303194326066,
        "nauc_map_at_5_std": -0.023953178275748666,
        "nauc_mrr_at_1000_diff1": 0.2604758163939445,
        "nauc_mrr_at_1000_max": 0.3993546256086322,
        "nauc_mrr_at_1000_std": 0.05906238755263403,
        "nauc_mrr_at_100_diff1": 0.2602337340446489,
        "nauc_mrr_at_100_max": 0.39962819978249564,
        "nauc_mrr_at_100_std": 0.0594477908215606,
        "nauc_mrr_at_10_diff1": 0.26029219242122165,
        "nauc_mrr_at_10_max": 0.3953518081980475,
        "nauc_mrr_at_10_std": 0.055572190613609795,
        "nauc_mrr_at_1_diff1": 0.3112761914507783,
        "nauc_mrr_at_1_max": 0.3708300980168361,
        "nauc_mrr_at_1_std": 0.07035382638407693,
        "nauc_mrr_at_20_diff1": 0.26004389989289245,
        "nauc_mrr_at_20_max": 0.3980069232144255,
        "nauc_mrr_at_20_std": 0.05977004675894572,
        "nauc_mrr_at_3_diff1": 0.27861841919312785,
        "nauc_mrr_at_3_max": 0.394579468157477,
        "nauc_mrr_at_3_std": 0.05038911462933729,
        "nauc_mrr_at_5_diff1": 0.27197401453644215,
        "nauc_mrr_at_5_max": 0.39488162690467815,
        "nauc_mrr_at_5_std": 0.05409056892888364,
        "nauc_ndcg_at_1000_diff1": 0.1436365057514919,
        "nauc_ndcg_at_1000_max": 0.45751576149097506,
        "nauc_ndcg_at_1000_std": 0.11012421249871272,
        "nauc_ndcg_at_100_diff1": 0.14336084078818287,
        "nauc_ndcg_at_100_max": 0.3964169529791211,
        "nauc_ndcg_at_100_std": 0.0843672700129497,
        "nauc_ndcg_at_10_diff1": 0.13526624633561096,
        "nauc_ndcg_at_10_max": 0.36256751599182774,
        "nauc_ndcg_at_10_std": 0.08405923730696871,
        "nauc_ndcg_at_1_diff1": 0.3038383542242487,
        "nauc_ndcg_at_1_max": 0.34457248422304354,
        "nauc_ndcg_at_1_std": 0.08422365452380098,
        "nauc_ndcg_at_20_diff1": 0.11619425339462869,
        "nauc_ndcg_at_20_max": 0.3615977370979529,
        "nauc_ndcg_at_20_std": 0.08389572034065547,
        "nauc_ndcg_at_3_diff1": 0.20129999866401896,
        "nauc_ndcg_at_3_max": 0.36352180334348316,
        "nauc_ndcg_at_3_std": 0.07256149367321152,
        "nauc_ndcg_at_5_diff1": 0.1882611834859026,
        "nauc_ndcg_at_5_max": 0.3776902070250856,
        "nauc_ndcg_at_5_std": 0.08989915795402904,
        "nauc_precision_at_1000_diff1": -0.09271017192267733,
        "nauc_precision_at_1000_max": 0.10286940728842349,
        "nauc_precision_at_1000_std": 0.12232863108417312,
        "nauc_precision_at_100_diff1": -0.07193527021469673,
        "nauc_precision_at_100_max": 0.23025257744905134,
        "nauc_precision_at_100_std": 0.1974968929454327,
        "nauc_precision_at_10_diff1": -0.007846379408354946,
        "nauc_precision_at_10_max": 0.35556505188226917,
        "nauc_precision_at_10_std": 0.14585655672668382,
        "nauc_precision_at_1_diff1": 0.3112761914507783,
        "nauc_precision_at_1_max": 0.3708300980168361,
        "nauc_precision_at_1_std": 0.07035382638407693,
        "nauc_precision_at_20_diff1": -0.039304449305306695,
        "nauc_precision_at_20_max": 0.3338326726116708,
        "nauc_precision_at_20_std": 0.1779948908348182,
        "nauc_precision_at_3_diff1": 0.14506739769813093,
        "nauc_precision_at_3_max": 0.40105477358487707,
        "nauc_precision_at_3_std": 0.1097187649743569,
        "nauc_precision_at_5_diff1": 0.10608905810293452,
        "nauc_precision_at_5_max": 0.40937766172175793,
        "nauc_precision_at_5_std": 0.13943062407549564,
        "nauc_recall_at_1000_diff1": 0.05415579403492163,
        "nauc_recall_at_1000_max": 0.2919565308362342,
        "nauc_recall_at_1000_std": 0.025238030266765823,
        "nauc_recall_at_100_diff1": 0.06810685205027686,
        "nauc_recall_at_100_max": 0.24467402802498237,
        "nauc_recall_at_100_std": 0.014974227242027993,
        "nauc_recall_at_10_diff1": 0.11136512713721464,
        "nauc_recall_at_10_max": 0.25961275253328525,
        "nauc_recall_at_10_std": -0.038032643495352306,
        "nauc_recall_at_1_diff1": 0.324020956688154,
        "nauc_recall_at_1_max": 0.19152578377089008,
        "nauc_recall_at_1_std": -0.057264213574791153,
        "nauc_recall_at_20_diff1": 0.06758209714585794,
        "nauc_recall_at_20_max": 0.2150405664329016,
        "nauc_recall_at_20_std": -0.04271496592196134,
        "nauc_recall_at_3_diff1": 0.20625826347339316,
        "nauc_recall_at_3_max": 0.2525800273155935,
        "nauc_recall_at_3_std": -0.0387234792497664,
        "nauc_recall_at_5_diff1": 0.17844018987223292,
        "nauc_recall_at_5_max": 0.27634525522159903,
        "nauc_recall_at_5_std": -0.031085161441338726,
        "ndcg_at_1": 0.27864,
        "ndcg_at_10": 0.20317,
        "ndcg_at_100": 0.1982,
        "ndcg_at_1000": 0.29233,
        "ndcg_at_20": 0.19467,
        "ndcg_at_3": 0.23324,
        "ndcg_at_5": 0.22054,
        "precision_at_1": 0.29412,
        "precision_at_10": 0.15139,
        "precision_at_100": 0.05344,
        "precision_at_1000": 0.01759,
        "precision_at_20": 0.11486,
        "precision_at_3": 0.21672,
        "precision_at_5": 0.18885,
        "recall_at_1": 0.03181,
        "recall_at_10": 0.09808,
        "recall_at_100": 0.21612,
        "recall_at_1000": 0.54859,
        "recall_at_20": 0.13199,
        "recall_at_3": 0.05773,
        "recall_at_5": 0.07405
      }
    ]
  },
  "task_name": "NFCorpus"
}