{
  "dataset_revision": "ec0fa4fe99da2ff19ca1214b7966684033a58814",
  "evaluation_time": 2.9860711097717285,
  "kg_co2_emissions": null,
  "mteb_version": "1.14.12",
  "scores": {
    "test": [
      {
        "hf_subset": "default",
        "languages": [
          "eng-Latn"
        ],
        "main_score": 0.20178,
        "map_at_1": 0.02489,
        "map_at_10": 0.06033,
        "map_at_100": 0.07805,
        "map_at_1000": 0.08851,
        "map_at_20": 0.06733,
        "map_at_3": 0.04166,
        "map_at_5": 0.04992,
        "mrr_at_1": 0.28792569659442724,
        "mrr_at_10": 0.3674861172539191,
        "mrr_at_100": 0.3769218951971256,
        "mrr_at_1000": 0.3777078484435801,
        "mrr_at_20": 0.3729192137395993,
        "mrr_at_3": 0.34623323013415885,
        "mrr_at_5": 0.35675954592363257,
        "nauc_map_at_1000_diff1": 0.16313404460502873,
        "nauc_map_at_1000_max": 0.40968762529586367,
        "nauc_map_at_1000_std": 0.28794469535945866,
        "nauc_map_at_100_diff1": 0.17648449276302136,
        "nauc_map_at_100_max": 0.3997031305300344,
        "nauc_map_at_100_std": 0.26781449000776664,
        "nauc_map_at_10_diff1": 0.17556423634322466,
        "nauc_map_at_10_max": 0.37255492636317994,
        "nauc_map_at_10_std": 0.2118607431304694,
        "nauc_map_at_1_diff1": 0.2301844478507943,
        "nauc_map_at_1_max": 0.3465032189017389,
        "nauc_map_at_1_std": 0.16127831736105624,
        "nauc_map_at_20_diff1": 0.18460231646457972,
        "nauc_map_at_20_max": 0.38434559884587177,
        "nauc_map_at_20_std": 0.22694569500955114,
        "nauc_map_at_3_diff1": 0.19210857333434914,
        "nauc_map_at_3_max": 0.3193787838833323,
        "nauc_map_at_3_std": 0.12648431122357373,
        "nauc_map_at_5_diff1": 0.18221203430119598,
        "nauc_map_at_5_max": 0.3275440007301356,
        "nauc_map_at_5_std": 0.16312521276007563,
        "nauc_mrr_at_1000_diff1": 0.22456088382872705,
        "nauc_mrr_at_1000_max": 0.47024648160138827,
        "nauc_mrr_at_1000_std": 0.2529229706647775,
        "nauc_mrr_at_100_diff1": 0.22463455448596387,
        "nauc_mrr_at_100_max": 0.47022137319549895,
        "nauc_mrr_at_100_std": 0.25282684751528106,
        "nauc_mrr_at_10_diff1": 0.22089802594810717,
        "nauc_mrr_at_10_max": 0.46949974034762315,
        "nauc_mrr_at_10_std": 0.25353576175149756,
        "nauc_mrr_at_1_diff1": 0.26066823424088104,
        "nauc_mrr_at_1_max": 0.45915517659322835,
        "nauc_mrr_at_1_std": 0.239167461717148,
        "nauc_mrr_at_20_diff1": 0.22354128191252612,
        "nauc_mrr_at_20_max": 0.4676761654280794,
        "nauc_mrr_at_20_std": 0.2515920106504678,
        "nauc_mrr_at_3_diff1": 0.23061935885071416,
        "nauc_mrr_at_3_max": 0.47071101327551035,
        "nauc_mrr_at_3_std": 0.2330430745584383,
        "nauc_mrr_at_5_diff1": 0.23254461669725365,
        "nauc_mrr_at_5_max": 0.4700096558430633,
        "nauc_mrr_at_5_std": 0.252974600886973,
        "nauc_ndcg_at_1000_diff1": 0.17170054864257855,
        "nauc_ndcg_at_1000_max": 0.4922045067030954,
        "nauc_ndcg_at_1000_std": 0.3597615102396851,
        "nauc_ndcg_at_100_diff1": 0.19310431004105577,
        "nauc_ndcg_at_100_max": 0.4352800771961223,
        "nauc_ndcg_at_100_std": 0.3120210154229435,
        "nauc_ndcg_at_10_diff1": 0.1377560638891693,
        "nauc_ndcg_at_10_max": 0.42762607372274547,
        "nauc_ndcg_at_10_std": 0.30596254233817777,
        "nauc_ndcg_at_1_diff1": 0.24293853930645107,
        "nauc_ndcg_at_1_max": 0.4360602015389444,
        "nauc_ndcg_at_1_std": 0.2217339912964257,
        "nauc_ndcg_at_20_diff1": 0.15514874893074782,
        "nauc_ndcg_at_20_max": 0.4143278208117763,
        "nauc_ndcg_at_20_std": 0.30473801101666126,
        "nauc_ndcg_at_3_diff1": 0.18088310064746876,
        "nauc_ndcg_at_3_max": 0.42352540353479473,
        "nauc_ndcg_at_3_std": 0.239625144958063,
        "nauc_ndcg_at_5_diff1": 0.16527094459589786,
        "nauc_ndcg_at_5_max": 0.4198379822677014,
        "nauc_ndcg_at_5_std": 0.2850955195235875,
        "nauc_precision_at_1000_diff1": -0.08321133066695807,
        "nauc_precision_at_1000_max": 0.11172529750656479,
        "nauc_precision_at_1000_std": 0.1274125005610839,
        "nauc_precision_at_100_diff1": -0.004559169342373813,
        "nauc_precision_at_100_max": 0.2787886870455067,
        "nauc_precision_at_100_std": 0.32200472210014347,
        "nauc_precision_at_10_diff1": 0.058831428833512334,
        "nauc_precision_at_10_max": 0.42672339439985024,
        "nauc_precision_at_10_std": 0.3643192057818663,
        "nauc_precision_at_1_diff1": 0.2502438932424999,
        "nauc_precision_at_1_max": 0.4583683040820852,
        "nauc_precision_at_1_std": 0.22885336930304864,
        "nauc_precision_at_20_diff1": 0.05458013644925018,
        "nauc_precision_at_20_max": 0.3833452095358668,
        "nauc_precision_at_20_std": 0.3690916267135069,
        "nauc_precision_at_3_diff1": 0.15333464828232513,
        "nauc_precision_at_3_max": 0.43500540382416725,
        "nauc_precision_at_3_std": 0.2595160725505336,
        "nauc_precision_at_5_diff1": 0.11416633113781212,
        "nauc_precision_at_5_max": 0.41963206669169917,
        "nauc_precision_at_5_std": 0.3339365741808487,
        "nauc_recall_at_1000_diff1": 0.11242591332197122,
        "nauc_recall_at_1000_max": 0.29074685506453596,
        "nauc_recall_at_1000_std": 0.22178060136487607,
        "nauc_recall_at_100_diff1": 0.1672907395548392,
        "nauc_recall_at_100_max": 0.24171834284202875,
        "nauc_recall_at_100_std": 0.18447565687678677,
        "nauc_recall_at_10_diff1": 0.10078407808038514,
        "nauc_recall_at_10_max": 0.24875403766436407,
        "nauc_recall_at_10_std": 0.16270022192123282,
        "nauc_recall_at_1_diff1": 0.2301844478507943,
        "nauc_recall_at_1_max": 0.3465032189017389,
        "nauc_recall_at_1_std": 0.16127831736105624,
        "nauc_recall_at_20_diff1": 0.15677400499248687,
        "nauc_recall_at_20_max": 0.23481154692066614,
        "nauc_recall_at_20_std": 0.1390549393732245,
        "nauc_recall_at_3_diff1": 0.14287908614116296,
        "nauc_recall_at_3_max": 0.24782992615407465,
        "nauc_recall_at_3_std": 0.08392318635698,
        "nauc_recall_at_5_diff1": 0.12021960930010875,
        "nauc_recall_at_5_max": 0.2042131238696517,
        "nauc_recall_at_5_std": 0.12770107629234992,
        "ndcg_at_1": 0.27554,
        "ndcg_at_10": 0.20178,
        "ndcg_at_100": 0.19407,
        "ndcg_at_1000": 0.28732,
        "ndcg_at_20": 0.18938,
        "ndcg_at_3": 0.23862,
        "ndcg_at_5": 0.22165,
        "precision_at_1": 0.29102,
        "precision_at_10": 0.15232,
        "precision_at_100": 0.0518,
        "precision_at_1000": 0.01763,
        "precision_at_20": 0.11378,
        "precision_at_3": 0.2291,
        "precision_at_5": 0.19257,
        "recall_at_1": 0.02489,
        "recall_at_10": 0.09557,
        "recall_at_100": 0.21851,
        "recall_at_1000": 0.54587,
        "recall_at_20": 0.12769,
        "recall_at_3": 0.05142,
        "recall_at_5": 0.0694
      }
    ]
  },
  "task_name": "NFCorpus"
}