{
  "dataset_revision": "ec0fa4fe99da2ff19ca1214b7966684033a58814",
  "evaluation_time": 2.9786579608917236,
  "kg_co2_emissions": null,
  "mteb_version": "1.14.12",
  "scores": {
    "test": [
      {
        "hf_subset": "default",
        "languages": [
          "eng-Latn"
        ],
        "main_score": 0.19604,
        "map_at_1": 0.02949,
        "map_at_10": 0.06193,
        "map_at_100": 0.08063,
        "map_at_1000": 0.09175,
        "map_at_20": 0.06947,
        "map_at_3": 0.04631,
        "map_at_5": 0.05355,
        "mrr_at_1": 0.2848297213622291,
        "mrr_at_10": 0.356218978819598,
        "mrr_at_100": 0.3665485534975687,
        "mrr_at_1000": 0.3673445460846192,
        "mrr_at_20": 0.3624645659629939,
        "mrr_at_3": 0.33436532507739936,
        "mrr_at_5": 0.3450464396284829,
        "nauc_map_at_1000_diff1": 0.12923227950606225,
        "nauc_map_at_1000_max": 0.23469312022349667,
        "nauc_map_at_1000_std": 0.025558828354601767,
        "nauc_map_at_100_diff1": 0.14798587866653581,
        "nauc_map_at_100_max": 0.22708607388721347,
        "nauc_map_at_100_std": -0.002809646192630219,
        "nauc_map_at_10_diff1": 0.16989836850016563,
        "nauc_map_at_10_max": 0.20018980154755972,
        "nauc_map_at_10_std": -0.057437092314414157,
        "nauc_map_at_1_diff1": 0.2542613629440099,
        "nauc_map_at_1_max": 0.12487865664326978,
        "nauc_map_at_1_std": -0.1686966926114074,
        "nauc_map_at_20_diff1": 0.17053231119528048,
        "nauc_map_at_20_max": 0.21570768819144354,
        "nauc_map_at_20_std": -0.03416213267152562,
        "nauc_map_at_3_diff1": 0.171365380321821,
        "nauc_map_at_3_max": 0.14209872831280881,
        "nauc_map_at_3_std": -0.10593243409382488,
        "nauc_map_at_5_diff1": 0.16651972702923667,
        "nauc_map_at_5_max": 0.1648116615846744,
        "nauc_map_at_5_std": -0.08480359692308231,
        "nauc_mrr_at_1000_diff1": 0.1895318428526948,
        "nauc_mrr_at_1000_max": 0.34329097166278555,
        "nauc_mrr_at_1000_std": 0.007759879707163555,
        "nauc_mrr_at_100_diff1": 0.18917360089633722,
        "nauc_mrr_at_100_max": 0.34348771360602354,
        "nauc_mrr_at_100_std": 0.007779943394346797,
        "nauc_mrr_at_10_diff1": 0.19118072423890603,
        "nauc_mrr_at_10_max": 0.334878830187825,
        "nauc_mrr_at_10_std": 0.006766317763928284,
        "nauc_mrr_at_1_diff1": 0.2221483469850922,
        "nauc_mrr_at_1_max": 0.3124084746027132,
        "nauc_mrr_at_1_std": -0.008986033193170793,
        "nauc_mrr_at_20_diff1": 0.18949640305983542,
        "nauc_mrr_at_20_max": 0.34258484524547195,
        "nauc_mrr_at_20_std": 0.008040542449310531,
        "nauc_mrr_at_3_diff1": 0.2015835209216835,
        "nauc_mrr_at_3_max": 0.3338522484132881,
        "nauc_mrr_at_3_std": 0.010067569396854006,
        "nauc_mrr_at_5_diff1": 0.1930083607294149,
        "nauc_mrr_at_5_max": 0.33395993523110973,
        "nauc_mrr_at_5_std": 0.005962073980655488,
        "nauc_ndcg_at_1000_diff1": 0.08901842299137548,
        "nauc_ndcg_at_1000_max": 0.3558755050701,
        "nauc_ndcg_at_1000_std": 0.08234934871142097,
        "nauc_ndcg_at_100_diff1": 0.12229199883328298,
        "nauc_ndcg_at_100_max": 0.3110558174891408,
        "nauc_ndcg_at_100_std": 0.046365905272889966,
        "nauc_ndcg_at_10_diff1": 0.1131789404162267,
        "nauc_ndcg_at_10_max": 0.2865454238611532,
        "nauc_ndcg_at_10_std": 0.06196258390370489,
        "nauc_ndcg_at_1_diff1": 0.2194953223390165,
        "nauc_ndcg_at_1_max": 0.2801027313796086,
        "nauc_ndcg_at_1_std": 0.011802329190791478,
        "nauc_ndcg_at_20_diff1": 0.10431697336816723,
        "nauc_ndcg_at_20_max": 0.28894087240766614,
        "nauc_ndcg_at_20_std": 0.05443525374628152,
        "nauc_ndcg_at_3_diff1": 0.14817076676478258,
        "nauc_ndcg_at_3_max": 0.2732959422852001,
        "nauc_ndcg_at_3_std": 0.04290759539413616,
        "nauc_ndcg_at_5_diff1": 0.138999916812505,
        "nauc_ndcg_at_5_max": 0.28264106881977524,
        "nauc_ndcg_at_5_std": 0.05519139550731887,
        "nauc_precision_at_1000_diff1": -0.10678862604418496,
        "nauc_precision_at_1000_max": 0.09877974043364217,
        "nauc_precision_at_1000_std": 0.13794225271853758,
        "nauc_precision_at_100_diff1": -0.0674102077231578,
        "nauc_precision_at_100_max": 0.2048631180079113,
        "nauc_precision_at_100_std": 0.20664380218485442,
        "nauc_precision_at_10_diff1": 0.02845337184266993,
        "nauc_precision_at_10_max": 0.3131805082047876,
        "nauc_precision_at_10_std": 0.15047248219647624,
        "nauc_precision_at_1_diff1": 0.2221483469850922,
        "nauc_precision_at_1_max": 0.3124084746027132,
        "nauc_precision_at_1_std": -0.008986033193170793,
        "nauc_precision_at_20_diff1": -0.0015308596913271928,
        "nauc_precision_at_20_max": 0.29599733916631815,
        "nauc_precision_at_20_std": 0.17554237167375175,
        "nauc_precision_at_3_diff1": 0.1014172813069999,
        "nauc_precision_at_3_max": 0.31774763387342625,
        "nauc_precision_at_3_std": 0.0876775218296831,
        "nauc_precision_at_5_diff1": 0.07527585895120477,
        "nauc_precision_at_5_max": 0.31652975467398314,
        "nauc_precision_at_5_std": 0.11956222585285484,
        "nauc_recall_at_1000_diff1": -0.026660365550392133,
        "nauc_recall_at_1000_max": 0.1645041851888342,
        "nauc_recall_at_1000_std": 0.034678195374534,
        "nauc_recall_at_100_diff1": 0.07055319102780912,
        "nauc_recall_at_100_max": 0.18567590006912216,
        "nauc_recall_at_100_std": -0.020000785314651357,
        "nauc_recall_at_10_diff1": 0.08920309481221361,
        "nauc_recall_at_10_max": 0.14856929934938817,
        "nauc_recall_at_10_std": -0.07621021020861343,
        "nauc_recall_at_1_diff1": 0.2542613629440099,
        "nauc_recall_at_1_max": 0.12487865664326978,
        "nauc_recall_at_1_std": -0.1686966926114074,
        "nauc_recall_at_20_diff1": 0.09753067091111679,
        "nauc_recall_at_20_max": 0.16852022133504976,
        "nauc_recall_at_20_std": -0.06723011788516146,
        "nauc_recall_at_3_diff1": 0.11805714551725272,
        "nauc_recall_at_3_max": 0.11145463539829586,
        "nauc_recall_at_3_std": -0.08984317749523946,
        "nauc_recall_at_5_diff1": 0.0851929117192835,
        "nauc_recall_at_5_max": 0.12786017873148206,
        "nauc_recall_at_5_std": -0.08788588566289351,
        "ndcg_at_1": 0.2709,
        "ndcg_at_10": 0.19604,
        "ndcg_at_100": 0.19722,
        "ndcg_at_1000": 0.29323,
        "ndcg_at_20": 0.18788,
        "ndcg_at_3": 0.22556,
        "ndcg_at_5": 0.21218,
        "precision_at_1": 0.28483,
        "precision_at_10": 0.14427,
        "precision_at_100": 0.05412,
        "precision_at_1000": 0.01792,
        "precision_at_20": 0.11254,
        "precision_at_3": 0.21053,
        "precision_at_5": 0.18204,
        "recall_at_1": 0.02949,
        "recall_at_10": 0.09769,
        "recall_at_100": 0.23237,
        "recall_at_1000": 0.57066,
        "recall_at_20": 0.12555,
        "recall_at_3": 0.056,
        "recall_at_5": 0.07205
      }
    ]
  },
  "task_name": "NFCorpus"
}