{
  "dataset_revision": "ec0fa4fe99da2ff19ca1214b7966684033a58814",
  "evaluation_time": 3.0168933868408203,
  "kg_co2_emissions": null,
  "mteb_version": "1.14.12",
  "scores": {
    "test": [
      {
        "hf_subset": "default",
        "languages": [
          "eng-Latn"
        ],
        "main_score": 0.01056,
        "map_at_1": 0.00028,
        "map_at_10": 0.00061,
        "map_at_100": 0.00185,
        "map_at_1000": 0.00586,
        "map_at_20": 0.00087,
        "map_at_3": 0.00034,
        "map_at_5": 0.00047,
        "mrr_at_1": 0.015479876160990712,
        "mrr_at_10": 0.03312447786131996,
        "mrr_at_100": 0.04328537429964581,
        "mrr_at_1000": 0.04519606346405471,
        "mrr_at_20": 0.03751685430700852,
        "mrr_at_3": 0.02373581011351909,
        "mrr_at_5": 0.027760577915376672,
        "nauc_map_at_1000_diff1": 0.14531583076413046,
        "nauc_map_at_1000_max": -0.0749628514337277,
        "nauc_map_at_1000_std": 0.18946422771167232,
        "nauc_map_at_100_diff1": 0.23975442253674686,
        "nauc_map_at_100_max": -0.047752434155773744,
        "nauc_map_at_100_std": 0.28728394795480255,
        "nauc_map_at_10_diff1": 0.13371130866422007,
        "nauc_map_at_10_max": 0.26465846030708523,
        "nauc_map_at_10_std": 0.0886506116624409,
        "nauc_map_at_1_diff1": 0.1482464532810974,
        "nauc_map_at_1_max": 0.2309128212705832,
        "nauc_map_at_1_std": 0.19838320389968667,
        "nauc_map_at_20_diff1": 0.22039290683948645,
        "nauc_map_at_20_max": 0.13366275417968712,
        "nauc_map_at_20_std": 0.20417485369542765,
        "nauc_map_at_3_diff1": 0.07364842677851963,
        "nauc_map_at_3_max": 0.3129906717409441,
        "nauc_map_at_3_std": 0.10947451248866343,
        "nauc_map_at_5_diff1": 0.08066798991013556,
        "nauc_map_at_5_max": 0.3045839829158825,
        "nauc_map_at_5_std": 0.05045168784280338,
        "nauc_mrr_at_1000_diff1": 0.04288351909621979,
        "nauc_mrr_at_1000_max": 0.1674971745949131,
        "nauc_mrr_at_1000_std": 0.04657078492269566,
        "nauc_mrr_at_100_diff1": 0.043957766285900896,
        "nauc_mrr_at_100_max": 0.16171060313255275,
        "nauc_mrr_at_100_std": 0.04861529447967864,
        "nauc_mrr_at_10_diff1": 0.030499871670993592,
        "nauc_mrr_at_10_max": 0.21212945328730906,
        "nauc_mrr_at_10_std": 0.05221708139684857,
        "nauc_mrr_at_1_diff1": 0.16854497117334463,
        "nauc_mrr_at_1_max": 0.1820589898946993,
        "nauc_mrr_at_1_std": 0.155772095448747,
        "nauc_mrr_at_20_diff1": 0.04656545107437731,
        "nauc_mrr_at_20_max": 0.18260672232628128,
        "nauc_mrr_at_20_std": 0.05162767080949269,
        "nauc_mrr_at_3_diff1": 0.023679561644180024,
        "nauc_mrr_at_3_max": 0.249504142581782,
        "nauc_mrr_at_3_std": 0.03776000335582344,
        "nauc_mrr_at_5_diff1": 0.0038259442265486843,
        "nauc_mrr_at_5_max": 0.227007737996889,
        "nauc_mrr_at_5_std": 0.0439907067406471,
        "nauc_ndcg_at_1000_diff1": 0.10321451385273274,
        "nauc_ndcg_at_1000_max": -0.07989318842096224,
        "nauc_ndcg_at_1000_std": 0.08906948454150689,
        "nauc_ndcg_at_100_diff1": 0.14338532766350146,
        "nauc_ndcg_at_100_max": -0.065399131278868,
        "nauc_ndcg_at_100_std": 0.1916149715589896,
        "nauc_ndcg_at_10_diff1": 0.016726530757107373,
        "nauc_ndcg_at_10_max": 0.18272916880563278,
        "nauc_ndcg_at_10_std": 0.08863677426054992,
        "nauc_ndcg_at_1_diff1": 0.16854497117334463,
        "nauc_ndcg_at_1_max": 0.1820589898946993,
        "nauc_ndcg_at_1_std": 0.155772095448747,
        "nauc_ndcg_at_20_diff1": 0.09464831434859056,
        "nauc_ndcg_at_20_max": 0.07076457206820728,
        "nauc_ndcg_at_20_std": 0.1303635991221825,
        "nauc_ndcg_at_3_diff1": -0.0051394462299212155,
        "nauc_ndcg_at_3_max": 0.2573758782223221,
        "nauc_ndcg_at_3_std": 0.02308296825083723,
        "nauc_ndcg_at_5_diff1": -0.032122913599997305,
        "nauc_ndcg_at_5_max": 0.19528070504349027,
        "nauc_ndcg_at_5_std": 0.061300464898238205,
        "nauc_precision_at_1000_diff1": -0.018244029786521156,
        "nauc_precision_at_1000_max": -0.016078059114865744,
        "nauc_precision_at_1000_std": 0.025221876432681523,
        "nauc_precision_at_100_diff1": 0.07211257275081595,
        "nauc_precision_at_100_max": -0.06808102633170582,
        "nauc_precision_at_100_std": 0.10420458943338563,
        "nauc_precision_at_10_diff1": -0.00048923731162462,
        "nauc_precision_at_10_max": 0.14407670776300574,
        "nauc_precision_at_10_std": 0.08886775163118678,
        "nauc_precision_at_1_diff1": 0.16854497117334463,
        "nauc_precision_at_1_max": 0.1820589898946993,
        "nauc_precision_at_1_std": 0.155772095448747,
        "nauc_precision_at_20_diff1": 0.10068761715867984,
        "nauc_precision_at_20_max": -0.012865862127333705,
        "nauc_precision_at_20_std": 0.137361384645261,
        "nauc_precision_at_3_diff1": -0.07355043343115908,
        "nauc_precision_at_3_max": 0.2753840214173454,
        "nauc_precision_at_3_std": -0.02652073232022064,
        "nauc_precision_at_5_diff1": -0.10140534887913558,
        "nauc_precision_at_5_max": 0.15600071249974684,
        "nauc_precision_at_5_std": 0.06049292624755665,
        "nauc_recall_at_1000_diff1": 0.08553486436850981,
        "nauc_recall_at_1000_max": -0.15509665529919534,
        "nauc_recall_at_1000_std": 0.0056511947530025345,
        "nauc_recall_at_100_diff1": 0.19904507585585088,
        "nauc_recall_at_100_max": -0.165459206385116,
        "nauc_recall_at_100_std": 0.261857166892872,
        "nauc_recall_at_10_diff1": 0.2033149468685003,
        "nauc_recall_at_10_max": 0.21431893703866212,
        "nauc_recall_at_10_std": 0.10796364353311994,
        "nauc_recall_at_1_diff1": 0.1482464532810974,
        "nauc_recall_at_1_max": 0.2309128212705832,
        "nauc_recall_at_1_std": 0.19838320389968667,
        "nauc_recall_at_20_diff1": 0.2704360397090518,
        "nauc_recall_at_20_max": 0.024414183301180264,
        "nauc_recall_at_20_std": 0.23118063584110193,
        "nauc_recall_at_3_diff1": -0.0032919886816762255,
        "nauc_recall_at_3_max": 0.3749427272193436,
        "nauc_recall_at_3_std": 0.03849841921869306,
        "nauc_recall_at_5_diff1": 0.03383395037714193,
        "nauc_recall_at_5_max": 0.34890069268400103,
        "nauc_recall_at_5_std": -0.04898820861823167,
        "ndcg_at_1": 0.01548,
        "ndcg_at_10": 0.01056,
        "ndcg_at_100": 0.02079,
        "ndcg_at_1000": 0.10223,
        "ndcg_at_20": 0.01129,
        "ndcg_at_3": 0.01219,
        "ndcg_at_5": 0.01101,
        "precision_at_1": 0.01548,
        "precision_at_10": 0.01022,
        "precision_at_100": 0.01241,
        "precision_at_1000": 0.01136,
        "precision_at_20": 0.01099,
        "precision_at_3": 0.01135,
        "precision_at_5": 0.00991,
        "recall_at_1": 0.00028,
        "recall_at_10": 0.00206,
        "recall_at_100": 0.03214,
        "recall_at_1000": 0.31561,
        "recall_at_20": 0.00455,
        "recall_at_3": 0.00043,
        "recall_at_5": 0.00102
      }
    ]
  },
  "task_name": "NFCorpus"
}