{
  "dataset_revision": "ec0fa4fe99da2ff19ca1214b7966684033a58814",
  "evaluation_time": 3.028761386871338,
  "kg_co2_emissions": null,
  "mteb_version": "1.14.12",
  "scores": {
    "test": [
      {
        "hf_subset": "default",
        "languages": [
          "eng-Latn"
        ],
        "main_score": 0.01458,
        "map_at_1": 0.00116,
        "map_at_10": 0.00168,
        "map_at_100": 0.00277,
        "map_at_1000": 0.00715,
        "map_at_20": 0.00192,
        "map_at_3": 0.00131,
        "map_at_5": 0.00151,
        "mrr_at_1": 0.021671826625386997,
        "mrr_at_10": 0.04206103494029189,
        "mrr_at_100": 0.05152752945614309,
        "mrr_at_1000": 0.05317339425518627,
        "mrr_at_20": 0.045566092059876134,
        "mrr_at_3": 0.033023735810113516,
        "mrr_at_5": 0.0370485036119711,
        "nauc_map_at_1000_diff1": 0.18852008354351418,
        "nauc_map_at_1000_max": -0.09763772038776092,
        "nauc_map_at_1000_std": 0.16118519668573347,
        "nauc_map_at_100_diff1": 0.37272593999072734,
        "nauc_map_at_100_max": -0.19716790539494553,
        "nauc_map_at_100_std": 0.21687035676298047,
        "nauc_map_at_10_diff1": 0.5386090895215574,
        "nauc_map_at_10_max": -0.2862759885121948,
        "nauc_map_at_10_std": 0.30513127631883374,
        "nauc_map_at_1_diff1": 0.7568052540270664,
        "nauc_map_at_1_max": -0.4339927463485991,
        "nauc_map_at_1_std": 0.4111705706510952,
        "nauc_map_at_20_diff1": 0.4826007179610589,
        "nauc_map_at_20_max": -0.25734765815000443,
        "nauc_map_at_20_std": 0.2634067636816992,
        "nauc_map_at_3_diff1": 0.6802098446613618,
        "nauc_map_at_3_max": -0.382400081075714,
        "nauc_map_at_3_std": 0.35055601929804925,
        "nauc_map_at_5_diff1": 0.5792748771427589,
        "nauc_map_at_5_max": -0.2910134875686242,
        "nauc_map_at_5_std": 0.32657900857960165,
        "nauc_mrr_at_1000_diff1": 0.17964412323098208,
        "nauc_mrr_at_1000_max": -0.06986572356884549,
        "nauc_mrr_at_1000_std": 0.1690507913698306,
        "nauc_mrr_at_100_diff1": 0.17984785954613725,
        "nauc_mrr_at_100_max": -0.06997765086419051,
        "nauc_mrr_at_100_std": 0.16920484624094892,
        "nauc_mrr_at_10_diff1": 0.1938335524613199,
        "nauc_mrr_at_10_max": -0.08392975119710364,
        "nauc_mrr_at_10_std": 0.17726299676434987,
        "nauc_mrr_at_1_diff1": 0.3768821268396718,
        "nauc_mrr_at_1_max": -0.18957117347887717,
        "nauc_mrr_at_1_std": 0.34655841124156184,
        "nauc_mrr_at_20_diff1": 0.19142601030429426,
        "nauc_mrr_at_20_max": -0.07966929145755969,
        "nauc_mrr_at_20_std": 0.17795910645708532,
        "nauc_mrr_at_3_diff1": 0.2529440298497824,
        "nauc_mrr_at_3_max": -0.07066733707721325,
        "nauc_mrr_at_3_std": 0.175003026866446,
        "nauc_mrr_at_5_diff1": 0.2117475017105458,
        "nauc_mrr_at_5_max": -0.059980933599239866,
        "nauc_mrr_at_5_std": 0.18780439214794367,
        "nauc_ndcg_at_1000_diff1": 0.020366676965626294,
        "nauc_ndcg_at_1000_max": 0.07048058303694141,
        "nauc_ndcg_at_1000_std": 0.03675525329919933,
        "nauc_ndcg_at_100_diff1": 0.08281214343411712,
        "nauc_ndcg_at_100_max": -0.013990406181161706,
        "nauc_ndcg_at_100_std": 0.08992876828880454,
        "nauc_ndcg_at_10_diff1": 0.17866488076784767,
        "nauc_ndcg_at_10_max": -0.10932884442003792,
        "nauc_ndcg_at_10_std": 0.17626897527899615,
        "nauc_ndcg_at_1_diff1": 0.3551596331645922,
        "nauc_ndcg_at_1_max": -0.16001100232017781,
        "nauc_ndcg_at_1_std": 0.36560271430384905,
        "nauc_ndcg_at_20_diff1": 0.1904885312366856,
        "nauc_ndcg_at_20_max": -0.11079974051026312,
        "nauc_ndcg_at_20_std": 0.16246488458820413,
        "nauc_ndcg_at_3_diff1": 0.23388602313011544,
        "nauc_ndcg_at_3_max": -0.04491997299975992,
        "nauc_ndcg_at_3_std": 0.14836094768016575,
        "nauc_ndcg_at_5_diff1": 0.17284388438311166,
        "nauc_ndcg_at_5_max": -0.037237016737481525,
        "nauc_ndcg_at_5_std": 0.17654644565462863,
        "nauc_precision_at_1000_diff1": -0.02072771962172788,
        "nauc_precision_at_1000_max": -0.03000757739870534,
        "nauc_precision_at_1000_std": 0.10363694393897757,
        "nauc_precision_at_100_diff1": -0.009282550103705399,
        "nauc_precision_at_100_max": -0.03612187930579661,
        "nauc_precision_at_100_std": 0.11256044615813496,
        "nauc_precision_at_10_diff1": 0.10491757869584215,
        "nauc_precision_at_10_max": -0.12267263879416941,
        "nauc_precision_at_10_std": 0.14393747790920086,
        "nauc_precision_at_1_diff1": 0.3768821268396718,
        "nauc_precision_at_1_max": -0.18957117347887717,
        "nauc_precision_at_1_std": 0.34655841124156184,
        "nauc_precision_at_20_diff1": 0.125907549327048,
        "nauc_precision_at_20_max": -0.10358140026411228,
        "nauc_precision_at_20_std": 0.13219552749964253,
        "nauc_precision_at_3_diff1": 0.21168988136064237,
        "nauc_precision_at_3_max": -0.02781042153130362,
        "nauc_precision_at_3_std": 0.07135078722288252,
        "nauc_precision_at_5_diff1": 0.11802198807543707,
        "nauc_precision_at_5_max": -0.012790547103666634,
        "nauc_precision_at_5_std": 0.12481152271513157,
        "nauc_recall_at_1000_diff1": -0.0011746099457356576,
        "nauc_recall_at_1000_max": 0.08977114618011665,
        "nauc_recall_at_1000_std": -0.03969883131865693,
        "nauc_recall_at_100_diff1": -0.006292082545555416,
        "nauc_recall_at_100_max": 0.0835363252773877,
        "nauc_recall_at_100_std": -0.009671998401431086,
        "nauc_recall_at_10_diff1": 0.27058991581641706,
        "nauc_recall_at_10_max": -0.13890666257135464,
        "nauc_recall_at_10_std": 0.16665013879791554,
        "nauc_recall_at_1_diff1": 0.7568052540270664,
        "nauc_recall_at_1_max": -0.4339927463485991,
        "nauc_recall_at_1_std": 0.4111705706510952,
        "nauc_recall_at_20_diff1": 0.13292363870733148,
        "nauc_recall_at_20_max": -0.06979781285976651,
        "nauc_recall_at_20_std": 0.04491662046618597,
        "nauc_recall_at_3_diff1": 0.6012938506129221,
        "nauc_recall_at_3_max": -0.33140497193854807,
        "nauc_recall_at_3_std": 0.2879202953413948,
        "nauc_recall_at_5_diff1": 0.35881310828581064,
        "nauc_recall_at_5_max": -0.10534028104280632,
        "nauc_recall_at_5_std": 0.23521219525013098,
        "ndcg_at_1": 0.02012,
        "ndcg_at_10": 0.01458,
        "ndcg_at_100": 0.02231,
        "ndcg_at_1000": 0.10736,
        "ndcg_at_20": 0.01472,
        "ndcg_at_3": 0.01681,
        "ndcg_at_5": 0.01464,
        "precision_at_1": 0.02167,
        "precision_at_10": 0.01362,
        "precision_at_100": 0.01198,
        "precision_at_1000": 0.01148,
        "precision_at_20": 0.01269,
        "precision_at_3": 0.01754,
        "precision_at_5": 0.01424,
        "recall_at_1": 0.00116,
        "recall_at_10": 0.0035,
        "recall_at_100": 0.03176,
        "recall_at_1000": 0.32287,
        "recall_at_20": 0.00641,
        "recall_at_3": 0.00151,
        "recall_at_5": 0.00238
      }
    ]
  },
  "task_name": "NFCorpus"
}