{
  "dataset_revision": "ec0fa4fe99da2ff19ca1214b7966684033a58814",
  "evaluation_time": 3.00384259223938,
  "kg_co2_emissions": null,
  "mteb_version": "1.14.12",
  "scores": {
    "test": [
      {
        "hf_subset": "default",
        "languages": [
          "eng-Latn"
        ],
        "main_score": 0.00952,
        "map_at_1": 0.0,
        "map_at_10": 0.00063,
        "map_at_100": 0.0017,
        "map_at_1000": 0.00577,
        "map_at_20": 0.00078,
        "map_at_3": 0.00037,
        "map_at_5": 0.00043,
        "mrr_at_1": 0.009287925696594427,
        "mrr_at_10": 0.029328222517077007,
        "mrr_at_100": 0.03825271141022779,
        "mrr_at_1000": 0.04017134933619644,
        "mrr_at_20": 0.03237234375999724,
        "mrr_at_3": 0.01857585139318885,
        "mrr_at_5": 0.02368421052631579,
        "nauc_map_at_1000_diff1": 0.11599778470363951,
        "nauc_map_at_1000_max": -0.031081120252439132,
        "nauc_map_at_1000_std": 0.13099111696952512,
        "nauc_map_at_100_diff1": 0.20083090113137186,
        "nauc_map_at_100_max": -0.061234040811958525,
        "nauc_map_at_100_std": 0.1966052808536017,
        "nauc_map_at_10_diff1": 0.2083491786546123,
        "nauc_map_at_10_max": -0.01028331990661075,
        "nauc_map_at_10_std": 0.10857865832667542,
        "nauc_map_at_1_diff1": NaN,
        "nauc_map_at_1_max": NaN,
        "nauc_map_at_1_std": NaN,
        "nauc_map_at_20_diff1": 0.2398548123093032,
        "nauc_map_at_20_max": -0.020543851463035098,
        "nauc_map_at_20_std": 0.1641260870759369,
        "nauc_map_at_3_diff1": 0.10300328454803692,
        "nauc_map_at_3_max": 0.03939351646830894,
        "nauc_map_at_3_std": -0.00875175888447949,
        "nauc_map_at_5_diff1": 0.10792661021687659,
        "nauc_map_at_5_max": 0.020261074598302828,
        "nauc_map_at_5_std": 0.00276520666822839,
        "nauc_mrr_at_1000_diff1": 0.05133859954922747,
        "nauc_mrr_at_1000_max": 0.022463529747943745,
        "nauc_mrr_at_1000_std": 0.10506731030096014,
        "nauc_mrr_at_100_diff1": 0.052017995628912024,
        "nauc_mrr_at_100_max": 0.02155130865762031,
        "nauc_mrr_at_100_std": 0.10786175710029515,
        "nauc_mrr_at_10_diff1": 0.06648346195917594,
        "nauc_mrr_at_10_max": 0.014638051834723744,
        "nauc_mrr_at_10_std": 0.1270066839664416,
        "nauc_mrr_at_1_diff1": -0.11520750138811005,
        "nauc_mrr_at_1_max": 0.2293991336957197,
        "nauc_mrr_at_1_std": 0.08275599870951915,
        "nauc_mrr_at_20_diff1": 0.058569131871245926,
        "nauc_mrr_at_20_max": 0.02597924217536324,
        "nauc_mrr_at_20_std": 0.11374058007515225,
        "nauc_mrr_at_3_diff1": 0.027317608841228466,
        "nauc_mrr_at_3_max": 0.03633093554700995,
        "nauc_mrr_at_3_std": 0.16200651049865789,
        "nauc_mrr_at_5_diff1": 0.017156053266961457,
        "nauc_mrr_at_5_max": 0.0014584630855304548,
        "nauc_mrr_at_5_std": 0.12135009966575655,
        "nauc_ndcg_at_1000_diff1": 0.07236750020503441,
        "nauc_ndcg_at_1000_max": 0.01565995643629312,
        "nauc_ndcg_at_1000_std": 0.1001785315353372,
        "nauc_ndcg_at_100_diff1": 0.08014889663529365,
        "nauc_ndcg_at_100_max": -0.030482109267336816,
        "nauc_ndcg_at_100_std": 0.09835094699113545,
        "nauc_ndcg_at_10_diff1": 0.15046889189442553,
        "nauc_ndcg_at_10_max": 0.041549956594969156,
        "nauc_ndcg_at_10_std": 0.07068428930892778,
        "nauc_ndcg_at_1_diff1": NaN,
        "nauc_ndcg_at_1_max": NaN,
        "nauc_ndcg_at_1_std": NaN,
        "nauc_ndcg_at_20_diff1": 0.10158139224449148,
        "nauc_ndcg_at_20_max": 0.04552343726607857,
        "nauc_ndcg_at_20_std": 0.055414893691824535,
        "nauc_ndcg_at_3_diff1": 0.08165561779701982,
        "nauc_ndcg_at_3_max": -0.042735455250766836,
        "nauc_ndcg_at_3_std": 0.2038869541654195,
        "nauc_ndcg_at_5_diff1": 0.03179401493024845,
        "nauc_ndcg_at_5_max": -0.04520848275823854,
        "nauc_ndcg_at_5_std": 0.08879439428805228,
        "nauc_precision_at_1000_diff1": 0.034305496315924666,
        "nauc_precision_at_1000_max": 0.00011365070300846948,
        "nauc_precision_at_1000_std": 0.0006792274399153107,
        "nauc_precision_at_100_diff1": 0.012224929737440713,
        "nauc_precision_at_100_max": -0.003305508203018714,
        "nauc_precision_at_100_std": 0.01536203187978473,
        "nauc_precision_at_10_diff1": 0.16221658629895375,
        "nauc_precision_at_10_max": 0.037715001107361146,
        "nauc_precision_at_10_std": 0.0974964402471222,
        "nauc_precision_at_1_diff1": NaN,
        "nauc_precision_at_1_max": NaN,
        "nauc_precision_at_1_std": NaN,
        "nauc_precision_at_20_diff1": 0.06599506527199188,
        "nauc_precision_at_20_max": 0.057166294916570146,
        "nauc_precision_at_20_std": 0.04481918743910693,
        "nauc_precision_at_3_diff1": 0.05719854473958808,
        "nauc_precision_at_3_max": -0.08085715796271216,
        "nauc_precision_at_3_std": 0.22514431890311531,
        "nauc_precision_at_5_diff1": 0.019456657518743918,
        "nauc_precision_at_5_max": -0.07820318863022939,
        "nauc_precision_at_5_std": 0.10448277898044336,
        "nauc_recall_at_1000_diff1": 0.0988387013424974,
        "nauc_recall_at_1000_max": -0.036288402624438436,
        "nauc_recall_at_1000_std": 0.1550077957098216,
        "nauc_recall_at_100_diff1": 0.04552441640818434,
        "nauc_recall_at_100_max": -0.04682714608232548,
        "nauc_recall_at_100_std": 0.08546113726638023,
        "nauc_recall_at_10_diff1": 0.26438262284635183,
        "nauc_recall_at_10_max": -0.04337204769808709,
        "nauc_recall_at_10_std": 0.14901174228949934,
        "nauc_recall_at_1_diff1": NaN,
        "nauc_recall_at_1_max": NaN,
        "nauc_recall_at_1_std": NaN,
        "nauc_recall_at_20_diff1": 0.25080020424651384,
        "nauc_recall_at_20_max": -0.048478039632263964,
        "nauc_recall_at_20_std": 0.21446055944957534,
        "nauc_recall_at_3_diff1": 0.10664436522418293,
        "nauc_recall_at_3_max": 0.046493745627595076,
        "nauc_recall_at_3_std": -0.01535221565813546,
        "nauc_recall_at_5_diff1": 0.11765723539013445,
        "nauc_recall_at_5_max": 0.014031499292073188,
        "nauc_recall_at_5_std": 0.002382166769198174,
        "ndcg_at_1": 0.0,
        "ndcg_at_10": 0.00952,
        "ndcg_at_100": 0.01888,
        "ndcg_at_1000": 0.10203,
        "ndcg_at_20": 0.01023,
        "ndcg_at_3": 0.00861,
        "ndcg_at_5": 0.00927,
        "precision_at_1": 0.0,
        "precision_at_10": 0.01115,
        "precision_at_100": 0.01146,
        "precision_at_1000": 0.0115,
        "precision_at_20": 0.01084,
        "precision_at_3": 0.01238,
        "precision_at_5": 0.01238,
        "recall_at_1": 0.0,
        "recall_at_10": 0.00287,
        "recall_at_100": 0.02827,
        "recall_at_1000": 0.31881,
        "recall_at_20": 0.00449,
        "recall_at_3": 0.00107,
        "recall_at_5": 0.00132
      }
    ]
  },
  "task_name": "NFCorpus"
}