{
  "dataset_revision": "ec0fa4fe99da2ff19ca1214b7966684033a58814",
  "evaluation_time": 2.988083839416504,
  "kg_co2_emissions": null,
  "mteb_version": "1.14.12",
  "scores": {
    "test": [
      {
        "hf_subset": "default",
        "languages": [
          "eng-Latn"
        ],
        "main_score": 0.3096,
        "map_at_1": 0.04113,
        "map_at_10": 0.10935,
        "map_at_100": 0.14122,
        "map_at_1000": 0.15567,
        "map_at_20": 0.12171,
        "map_at_3": 0.07755,
        "map_at_5": 0.09163,
        "mrr_at_1": 0.4055727554179567,
        "mrr_at_10": 0.4969789670254068,
        "mrr_at_100": 0.5039297311041764,
        "mrr_at_1000": 0.5044435202094165,
        "mrr_at_20": 0.5015741363032148,
        "mrr_at_3": 0.4731682146542829,
        "mrr_at_5": 0.48849329205366376,
        "nauc_map_at_1000_diff1": 0.13155877126997323,
        "nauc_map_at_1000_max": 0.2771531393940331,
        "nauc_map_at_1000_std": 0.21430648901697663,
        "nauc_map_at_100_diff1": 0.15618943003468413,
        "nauc_map_at_100_max": 0.2648119663573918,
        "nauc_map_at_100_std": 0.17492300575390435,
        "nauc_map_at_10_diff1": 0.21118043987766671,
        "nauc_map_at_10_max": 0.20613693620405296,
        "nauc_map_at_10_std": 0.04286475895023571,
        "nauc_map_at_1_diff1": 0.3429317044432644,
        "nauc_map_at_1_max": 0.09815556514006485,
        "nauc_map_at_1_std": -0.07588892777062127,
        "nauc_map_at_20_diff1": 0.19347111681947948,
        "nauc_map_at_20_max": 0.24001617126016433,
        "nauc_map_at_20_std": 0.10057147623865005,
        "nauc_map_at_3_diff1": 0.2590491227442856,
        "nauc_map_at_3_max": 0.13265075693442735,
        "nauc_map_at_3_std": -0.03587209163671417,
        "nauc_map_at_5_diff1": 0.23637705449063576,
        "nauc_map_at_5_max": 0.16705711219023672,
        "nauc_map_at_5_std": -0.003007137871727516,
        "nauc_mrr_at_1000_diff1": 0.2840503373543328,
        "nauc_mrr_at_1000_max": 0.44602820998796916,
        "nauc_mrr_at_1000_std": 0.24299383495665605,
        "nauc_mrr_at_100_diff1": 0.28388284241902473,
        "nauc_mrr_at_100_max": 0.4463422384991953,
        "nauc_mrr_at_100_std": 0.24359653070739803,
        "nauc_mrr_at_10_diff1": 0.2862256070153223,
        "nauc_mrr_at_10_max": 0.443778558572688,
        "nauc_mrr_at_10_std": 0.2367680528022319,
        "nauc_mrr_at_1_diff1": 0.3012869238578269,
        "nauc_mrr_at_1_max": 0.3873339034081574,
        "nauc_mrr_at_1_std": 0.16253548543965823,
        "nauc_mrr_at_20_diff1": 0.28434881529593004,
        "nauc_mrr_at_20_max": 0.4441553499203439,
        "nauc_mrr_at_20_std": 0.24183882227452094,
        "nauc_mrr_at_3_diff1": 0.28211724227127444,
        "nauc_mrr_at_3_max": 0.4344731712278484,
        "nauc_mrr_at_3_std": 0.22882606011927617,
        "nauc_mrr_at_5_diff1": 0.2873057628788775,
        "nauc_mrr_at_5_max": 0.4509822355059845,
        "nauc_mrr_at_5_std": 0.23945873177182125,
        "nauc_ndcg_at_1000_diff1": 0.11735268651692084,
        "nauc_ndcg_at_1000_max": 0.44288265748204686,
        "nauc_ndcg_at_1000_std": 0.3903483459628125,
        "nauc_ndcg_at_100_diff1": 0.12521361024354966,
        "nauc_ndcg_at_100_max": 0.365487982618375,
        "nauc_ndcg_at_100_std": 0.31300253439514003,
        "nauc_ndcg_at_10_diff1": 0.11294439394150046,
        "nauc_ndcg_at_10_max": 0.3381477450396014,
        "nauc_ndcg_at_10_std": 0.2716793106693,
        "nauc_ndcg_at_1_diff1": 0.30399479236241866,
        "nauc_ndcg_at_1_max": 0.35491091688025717,
        "nauc_ndcg_at_1_std": 0.14741966488011474,
        "nauc_ndcg_at_20_diff1": 0.08075614220344557,
        "nauc_ndcg_at_20_max": 0.33139380824591413,
        "nauc_ndcg_at_20_std": 0.29623513268094515,
        "nauc_ndcg_at_3_diff1": 0.18072551673585868,
        "nauc_ndcg_at_3_max": 0.34464581542183637,
        "nauc_ndcg_at_3_std": 0.22586363073975638,
        "nauc_ndcg_at_5_diff1": 0.1521590216928035,
        "nauc_ndcg_at_5_max": 0.35509244691619246,
        "nauc_ndcg_at_5_std": 0.2590915747908504,
        "nauc_precision_at_1000_diff1": -0.23098326661565752,
        "nauc_precision_at_1000_max": 0.08793679382889735,
        "nauc_precision_at_1000_std": 0.3318341821043138,
        "nauc_precision_at_100_diff1": -0.20471009060675913,
        "nauc_precision_at_100_max": 0.19647931404883742,
        "nauc_precision_at_100_std": 0.4567021538396322,
        "nauc_precision_at_10_diff1": -0.040460254768439466,
        "nauc_precision_at_10_max": 0.34964244102728964,
        "nauc_precision_at_10_std": 0.38052449745153855,
        "nauc_precision_at_1_diff1": 0.30951049585226575,
        "nauc_precision_at_1_max": 0.38797250058378024,
        "nauc_precision_at_1_std": 0.14748838428237154,
        "nauc_precision_at_20_diff1": -0.12930731521533526,
        "nauc_precision_at_20_max": 0.31054653879571503,
        "nauc_precision_at_20_std": 0.44522937084177105,
        "nauc_precision_at_3_diff1": 0.10608346295149382,
        "nauc_precision_at_3_max": 0.37954909925462615,
        "nauc_precision_at_3_std": 0.2954829868042705,
        "nauc_precision_at_5_diff1": 0.04597714230602166,
        "nauc_precision_at_5_max": 0.39435740393417557,
        "nauc_precision_at_5_std": 0.35240005814980796,
        "nauc_recall_at_1000_diff1": -0.023251303110333913,
        "nauc_recall_at_1000_max": 0.2823345909740731,
        "nauc_recall_at_1000_std": 0.300858545476761,
        "nauc_recall_at_100_diff1": 0.08766857243915263,
        "nauc_recall_at_100_max": 0.24063140613193315,
        "nauc_recall_at_100_std": 0.22023171003485933,
        "nauc_recall_at_10_diff1": 0.1600126440605562,
        "nauc_recall_at_10_max": 0.1525987654866799,
        "nauc_recall_at_10_std": 0.019837921583992772,
        "nauc_recall_at_1_diff1": 0.3429317044432644,
        "nauc_recall_at_1_max": 0.09815556514006485,
        "nauc_recall_at_1_std": -0.07588892777062127,
        "nauc_recall_at_20_diff1": 0.1316827793172864,
        "nauc_recall_at_20_max": 0.18317029317530162,
        "nauc_recall_at_20_std": 0.09261719234683799,
        "nauc_recall_at_3_diff1": 0.21062639453307422,
        "nauc_recall_at_3_max": 0.1135643588516489,
        "nauc_recall_at_3_std": -0.042559838273820955,
        "nauc_recall_at_5_diff1": 0.1778624434123488,
        "nauc_recall_at_5_max": 0.1375920276698116,
        "nauc_recall_at_5_std": -0.004912753035007295,
        "ndcg_at_1": 0.38545,
        "ndcg_at_10": 0.3096,
        "ndcg_at_100": 0.2902,
        "ndcg_at_1000": 0.38036,
        "ndcg_at_20": 0.28992,
        "ndcg_at_3": 0.3526,
        "ndcg_at_5": 0.33437,
        "precision_at_1": 0.40248,
        "precision_at_10": 0.23591,
        "precision_at_100": 0.07851,
        "precision_at_1000": 0.02091,
        "precision_at_20": 0.17601,
        "precision_at_3": 0.33333,
        "precision_at_5": 0.29536,
        "recall_at_1": 0.04113,
        "recall_at_10": 0.1532,
        "recall_at_100": 0.30499,
        "recall_at_1000": 0.63056,
        "recall_at_20": 0.19011,
        "recall_at_3": 0.09096,
        "recall_at_5": 0.11628
      }
    ]
  },
  "task_name": "NFCorpus"
}