{
  "dataset_revision": "ec0fa4fe99da2ff19ca1214b7966684033a58814",
  "evaluation_time": 3.0407609939575195,
  "kg_co2_emissions": null,
  "mteb_version": "1.14.12",
  "scores": {
    "test": [
      {
        "hf_subset": "default",
        "languages": [
          "eng-Latn"
        ],
        "main_score": 0.02656,
        "map_at_1": 0.00064,
        "map_at_10": 0.00294,
        "map_at_100": 0.00593,
        "map_at_1000": 0.01236,
        "map_at_20": 0.0036,
        "map_at_3": 0.00124,
        "map_at_5": 0.00211,
        "mrr_at_1": 0.034055727554179564,
        "mrr_at_10": 0.06310752371123887,
        "mrr_at_100": 0.07388337299736297,
        "mrr_at_1000": 0.07570443282644296,
        "mrr_at_20": 0.06742795893679157,
        "mrr_at_3": 0.04592363261093912,
        "mrr_at_5": 0.05567595459236326,
        "nauc_map_at_1000_diff1": -0.04641858389080706,
        "nauc_map_at_1000_max": 0.22550824969968816,
        "nauc_map_at_1000_std": -0.07206798028404403,
        "nauc_map_at_100_diff1": -0.030461060256523464,
        "nauc_map_at_100_max": 0.32577047231526884,
        "nauc_map_at_100_std": -0.09498885888937256,
        "nauc_map_at_10_diff1": 0.045485018887572046,
        "nauc_map_at_10_max": 0.36591580139855173,
        "nauc_map_at_10_std": -0.14401507887728093,
        "nauc_map_at_1_diff1": 0.08799015243313273,
        "nauc_map_at_1_max": 0.2976502981874973,
        "nauc_map_at_1_std": -0.22568688828288733,
        "nauc_map_at_20_diff1": 0.003756194115400824,
        "nauc_map_at_20_max": 0.3609229670154811,
        "nauc_map_at_20_std": -0.12221114901746533,
        "nauc_map_at_3_diff1": 0.010927813848167945,
        "nauc_map_at_3_max": 0.26877243717724697,
        "nauc_map_at_3_std": -0.12898647673459787,
        "nauc_map_at_5_diff1": 0.09313390350355889,
        "nauc_map_at_5_max": 0.45737419887999925,
        "nauc_map_at_5_std": -0.16970626185437987,
        "nauc_mrr_at_1000_diff1": -0.07889807842123726,
        "nauc_mrr_at_1000_max": 0.17989675063454982,
        "nauc_mrr_at_1000_std": -0.11170866504725933,
        "nauc_mrr_at_100_diff1": -0.07938506280236106,
        "nauc_mrr_at_100_max": 0.17847794520665503,
        "nauc_mrr_at_100_std": -0.11007359618555058,
        "nauc_mrr_at_10_diff1": -0.08067639229862304,
        "nauc_mrr_at_10_max": 0.1836552510003485,
        "nauc_mrr_at_10_std": -0.10889988365421917,
        "nauc_mrr_at_1_diff1": -0.10445894500136058,
        "nauc_mrr_at_1_max": 0.2219262231373206,
        "nauc_mrr_at_1_std": -0.2303879522705016,
        "nauc_mrr_at_20_diff1": -0.0837529298692847,
        "nauc_mrr_at_20_max": 0.1762720667045886,
        "nauc_mrr_at_20_std": -0.10859755903369951,
        "nauc_mrr_at_3_diff1": -0.09365680303656888,
        "nauc_mrr_at_3_max": 0.19434633570144186,
        "nauc_mrr_at_3_std": -0.11916725935896859,
        "nauc_mrr_at_5_diff1": -0.06187815882706469,
        "nauc_mrr_at_5_max": 0.18744074890748663,
        "nauc_mrr_at_5_std": -0.10754473779871905,
        "nauc_ndcg_at_1000_diff1": -0.06010183216413656,
        "nauc_ndcg_at_1000_max": 0.13237732465945867,
        "nauc_ndcg_at_1000_std": -0.09090630177214189,
        "nauc_ndcg_at_100_diff1": -0.055303424355506337,
        "nauc_ndcg_at_100_max": 0.1772935210629399,
        "nauc_ndcg_at_100_std": -0.06486650159130114,
        "nauc_ndcg_at_10_diff1": -0.07196687072974556,
        "nauc_ndcg_at_10_max": 0.15571831534170796,
        "nauc_ndcg_at_10_std": -0.061279217163498004,
        "nauc_ndcg_at_1_diff1": -0.1408272064116972,
        "nauc_ndcg_at_1_max": 0.20110011259073055,
        "nauc_ndcg_at_1_std": -0.23802263499955523,
        "nauc_ndcg_at_20_diff1": -0.08316518859737938,
        "nauc_ndcg_at_20_max": 0.14728974738861908,
        "nauc_ndcg_at_20_std": -0.057232057412778065,
        "nauc_ndcg_at_3_diff1": -0.09351820938935865,
        "nauc_ndcg_at_3_max": 0.13914968582447032,
        "nauc_ndcg_at_3_std": -0.06847579071996222,
        "nauc_ndcg_at_5_diff1": -0.04603522236716211,
        "nauc_ndcg_at_5_max": 0.17539719406519547,
        "nauc_ndcg_at_5_std": -0.06327318516389367,
        "nauc_precision_at_1000_diff1": -0.041780307241641904,
        "nauc_precision_at_1000_max": 0.0032845640608525914,
        "nauc_precision_at_1000_std": 0.019349104783708642,
        "nauc_precision_at_100_diff1": -0.05950550929129782,
        "nauc_precision_at_100_max": 0.07812767501343687,
        "nauc_precision_at_100_std": 0.0009392042086697035,
        "nauc_precision_at_10_diff1": -0.0837082052942601,
        "nauc_precision_at_10_max": 0.14855400819187967,
        "nauc_precision_at_10_std": -0.047776754899557405,
        "nauc_precision_at_1_diff1": -0.10445894500136058,
        "nauc_precision_at_1_max": 0.2219262231373206,
        "nauc_precision_at_1_std": -0.2303879522705016,
        "nauc_precision_at_20_diff1": -0.09752676877593931,
        "nauc_precision_at_20_max": 0.10611897784080623,
        "nauc_precision_at_20_std": -0.030943317906210095,
        "nauc_precision_at_3_diff1": -0.07160476103679389,
        "nauc_precision_at_3_max": 0.16072525083617772,
        "nauc_precision_at_3_std": -0.02120031683579675,
        "nauc_precision_at_5_diff1": -0.015345020744458404,
        "nauc_precision_at_5_max": 0.19075803670340855,
        "nauc_precision_at_5_std": -0.02508556291993363,
        "nauc_recall_at_1000_diff1": -0.036751466371204286,
        "nauc_recall_at_1000_max": 0.0703742742291135,
        "nauc_recall_at_1000_std": -0.0995199596302595,
        "nauc_recall_at_100_diff1": -0.05834097074137139,
        "nauc_recall_at_100_max": 0.15551443128491993,
        "nauc_recall_at_100_std": -0.07621015858599409,
        "nauc_recall_at_10_diff1": -0.0022434492264142704,
        "nauc_recall_at_10_max": 0.270823347066967,
        "nauc_recall_at_10_std": -0.11270500648858787,
        "nauc_recall_at_1_diff1": 0.08799015243313273,
        "nauc_recall_at_1_max": 0.2976502981874973,
        "nauc_recall_at_1_std": -0.22568688828288733,
        "nauc_recall_at_20_diff1": -0.06752452306341059,
        "nauc_recall_at_20_max": 0.23996729546918055,
        "nauc_recall_at_20_std": -0.10236905063540994,
        "nauc_recall_at_3_diff1": -0.06390307581513488,
        "nauc_recall_at_3_max": 0.26399337214537855,
        "nauc_recall_at_3_std": -0.04637823468354277,
        "nauc_recall_at_5_diff1": 0.0808014103039193,
        "nauc_recall_at_5_max": 0.5465518564667365,
        "nauc_recall_at_5_std": -0.17385603286252913,
        "ndcg_at_1": 0.03251,
        "ndcg_at_10": 0.02656,
        "ndcg_at_100": 0.03921,
        "ndcg_at_1000": 0.13813,
        "ndcg_at_20": 0.02595,
        "ndcg_at_3": 0.02598,
        "ndcg_at_5": 0.02808,
        "precision_at_1": 0.03406,
        "precision_at_10": 0.02632,
        "precision_at_100": 0.01882,
        "precision_at_1000": 0.01352,
        "precision_at_20": 0.02245,
        "precision_at_3": 0.02683,
        "precision_at_5": 0.0291,
        "recall_at_1": 0.00064,
        "recall_at_10": 0.00936,
        "recall_at_100": 0.0582,
        "recall_at_1000": 0.39798,
        "recall_at_20": 0.01403,
        "recall_at_3": 0.00185,
        "recall_at_5": 0.00478
      }
    ]
  },
  "task_name": "NFCorpus"
}