{
  "dataset_revision": "ec0fa4fe99da2ff19ca1214b7966684033a58814",
  "evaluation_time": 3.0422887802124023,
  "kg_co2_emissions": null,
  "mteb_version": "1.14.12",
  "scores": {
    "test": [
      {
        "hf_subset": "default",
        "languages": [
          "eng-Latn"
        ],
        "main_score": 0.19639,
        "map_at_1": 0.02794,
        "map_at_10": 0.06075,
        "map_at_100": 0.07818,
        "map_at_1000": 0.08949,
        "map_at_20": 0.06781,
        "map_at_3": 0.04388,
        "map_at_5": 0.05108,
        "mrr_at_1": 0.2786377708978328,
        "mrr_at_10": 0.36003980539584246,
        "mrr_at_100": 0.3676928421858668,
        "mrr_at_1000": 0.36836325170707984,
        "mrr_at_20": 0.36367730615854327,
        "mrr_at_3": 0.3364293085655314,
        "mrr_at_5": 0.34834881320949423,
        "nauc_map_at_1000_diff1": 0.1289142096328312,
        "nauc_map_at_1000_max": 0.3728520839296848,
        "nauc_map_at_1000_std": 0.19018457561232854,
        "nauc_map_at_100_diff1": 0.139757831743099,
        "nauc_map_at_100_max": 0.36450400584118564,
        "nauc_map_at_100_std": 0.1545016115162625,
        "nauc_map_at_10_diff1": 0.15700100769222164,
        "nauc_map_at_10_max": 0.3245555547618383,
        "nauc_map_at_10_std": 0.07142321716081863,
        "nauc_map_at_1_diff1": 0.2114947388747009,
        "nauc_map_at_1_max": 0.21200747020163427,
        "nauc_map_at_1_std": -0.11929719622141353,
        "nauc_map_at_20_diff1": 0.1484147260862054,
        "nauc_map_at_20_max": 0.34374459587636835,
        "nauc_map_at_20_std": 0.10917757234011298,
        "nauc_map_at_3_diff1": 0.19111955432274924,
        "nauc_map_at_3_max": 0.287549174040075,
        "nauc_map_at_3_std": -0.03245582791328722,
        "nauc_map_at_5_diff1": 0.1556611908162232,
        "nauc_map_at_5_max": 0.2912870430994585,
        "nauc_map_at_5_std": 0.0073497290483539555,
        "nauc_mrr_at_1000_diff1": 0.22733275354950555,
        "nauc_mrr_at_1000_max": 0.3686683061400368,
        "nauc_mrr_at_1000_std": 0.13579466745664498,
        "nauc_mrr_at_100_diff1": 0.22725263938527995,
        "nauc_mrr_at_100_max": 0.36919522354240136,
        "nauc_mrr_at_100_std": 0.1360301284040994,
        "nauc_mrr_at_10_diff1": 0.22908811790448652,
        "nauc_mrr_at_10_max": 0.3671785024366305,
        "nauc_mrr_at_10_std": 0.1353888589330655,
        "nauc_mrr_at_1_diff1": 0.2848638840378978,
        "nauc_mrr_at_1_max": 0.3478991402156551,
        "nauc_mrr_at_1_std": 0.09720960790210048,
        "nauc_mrr_at_20_diff1": 0.22593657827068847,
        "nauc_mrr_at_20_max": 0.36801572951002304,
        "nauc_mrr_at_20_std": 0.13630249231744967,
        "nauc_mrr_at_3_diff1": 0.23594798135362005,
        "nauc_mrr_at_3_max": 0.3489020496375203,
        "nauc_mrr_at_3_std": 0.12750094156205746,
        "nauc_mrr_at_5_diff1": 0.2206504913505252,
        "nauc_mrr_at_5_max": 0.3608336514053071,
        "nauc_mrr_at_5_std": 0.12949759745091893,
        "nauc_ndcg_at_1000_diff1": 0.1396919955641772,
        "nauc_ndcg_at_1000_max": 0.47449441381986607,
        "nauc_ndcg_at_1000_std": 0.30464034705866827,
        "nauc_ndcg_at_100_diff1": 0.14059045649615015,
        "nauc_ndcg_at_100_max": 0.40894022508224126,
        "nauc_ndcg_at_100_std": 0.229277527456918,
        "nauc_ndcg_at_10_diff1": 0.14577485170152324,
        "nauc_ndcg_at_10_max": 0.3742610882419122,
        "nauc_ndcg_at_10_std": 0.2204507144902507,
        "nauc_ndcg_at_1_diff1": 0.2797929606928464,
        "nauc_ndcg_at_1_max": 0.3294573515096514,
        "nauc_ndcg_at_1_std": 0.10379037204363799,
        "nauc_ndcg_at_20_diff1": 0.15359014695698214,
        "nauc_ndcg_at_20_max": 0.3812511037429723,
        "nauc_ndcg_at_20_std": 0.2237394362725152,
        "nauc_ndcg_at_3_diff1": 0.15240435851514353,
        "nauc_ndcg_at_3_max": 0.3291700209388504,
        "nauc_ndcg_at_3_std": 0.1614466363030088,
        "nauc_ndcg_at_5_diff1": 0.12175030414798375,
        "nauc_ndcg_at_5_max": 0.3495374112611485,
        "nauc_ndcg_at_5_std": 0.18329117980739199,
        "nauc_precision_at_1000_diff1": -0.0688857673506382,
        "nauc_precision_at_1000_max": 0.08617075117573439,
        "nauc_precision_at_1000_std": 0.2178631142393923,
        "nauc_precision_at_100_diff1": -0.015287999745420977,
        "nauc_precision_at_100_max": 0.25131940373432854,
        "nauc_precision_at_100_std": 0.3751541737859981,
        "nauc_precision_at_10_diff1": 0.05855283614554154,
        "nauc_precision_at_10_max": 0.3789956518564799,
        "nauc_precision_at_10_std": 0.340038560193206,
        "nauc_precision_at_1_diff1": 0.2848638840378978,
        "nauc_precision_at_1_max": 0.3478991402156551,
        "nauc_precision_at_1_std": 0.09720960790210048,
        "nauc_precision_at_20_diff1": 0.04123250183375344,
        "nauc_precision_at_20_max": 0.3634999146551664,
        "nauc_precision_at_20_std": 0.3648540612788591,
        "nauc_precision_at_3_diff1": 0.09489593782329597,
        "nauc_precision_at_3_max": 0.3451334806472437,
        "nauc_precision_at_3_std": 0.21551032936177184,
        "nauc_precision_at_5_diff1": 0.030753486515591417,
        "nauc_precision_at_5_max": 0.3654599510046512,
        "nauc_precision_at_5_std": 0.26256767150526916,
        "nauc_recall_at_1000_diff1": 0.057796949173005346,
        "nauc_recall_at_1000_max": 0.2588384442087586,
        "nauc_recall_at_1000_std": 0.24525419925803718,
        "nauc_recall_at_100_diff1": 0.06969175685414974,
        "nauc_recall_at_100_max": 0.24428545614570418,
        "nauc_recall_at_100_std": 0.16160804747328095,
        "nauc_recall_at_10_diff1": 0.11979181952241995,
        "nauc_recall_at_10_max": 0.2637444017501763,
        "nauc_recall_at_10_std": 0.08532734962219701,
        "nauc_recall_at_1_diff1": 0.2114947388747009,
        "nauc_recall_at_1_max": 0.21200747020163427,
        "nauc_recall_at_1_std": -0.11929719622141353,
        "nauc_recall_at_20_diff1": 0.10421862957679724,
        "nauc_recall_at_20_max": 0.23682042958005076,
        "nauc_recall_at_20_std": 0.11648101946364643,
        "nauc_recall_at_3_diff1": 0.17368699385612069,
        "nauc_recall_at_3_max": 0.26210322871268155,
        "nauc_recall_at_3_std": -0.03301160453221423,
        "nauc_recall_at_5_diff1": 0.09150864585756678,
        "nauc_recall_at_5_max": 0.2410532447074394,
        "nauc_recall_at_5_std": 0.011688832295740869,
        "ndcg_at_1": 0.26161,
        "ndcg_at_10": 0.19639,
        "ndcg_at_100": 0.19005,
        "ndcg_at_1000": 0.28808,
        "ndcg_at_20": 0.1832,
        "ndcg_at_3": 0.23269,
        "ndcg_at_5": 0.21299,
        "precision_at_1": 0.27864,
        "precision_at_10": 0.15077,
        "precision_at_100": 0.05133,
        "precision_at_1000": 0.01797,
        "precision_at_20": 0.11037,
        "precision_at_3": 0.22188,
        "precision_at_5": 0.18452,
        "recall_at_1": 0.02794,
        "recall_at_10": 0.09219,
        "recall_at_100": 0.21583,
        "recall_at_1000": 0.55754,
        "recall_at_20": 0.12046,
        "recall_at_3": 0.05151,
        "recall_at_5": 0.06697
      }
    ]
  },
  "task_name": "NFCorpus"
}