{
  "dataset_revision": "ec0fa4fe99da2ff19ca1214b7966684033a58814",
  "evaluation_time": 3.000610828399658,
  "kg_co2_emissions": null,
  "mteb_version": "1.14.12",
  "scores": {
    "test": [
      {
        "hf_subset": "default",
        "languages": [
          "eng-Latn"
        ],
        "main_score": 0.30096,
        "map_at_1": 0.04233,
        "map_at_10": 0.1065,
        "map_at_100": 0.1378,
        "map_at_1000": 0.1519,
        "map_at_20": 0.11936,
        "map_at_3": 0.07806,
        "map_at_5": 0.09049,
        "mrr_at_1": 0.4241486068111455,
        "mrr_at_10": 0.5020209838321293,
        "mrr_at_100": 0.5087177402966164,
        "mrr_at_1000": 0.5091689746980064,
        "mrr_at_20": 0.5060071187725053,
        "mrr_at_3": 0.48039215686274517,
        "mrr_at_5": 0.49231166150670796,
        "nauc_map_at_1000_diff1": 0.15967415600001006,
        "nauc_map_at_1000_max": 0.28972671129874633,
        "nauc_map_at_1000_std": 0.19675633706157197,
        "nauc_map_at_100_diff1": 0.18118780756753453,
        "nauc_map_at_100_max": 0.2805200979369013,
        "nauc_map_at_100_std": 0.1614516749937385,
        "nauc_map_at_10_diff1": 0.24102364918745256,
        "nauc_map_at_10_max": 0.2317128826939282,
        "nauc_map_at_10_std": 0.037228681525497215,
        "nauc_map_at_1_diff1": 0.36663223846760634,
        "nauc_map_at_1_max": 0.08341892741500961,
        "nauc_map_at_1_std": -0.08169279153540117,
        "nauc_map_at_20_diff1": 0.21638465611932145,
        "nauc_map_at_20_max": 0.25913696822741616,
        "nauc_map_at_20_std": 0.09188042534457108,
        "nauc_map_at_3_diff1": 0.2788447257012243,
        "nauc_map_at_3_max": 0.13829494750713417,
        "nauc_map_at_3_std": -0.04198948098366948,
        "nauc_map_at_5_diff1": 0.26051358760296117,
        "nauc_map_at_5_max": 0.1823015075624715,
        "nauc_map_at_5_std": -0.017250979763619046,
        "nauc_mrr_at_1000_diff1": 0.23636127951887376,
        "nauc_mrr_at_1000_max": 0.42709645218247166,
        "nauc_mrr_at_1000_std": 0.2468278467617151,
        "nauc_mrr_at_100_diff1": 0.23644457181583636,
        "nauc_mrr_at_100_max": 0.4274101968876242,
        "nauc_mrr_at_100_std": 0.24728446209299498,
        "nauc_mrr_at_10_diff1": 0.23840303479558328,
        "nauc_mrr_at_10_max": 0.42509035850044946,
        "nauc_mrr_at_10_std": 0.24054003889582348,
        "nauc_mrr_at_1_diff1": 0.23220198576775772,
        "nauc_mrr_at_1_max": 0.36866151476591497,
        "nauc_mrr_at_1_std": 0.19822326355228692,
        "nauc_mrr_at_20_diff1": 0.23666186504620965,
        "nauc_mrr_at_20_max": 0.4257519991157998,
        "nauc_mrr_at_20_std": 0.2439223257459206,
        "nauc_mrr_at_3_diff1": 0.2306605054129611,
        "nauc_mrr_at_3_max": 0.4195769913878085,
        "nauc_mrr_at_3_std": 0.23477734670877126,
        "nauc_mrr_at_5_diff1": 0.22854929015015493,
        "nauc_mrr_at_5_max": 0.4302844569893045,
        "nauc_mrr_at_5_std": 0.2422992790783553,
        "nauc_ndcg_at_1000_diff1": 0.14831607683304612,
        "nauc_ndcg_at_1000_max": 0.43879722787742087,
        "nauc_ndcg_at_1000_std": 0.36845193989298447,
        "nauc_ndcg_at_100_diff1": 0.13772379256701003,
        "nauc_ndcg_at_100_max": 0.37120898679897835,
        "nauc_ndcg_at_100_std": 0.2940260303740039,
        "nauc_ndcg_at_10_diff1": 0.11259826706360378,
        "nauc_ndcg_at_10_max": 0.34982244777897925,
        "nauc_ndcg_at_10_std": 0.2643808231796465,
        "nauc_ndcg_at_1_diff1": 0.2424276968509752,
        "nauc_ndcg_at_1_max": 0.337945610283564,
        "nauc_ndcg_at_1_std": 0.18587876419962812,
        "nauc_ndcg_at_20_diff1": 0.0870404968938952,
        "nauc_ndcg_at_20_max": 0.33494977553615624,
        "nauc_ndcg_at_20_std": 0.2819990476135258,
        "nauc_ndcg_at_3_diff1": 0.14613486807352594,
        "nauc_ndcg_at_3_max": 0.3443509595268693,
        "nauc_ndcg_at_3_std": 0.23246616043513904,
        "nauc_ndcg_at_5_diff1": 0.1360291714665988,
        "nauc_ndcg_at_5_max": 0.34875680329504766,
        "nauc_ndcg_at_5_std": 0.23959827791717958,
        "nauc_precision_at_1000_diff1": -0.210445806851042,
        "nauc_precision_at_1000_max": 0.07956279374767466,
        "nauc_precision_at_1000_std": 0.3091833008778627,
        "nauc_precision_at_100_diff1": -0.20396046349255992,
        "nauc_precision_at_100_max": 0.1989569537928876,
        "nauc_precision_at_100_std": 0.4440794718136383,
        "nauc_precision_at_10_diff1": -0.045116734672464395,
        "nauc_precision_at_10_max": 0.37057432353435793,
        "nauc_precision_at_10_std": 0.37653403352293174,
        "nauc_precision_at_1_diff1": 0.24888006757604414,
        "nauc_precision_at_1_max": 0.36745639875557257,
        "nauc_precision_at_1_std": 0.19102143757893528,
        "nauc_precision_at_20_diff1": -0.1322720700475168,
        "nauc_precision_at_20_max": 0.3036858987578418,
        "nauc_precision_at_20_std": 0.432705782383624,
        "nauc_precision_at_3_diff1": 0.06894289616676116,
        "nauc_precision_at_3_max": 0.3823682971762505,
        "nauc_precision_at_3_std": 0.2935729109294554,
        "nauc_precision_at_5_diff1": 0.025179557714715507,
        "nauc_precision_at_5_max": 0.39289624835971276,
        "nauc_precision_at_5_std": 0.3184878308806686,
        "nauc_recall_at_1000_diff1": 0.07066019254349268,
        "nauc_recall_at_1000_max": 0.27767969175634455,
        "nauc_recall_at_1000_std": 0.28715500789232407,
        "nauc_recall_at_100_diff1": 0.11969879555423726,
        "nauc_recall_at_100_max": 0.23789177137552245,
        "nauc_recall_at_100_std": 0.18971945910405913,
        "nauc_recall_at_10_diff1": 0.22015116586640424,
        "nauc_recall_at_10_max": 0.20509268238034375,
        "nauc_recall_at_10_std": 0.021899984933358894,
        "nauc_recall_at_1_diff1": 0.36663223846760634,
        "nauc_recall_at_1_max": 0.08341892741500961,
        "nauc_recall_at_1_std": -0.08169279153540117,
        "nauc_recall_at_20_diff1": 0.1687332573143799,
        "nauc_recall_at_20_max": 0.21247765890275536,
        "nauc_recall_at_20_std": 0.07317971116484667,
        "nauc_recall_at_3_diff1": 0.2545580220125112,
        "nauc_recall_at_3_max": 0.12648578135281213,
        "nauc_recall_at_3_std": -0.04896558873510082,
        "nauc_recall_at_5_diff1": 0.2372938994296146,
        "nauc_recall_at_5_max": 0.1657911605472056,
        "nauc_recall_at_5_std": -0.028068101011832592,
        "ndcg_at_1": 0.39938,
        "ndcg_at_10": 0.30096,
        "ndcg_at_100": 0.28444,
        "ndcg_at_1000": 0.37387,
        "ndcg_at_20": 0.2845,
        "ndcg_at_3": 0.35389,
        "ndcg_at_5": 0.32637,
        "precision_at_1": 0.41796,
        "precision_at_10": 0.22724,
        "precision_at_100": 0.07551,
        "precision_at_1000": 0.02057,
        "precision_at_20": 0.17136,
        "precision_at_3": 0.33024,
        "precision_at_5": 0.2805,
        "recall_at_1": 0.04233,
        "recall_at_10": 0.14388,
        "recall_at_100": 0.30212,
        "recall_at_1000": 0.61898,
        "recall_at_20": 0.18587,
        "recall_at_3": 0.08901,
        "recall_at_5": 0.10951
      }
    ]
  },
  "task_name": "NFCorpus"
}