{
  "dataset_revision": "ec0fa4fe99da2ff19ca1214b7966684033a58814",
  "evaluation_time": 3.026231527328491,
  "kg_co2_emissions": null,
  "mteb_version": "1.14.12",
  "scores": {
    "test": [
      {
        "hf_subset": "default",
        "languages": [
          "eng-Latn"
        ],
        "main_score": 0.28801,
        "map_at_1": 0.04053,
        "map_at_10": 0.10109,
        "map_at_100": 0.12612,
        "map_at_1000": 0.13788,
        "map_at_20": 0.11128,
        "map_at_3": 0.07177,
        "map_at_5": 0.08634,
        "mrr_at_1": 0.38080495356037153,
        "mrr_at_10": 0.47323332841908683,
        "mrr_at_100": 0.4796442695995398,
        "mrr_at_1000": 0.4801395163120622,
        "mrr_at_20": 0.47703287007052014,
        "mrr_at_3": 0.44943240454076366,
        "mrr_at_5": 0.46367389060887515,
        "nauc_map_at_1000_diff1": 0.14923754770868586,
        "nauc_map_at_1000_max": 0.1985460749872182,
        "nauc_map_at_1000_std": 0.19426418150154084,
        "nauc_map_at_100_diff1": 0.1681102503489778,
        "nauc_map_at_100_max": 0.18500530012216831,
        "nauc_map_at_100_std": 0.16359291900760764,
        "nauc_map_at_10_diff1": 0.21568147268377574,
        "nauc_map_at_10_max": 0.15631601115185234,
        "nauc_map_at_10_std": 0.05532458451651391,
        "nauc_map_at_1_diff1": 0.37047817285498974,
        "nauc_map_at_1_max": 0.06467735412052421,
        "nauc_map_at_1_std": -0.10562962329260553,
        "nauc_map_at_20_diff1": 0.20018056271801313,
        "nauc_map_at_20_max": 0.1681760166545257,
        "nauc_map_at_20_std": 0.10354795972692817,
        "nauc_map_at_3_diff1": 0.26852631399337945,
        "nauc_map_at_3_max": 0.10476521230220107,
        "nauc_map_at_3_std": -0.034122656060217575,
        "nauc_map_at_5_diff1": 0.23914594960311616,
        "nauc_map_at_5_max": 0.12612287707142616,
        "nauc_map_at_5_std": -0.0027384305560415384,
        "nauc_mrr_at_1000_diff1": 0.2528803266669647,
        "nauc_mrr_at_1000_max": 0.3436369929767223,
        "nauc_mrr_at_1000_std": 0.21128375297916296,
        "nauc_mrr_at_100_diff1": 0.252776792027331,
        "nauc_mrr_at_100_max": 0.3436731303061983,
        "nauc_mrr_at_100_std": 0.211635038368183,
        "nauc_mrr_at_10_diff1": 0.2520198161410281,
        "nauc_mrr_at_10_max": 0.34339643975891354,
        "nauc_mrr_at_10_std": 0.20816158464592177,
        "nauc_mrr_at_1_diff1": 0.29399453190364266,
        "nauc_mrr_at_1_max": 0.30185691814299165,
        "nauc_mrr_at_1_std": 0.1397627415766676,
        "nauc_mrr_at_20_diff1": 0.25229805592928867,
        "nauc_mrr_at_20_max": 0.3428547185580843,
        "nauc_mrr_at_20_std": 0.20962453814840964,
        "nauc_mrr_at_3_diff1": 0.2556078449044729,
        "nauc_mrr_at_3_max": 0.333607650178624,
        "nauc_mrr_at_3_std": 0.20139891781247024,
        "nauc_mrr_at_5_diff1": 0.24987930992070526,
        "nauc_mrr_at_5_max": 0.34103011898583263,
        "nauc_mrr_at_5_std": 0.20485205535856263,
        "nauc_ndcg_at_1000_diff1": 0.1332061440201712,
        "nauc_ndcg_at_1000_max": 0.3422976771602046,
        "nauc_ndcg_at_1000_std": 0.34114638274420583,
        "nauc_ndcg_at_100_diff1": 0.13940908914487246,
        "nauc_ndcg_at_100_max": 0.26589240304107464,
        "nauc_ndcg_at_100_std": 0.28655421936801895,
        "nauc_ndcg_at_10_diff1": 0.1281227196917839,
        "nauc_ndcg_at_10_max": 0.26753898978837387,
        "nauc_ndcg_at_10_std": 0.28129451122335336,
        "nauc_ndcg_at_1_diff1": 0.2991729656323024,
        "nauc_ndcg_at_1_max": 0.276292943597207,
        "nauc_ndcg_at_1_std": 0.14126153046189965,
        "nauc_ndcg_at_20_diff1": 0.1123636930541408,
        "nauc_ndcg_at_20_max": 0.25347431235730944,
        "nauc_ndcg_at_20_std": 0.2842516100784002,
        "nauc_ndcg_at_3_diff1": 0.1808539978549811,
        "nauc_ndcg_at_3_max": 0.2579454312012323,
        "nauc_ndcg_at_3_std": 0.21826098961125623,
        "nauc_ndcg_at_5_diff1": 0.1599643659238483,
        "nauc_ndcg_at_5_max": 0.2602954333867561,
        "nauc_ndcg_at_5_std": 0.2462075734884525,
        "nauc_precision_at_1000_diff1": -0.19591111693697805,
        "nauc_precision_at_1000_max": 0.11819760989081966,
        "nauc_precision_at_1000_std": 0.2772284023035172,
        "nauc_precision_at_100_diff1": -0.15664487989014805,
        "nauc_precision_at_100_max": 0.18508910448105445,
        "nauc_precision_at_100_std": 0.4389805813702184,
        "nauc_precision_at_10_diff1": -0.01630837156592468,
        "nauc_precision_at_10_max": 0.2793510684830502,
        "nauc_precision_at_10_std": 0.39507056725724826,
        "nauc_precision_at_1_diff1": 0.29399453190364266,
        "nauc_precision_at_1_max": 0.30185691814299165,
        "nauc_precision_at_1_std": 0.1397627415766676,
        "nauc_precision_at_20_diff1": -0.07903083158108354,
        "nauc_precision_at_20_max": 0.2380767408557566,
        "nauc_precision_at_20_std": 0.43235574694740536,
        "nauc_precision_at_3_diff1": 0.09133105885170888,
        "nauc_precision_at_3_max": 0.28657577493067915,
        "nauc_precision_at_3_std": 0.26612934766068935,
        "nauc_precision_at_5_diff1": 0.04330766732693421,
        "nauc_precision_at_5_max": 0.29469498372659375,
        "nauc_precision_at_5_std": 0.3033332988608377,
        "nauc_recall_at_1000_diff1": 0.03170032964079325,
        "nauc_recall_at_1000_max": 0.14541472877392353,
        "nauc_recall_at_1000_std": 0.19036181217420947,
        "nauc_recall_at_100_diff1": 0.07458811252914893,
        "nauc_recall_at_100_max": 0.13072926304405508,
        "nauc_recall_at_100_std": 0.20331327148270686,
        "nauc_recall_at_10_diff1": 0.13172670401819422,
        "nauc_recall_at_10_max": 0.12764333279793413,
        "nauc_recall_at_10_std": 0.04645008197492012,
        "nauc_recall_at_1_diff1": 0.37047817285498974,
        "nauc_recall_at_1_max": 0.06467735412052421,
        "nauc_recall_at_1_std": -0.10562962329260553,
        "nauc_recall_at_20_diff1": 0.11420491248753542,
        "nauc_recall_at_20_max": 0.11128604594018073,
        "nauc_recall_at_20_std": 0.08415085071652538,
        "nauc_recall_at_3_diff1": 0.2245694515155734,
        "nauc_recall_at_3_max": 0.08112368222772828,
        "nauc_recall_at_3_std": -0.023904681814445168,
        "nauc_recall_at_5_diff1": 0.18967275867591413,
        "nauc_recall_at_5_max": 0.08748240518758148,
        "nauc_recall_at_5_std": 0.020309094194475737,
        "ndcg_at_1": 0.36533,
        "ndcg_at_10": 0.28801,
        "ndcg_at_100": 0.26264,
        "ndcg_at_1000": 0.35078,
        "ndcg_at_20": 0.26765,
        "ndcg_at_3": 0.33238,
        "ndcg_at_5": 0.31706,
        "precision_at_1": 0.3808,
        "precision_at_10": 0.21641,
        "precision_at_100": 0.06789,
        "precision_at_1000": 0.0189,
        "precision_at_20": 0.15867,
        "precision_at_3": 0.31476,
        "precision_at_5": 0.28173,
        "recall_at_1": 0.04053,
        "recall_at_10": 0.1456,
        "recall_at_100": 0.2775,
        "recall_at_1000": 0.59935,
        "recall_at_20": 0.17915,
        "recall_at_3": 0.08474,
        "recall_at_5": 0.1093
      }
    ]
  },
  "task_name": "NFCorpus"
}