{
  "dataset_revision": "ec0fa4fe99da2ff19ca1214b7966684033a58814",
  "evaluation_time": 3.0305004119873047,
  "kg_co2_emissions": null,
  "mteb_version": "1.14.12",
  "scores": {
    "test": [
      {
        "hf_subset": "default",
        "languages": [
          "eng-Latn"
        ],
        "main_score": 0.30063,
        "map_at_1": 0.04213,
        "map_at_10": 0.10644,
        "map_at_100": 0.13766,
        "map_at_1000": 0.15179,
        "map_at_20": 0.11921,
        "map_at_3": 0.07803,
        "map_at_5": 0.09041,
        "mrr_at_1": 0.4241486068111455,
        "mrr_at_10": 0.5021978967025407,
        "mrr_at_100": 0.5089391185101302,
        "mrr_at_1000": 0.509394021815094,
        "mrr_at_20": 0.506211349071436,
        "mrr_at_3": 0.48039215686274517,
        "mrr_at_5": 0.49293085655314756,
        "nauc_map_at_1000_diff1": 0.15591198427787054,
        "nauc_map_at_1000_max": 0.28648821249795836,
        "nauc_map_at_1000_std": 0.19651074123891887,
        "nauc_map_at_100_diff1": 0.17726282593299963,
        "nauc_map_at_100_max": 0.2774775763421364,
        "nauc_map_at_100_std": 0.16116934323826052,
        "nauc_map_at_10_diff1": 0.23688935868059227,
        "nauc_map_at_10_max": 0.22916818607139114,
        "nauc_map_at_10_std": 0.03686699899568788,
        "nauc_map_at_1_diff1": 0.3660893426984776,
        "nauc_map_at_1_max": 0.08237165474237182,
        "nauc_map_at_1_std": -0.08354620729841979,
        "nauc_map_at_20_diff1": 0.21274764572449698,
        "nauc_map_at_20_max": 0.25585348137527514,
        "nauc_map_at_20_std": 0.09120064475506331,
        "nauc_map_at_3_diff1": 0.2748427904965804,
        "nauc_map_at_3_max": 0.13686890274738686,
        "nauc_map_at_3_std": -0.041430222701878565,
        "nauc_map_at_5_diff1": 0.25697321235453957,
        "nauc_map_at_5_max": 0.17966042274787167,
        "nauc_map_at_5_std": -0.01744842904584805,
        "nauc_mrr_at_1000_diff1": 0.23616425760932971,
        "nauc_mrr_at_1000_max": 0.4203994927921203,
        "nauc_mrr_at_1000_std": 0.2416926616410847,
        "nauc_mrr_at_100_diff1": 0.23625194965077229,
        "nauc_mrr_at_100_max": 0.42072679470032126,
        "nauc_mrr_at_100_std": 0.24216221857624964,
        "nauc_mrr_at_10_diff1": 0.23832443606915452,
        "nauc_mrr_at_10_max": 0.41849672538609106,
        "nauc_mrr_at_10_std": 0.23554806286294194,
        "nauc_mrr_at_1_diff1": 0.2316984449346927,
        "nauc_mrr_at_1_max": 0.359840544264575,
        "nauc_mrr_at_1_std": 0.18860610408804174,
        "nauc_mrr_at_20_diff1": 0.23653737525695429,
        "nauc_mrr_at_20_max": 0.4190524307355301,
        "nauc_mrr_at_20_std": 0.23882664911462625,
        "nauc_mrr_at_3_diff1": 0.2301405375173379,
        "nauc_mrr_at_3_max": 0.4135192925682487,
        "nauc_mrr_at_3_std": 0.23046591832165636,
        "nauc_mrr_at_5_diff1": 0.23031881610983154,
        "nauc_mrr_at_5_max": 0.4230071076742044,
        "nauc_mrr_at_5_std": 0.2366047139550054,
        "nauc_ndcg_at_1000_diff1": 0.14596436104250277,
        "nauc_ndcg_at_1000_max": 0.4362630134121879,
        "nauc_ndcg_at_1000_std": 0.3679219735337178,
        "nauc_ndcg_at_100_diff1": 0.13572085859042177,
        "nauc_ndcg_at_100_max": 0.3688811068935508,
        "nauc_ndcg_at_100_std": 0.2939095832864039,
        "nauc_ndcg_at_10_diff1": 0.11044646952944877,
        "nauc_ndcg_at_10_max": 0.3472389362735916,
        "nauc_ndcg_at_10_std": 0.2634759766682351,
        "nauc_ndcg_at_1_diff1": 0.25057231284891884,
        "nauc_ndcg_at_1_max": 0.33651644118656077,
        "nauc_ndcg_at_1_std": 0.1810691859959275,
        "nauc_ndcg_at_20_diff1": 0.08665384679763846,
        "nauc_ndcg_at_20_max": 0.3318796087481027,
        "nauc_ndcg_at_20_std": 0.2801857277086605,
        "nauc_ndcg_at_3_diff1": 0.1475175445941738,
        "nauc_ndcg_at_3_max": 0.34113047394064455,
        "nauc_ndcg_at_3_std": 0.23150559021870826,
        "nauc_ndcg_at_5_diff1": 0.13706578221256807,
        "nauc_ndcg_at_5_max": 0.3451249853160337,
        "nauc_ndcg_at_5_std": 0.237999332691053,
        "nauc_precision_at_1000_diff1": -0.20792006438910363,
        "nauc_precision_at_1000_max": 0.07957013783498712,
        "nauc_precision_at_1000_std": 0.30972929791405684,
        "nauc_precision_at_100_diff1": -0.20388014197033158,
        "nauc_precision_at_100_max": 0.19790850528932627,
        "nauc_precision_at_100_std": 0.44478322085143146,
        "nauc_precision_at_10_diff1": -0.048053484538965206,
        "nauc_precision_at_10_max": 0.36659138396640584,
        "nauc_precision_at_10_std": 0.37628129343702577,
        "nauc_precision_at_1_diff1": 0.2566909636533766,
        "nauc_precision_at_1_max": 0.3630280451561027,
        "nauc_precision_at_1_std": 0.1859840676252498,
        "nauc_precision_at_20_diff1": -0.13178827869987292,
        "nauc_precision_at_20_max": 0.2996479975127953,
        "nauc_precision_at_20_std": 0.4321509575235003,
        "nauc_precision_at_3_diff1": 0.06956290077600767,
        "nauc_precision_at_3_max": 0.3759933884249268,
        "nauc_precision_at_3_std": 0.29309187847460466,
        "nauc_precision_at_5_diff1": 0.02647303893618766,
        "nauc_precision_at_5_max": 0.3865238255902051,
        "nauc_precision_at_5_std": 0.31721314858772426,
        "nauc_recall_at_1000_diff1": 0.06733454756356665,
        "nauc_recall_at_1000_max": 0.2766201261107135,
        "nauc_recall_at_1000_std": 0.2855181232119147,
        "nauc_recall_at_100_diff1": 0.11585608042129726,
        "nauc_recall_at_100_max": 0.23677309249469708,
        "nauc_recall_at_100_std": 0.19076458696349122,
        "nauc_recall_at_10_diff1": 0.21618582530567093,
        "nauc_recall_at_10_max": 0.2028332888229201,
        "nauc_recall_at_10_std": 0.020697028328229162,
        "nauc_recall_at_1_diff1": 0.3660893426984776,
        "nauc_recall_at_1_max": 0.08237165474237182,
        "nauc_recall_at_1_std": -0.08354620729841979,
        "nauc_recall_at_20_diff1": 0.16614958909307112,
        "nauc_recall_at_20_max": 0.20860256073106442,
        "nauc_recall_at_20_std": 0.071450187318252,
        "nauc_recall_at_3_diff1": 0.2502545034299531,
        "nauc_recall_at_3_max": 0.12514764469850817,
        "nauc_recall_at_3_std": -0.048247171004932615,
        "nauc_recall_at_5_diff1": 0.2337465237196422,
        "nauc_recall_at_5_max": 0.1632020850771002,
        "nauc_recall_at_5_std": -0.02814320587493919,
        "ndcg_at_1": 0.39628,
        "ndcg_at_10": 0.30063,
        "ndcg_at_100": 0.28395,
        "ndcg_at_1000": 0.37361,
        "ndcg_at_20": 0.28394,
        "ndcg_at_3": 0.35336,
        "ndcg_at_5": 0.32629,
        "precision_at_1": 0.41486,
        "precision_at_10": 0.22724,
        "precision_at_100": 0.07539,
        "precision_at_1000": 0.02056,
        "precision_at_20": 0.17074,
        "precision_at_3": 0.33024,
        "precision_at_5": 0.28111,
        "recall_at_1": 0.04213,
        "recall_at_10": 0.14391,
        "recall_at_100": 0.30144,
        "recall_at_1000": 0.61901,
        "recall_at_20": 0.18564,
        "recall_at_3": 0.08905,
        "recall_at_5": 0.10954
      }
    ]
  },
  "task_name": "NFCorpus"
}