{
  "dataset_revision": "ec0fa4fe99da2ff19ca1214b7966684033a58814",
  "evaluation_time": 2.9904842376708984,
  "kg_co2_emissions": null,
  "mteb_version": "1.14.12",
  "scores": {
    "test": [
      {
        "hf_subset": "default",
        "languages": [
          "eng-Latn"
        ],
        "main_score": 0.1774,
        "map_at_1": 0.02462,
        "map_at_10": 0.05347,
        "map_at_100": 0.06859,
        "map_at_1000": 0.07924,
        "map_at_20": 0.05866,
        "map_at_3": 0.03973,
        "map_at_5": 0.04549,
        "mrr_at_1": 0.2755417956656347,
        "mrr_at_10": 0.34123789866823917,
        "mrr_at_100": 0.34908216337739206,
        "mrr_at_1000": 0.3500137577643253,
        "mrr_at_20": 0.3452017591104039,
        "mrr_at_3": 0.3209494324045407,
        "mrr_at_5": 0.33333333333333337,
        "nauc_map_at_1000_diff1": 0.22910727467549363,
        "nauc_map_at_1000_max": 0.3900829221299974,
        "nauc_map_at_1000_std": 0.11400440073227573,
        "nauc_map_at_100_diff1": 0.23869051216622228,
        "nauc_map_at_100_max": 0.3850852507763704,
        "nauc_map_at_100_std": 0.09911270574895989,
        "nauc_map_at_10_diff1": 0.2703856151399272,
        "nauc_map_at_10_max": 0.3624653782282826,
        "nauc_map_at_10_std": 0.0730851907773254,
        "nauc_map_at_1_diff1": 0.2398000611645351,
        "nauc_map_at_1_max": 0.2587938901157637,
        "nauc_map_at_1_std": 0.024524193784713984,
        "nauc_map_at_20_diff1": 0.25921362827680366,
        "nauc_map_at_20_max": 0.3733445479721688,
        "nauc_map_at_20_std": 0.08361748405938245,
        "nauc_map_at_3_diff1": 0.31216700260564434,
        "nauc_map_at_3_max": 0.3250633957704385,
        "nauc_map_at_3_std": 0.0603463791823526,
        "nauc_map_at_5_diff1": 0.29312614926044345,
        "nauc_map_at_5_max": 0.34311023020639586,
        "nauc_map_at_5_std": 0.060874154707823584,
        "nauc_mrr_at_1000_diff1": 0.2500624666371355,
        "nauc_mrr_at_1000_max": 0.3946279388335396,
        "nauc_mrr_at_1000_std": 0.04588203003337057,
        "nauc_mrr_at_100_diff1": 0.24996229657274177,
        "nauc_mrr_at_100_max": 0.39502525177678693,
        "nauc_mrr_at_100_std": 0.04636419147261068,
        "nauc_mrr_at_10_diff1": 0.24792410762147216,
        "nauc_mrr_at_10_max": 0.3912591562959511,
        "nauc_mrr_at_10_std": 0.0409956980238705,
        "nauc_mrr_at_1_diff1": 0.25908139029371297,
        "nauc_mrr_at_1_max": 0.37833318962426893,
        "nauc_mrr_at_1_std": 0.04012587578798229,
        "nauc_mrr_at_20_diff1": 0.24971689167115976,
        "nauc_mrr_at_20_max": 0.39262558827182203,
        "nauc_mrr_at_20_std": 0.04668139805480674,
        "nauc_mrr_at_3_diff1": 0.26480567423514867,
        "nauc_mrr_at_3_max": 0.3853775869481624,
        "nauc_mrr_at_3_std": 0.04785331379389711,
        "nauc_mrr_at_5_diff1": 0.2517943259744971,
        "nauc_mrr_at_5_max": 0.3822647183631853,
        "nauc_mrr_at_5_std": 0.03891976566364249,
        "nauc_ndcg_at_1000_diff1": 0.20237768491559888,
        "nauc_ndcg_at_1000_max": 0.46398945724021906,
        "nauc_ndcg_at_1000_std": 0.1044316735626912,
        "nauc_ndcg_at_100_diff1": 0.19593121494082408,
        "nauc_ndcg_at_100_max": 0.40587247837425683,
        "nauc_ndcg_at_100_std": 0.07687834128770155,
        "nauc_ndcg_at_10_diff1": 0.21168029392006776,
        "nauc_ndcg_at_10_max": 0.36640479143057203,
        "nauc_ndcg_at_10_std": 0.0887678235992728,
        "nauc_ndcg_at_1_diff1": 0.2651106049084537,
        "nauc_ndcg_at_1_max": 0.34929141797656926,
        "nauc_ndcg_at_1_std": 0.04937963252667961,
        "nauc_ndcg_at_20_diff1": 0.20225026323632544,
        "nauc_ndcg_at_20_max": 0.3749541252671407,
        "nauc_ndcg_at_20_std": 0.08736436634720288,
        "nauc_ndcg_at_3_diff1": 0.24070323198080026,
        "nauc_ndcg_at_3_max": 0.3551897008556315,
        "nauc_ndcg_at_3_std": 0.08606145011562046,
        "nauc_ndcg_at_5_diff1": 0.222518307645543,
        "nauc_ndcg_at_5_max": 0.36232414761161325,
        "nauc_ndcg_at_5_std": 0.0805871939156556,
        "nauc_precision_at_1000_diff1": -0.018130998124814314,
        "nauc_precision_at_1000_max": 0.08881421311998658,
        "nauc_precision_at_1000_std": 0.05727384186175261,
        "nauc_precision_at_100_diff1": 0.022844202858573304,
        "nauc_precision_at_100_max": 0.23766933007077395,
        "nauc_precision_at_100_std": 0.1364636420144749,
        "nauc_precision_at_10_diff1": 0.10335593732351483,
        "nauc_precision_at_10_max": 0.34375419157582177,
        "nauc_precision_at_10_std": 0.12160864367827408,
        "nauc_precision_at_1_diff1": 0.25908139029371297,
        "nauc_precision_at_1_max": 0.37833318962426893,
        "nauc_precision_at_1_std": 0.04012587578798229,
        "nauc_precision_at_20_diff1": 0.07408816393459568,
        "nauc_precision_at_20_max": 0.328672539257082,
        "nauc_precision_at_20_std": 0.1350690016249415,
        "nauc_precision_at_3_diff1": 0.2167971284210579,
        "nauc_precision_at_3_max": 0.3725257003384703,
        "nauc_precision_at_3_std": 0.1124649577484483,
        "nauc_precision_at_5_diff1": 0.157895927743466,
        "nauc_precision_at_5_max": 0.37560482254660243,
        "nauc_precision_at_5_std": 0.09525277966606596,
        "nauc_recall_at_1000_diff1": 0.06295361484712894,
        "nauc_recall_at_1000_max": 0.27740005414470864,
        "nauc_recall_at_1000_std": 0.01597539924947519,
        "nauc_recall_at_100_diff1": 0.09565116407250517,
        "nauc_recall_at_100_max": 0.25815506244619635,
        "nauc_recall_at_100_std": -0.015404777472754462,
        "nauc_recall_at_10_diff1": 0.1970093168820618,
        "nauc_recall_at_10_max": 0.31615642677461603,
        "nauc_recall_at_10_std": 0.02194278033866846,
        "nauc_recall_at_1_diff1": 0.2398000611645351,
        "nauc_recall_at_1_max": 0.2587938901157637,
        "nauc_recall_at_1_std": 0.024524193784713984,
        "nauc_recall_at_20_diff1": 0.16477010177557283,
        "nauc_recall_at_20_max": 0.2812165898618101,
        "nauc_recall_at_20_std": 0.012627450150784742,
        "nauc_recall_at_3_diff1": 0.3071545960329591,
        "nauc_recall_at_3_max": 0.3202677533990354,
        "nauc_recall_at_3_std": 0.08529154331444234,
        "nauc_recall_at_5_diff1": 0.24571517194098014,
        "nauc_recall_at_5_max": 0.3201356805333388,
        "nauc_recall_at_5_std": 0.0533901495590139,
        "ndcg_at_1": 0.25697,
        "ndcg_at_10": 0.1774,
        "ndcg_at_100": 0.17502,
        "ndcg_at_1000": 0.27022,
        "ndcg_at_20": 0.16451,
        "ndcg_at_3": 0.21143,
        "ndcg_at_5": 0.19632,
        "precision_at_1": 0.27554,
        "precision_at_10": 0.13344,
        "precision_at_100": 0.04935,
        "precision_at_1000": 0.01723,
        "precision_at_20": 0.09799,
        "precision_at_3": 0.19608,
        "precision_at_5": 0.16966,
        "recall_at_1": 0.02462,
        "recall_at_10": 0.08039,
        "recall_at_100": 0.1987,
        "recall_at_1000": 0.53853,
        "recall_at_20": 0.10319,
        "recall_at_3": 0.04401,
        "recall_at_5": 0.05572
      }
    ]
  },
  "task_name": "NFCorpus"
}