{
  "dataset_revision": "ec0fa4fe99da2ff19ca1214b7966684033a58814",
  "evaluation_time": 3.0305733680725098,
  "kg_co2_emissions": null,
  "mteb_version": "1.14.12",
  "scores": {
    "test": [
      {
        "hf_subset": "default",
        "languages": [
          "eng-Latn"
        ],
        "main_score": 0.05791,
        "map_at_1": 0.00408,
        "map_at_10": 0.01128,
        "map_at_100": 0.01863,
        "map_at_1000": 0.02672,
        "map_at_20": 0.01365,
        "map_at_3": 0.00747,
        "map_at_5": 0.00932,
        "mrr_at_1": 0.07739938080495357,
        "mrr_at_10": 0.12651850213769728,
        "mrr_at_100": 0.13915227026730495,
        "mrr_at_1000": 0.1404948828333606,
        "mrr_at_20": 0.13229581449839012,
        "mrr_at_3": 0.10784313725490195,
        "mrr_at_5": 0.11836945304437567,
        "nauc_map_at_1000_diff1": 0.00528459828849613,
        "nauc_map_at_1000_max": 0.21702102556409195,
        "nauc_map_at_1000_std": 0.2997156338190011,
        "nauc_map_at_100_diff1": -0.02028929743073864,
        "nauc_map_at_100_max": 0.20735893062821747,
        "nauc_map_at_100_std": 0.3257119004886353,
        "nauc_map_at_10_diff1": -0.03764606727965876,
        "nauc_map_at_10_max": 0.24389168901119643,
        "nauc_map_at_10_std": 0.28236562447096325,
        "nauc_map_at_1_diff1": -0.01070870644494382,
        "nauc_map_at_1_max": 0.37699898407483323,
        "nauc_map_at_1_std": 0.11724652024600116,
        "nauc_map_at_20_diff1": -0.02725977096628995,
        "nauc_map_at_20_max": 0.2246902813835517,
        "nauc_map_at_20_std": 0.3141929516972812,
        "nauc_map_at_3_diff1": -0.09882197618400942,
        "nauc_map_at_3_max": 0.27362446327391776,
        "nauc_map_at_3_std": 0.18502203405726342,
        "nauc_map_at_5_diff1": -0.08045671432983187,
        "nauc_map_at_5_max": 0.2309763194712311,
        "nauc_map_at_5_std": 0.2566921702243577,
        "nauc_mrr_at_1000_diff1": 0.17755103263762761,
        "nauc_mrr_at_1000_max": 0.17443729187339393,
        "nauc_mrr_at_1000_std": 0.27848918664908706,
        "nauc_mrr_at_100_diff1": 0.17661888512488527,
        "nauc_mrr_at_100_max": 0.17387512315488143,
        "nauc_mrr_at_100_std": 0.27817302052564685,
        "nauc_mrr_at_10_diff1": 0.178123438977769,
        "nauc_mrr_at_10_max": 0.17240228012159586,
        "nauc_mrr_at_10_std": 0.27739799600982984,
        "nauc_mrr_at_1_diff1": 0.26100378473520075,
        "nauc_mrr_at_1_max": 0.21126210627556435,
        "nauc_mrr_at_1_std": 0.3816490968154195,
        "nauc_mrr_at_20_diff1": 0.17894970192697013,
        "nauc_mrr_at_20_max": 0.17033312128400624,
        "nauc_mrr_at_20_std": 0.2803808745582282,
        "nauc_mrr_at_3_diff1": 0.21285758053841528,
        "nauc_mrr_at_3_max": 0.1829900898550044,
        "nauc_mrr_at_3_std": 0.31830595356062896,
        "nauc_mrr_at_5_diff1": 0.17165251560560432,
        "nauc_mrr_at_5_max": 0.16547964723402342,
        "nauc_mrr_at_5_std": 0.2948711677843925,
        "nauc_ndcg_at_1000_diff1": 0.06306187420092378,
        "nauc_ndcg_at_1000_max": 0.24266023049164318,
        "nauc_ndcg_at_1000_std": 0.21129805068693125,
        "nauc_ndcg_at_100_diff1": 0.04427237484469385,
        "nauc_ndcg_at_100_max": 0.18322684294941521,
        "nauc_ndcg_at_100_std": 0.24634505714474245,
        "nauc_ndcg_at_10_diff1": 0.11116504469362444,
        "nauc_ndcg_at_10_max": 0.2289077762616719,
        "nauc_ndcg_at_10_std": 0.3156851678372634,
        "nauc_ndcg_at_1_diff1": 0.24739182438327567,
        "nauc_ndcg_at_1_max": 0.24470026189202063,
        "nauc_ndcg_at_1_std": 0.3757379010643592,
        "nauc_ndcg_at_20_diff1": 0.09170812894570878,
        "nauc_ndcg_at_20_max": 0.20595850410494151,
        "nauc_ndcg_at_20_std": 0.2929697500304636,
        "nauc_ndcg_at_3_diff1": 0.1777487091255295,
        "nauc_ndcg_at_3_max": 0.23809118343442634,
        "nauc_ndcg_at_3_std": 0.37258544314686176,
        "nauc_ndcg_at_5_diff1": 0.11466894972266878,
        "nauc_ndcg_at_5_max": 0.20515101753504278,
        "nauc_ndcg_at_5_std": 0.344096801564879,
        "nauc_precision_at_1000_diff1": 0.08178837807080627,
        "nauc_precision_at_1000_max": 0.17601493870298895,
        "nauc_precision_at_1000_std": 0.005828661284220138,
        "nauc_precision_at_100_diff1": 0.08338326308535796,
        "nauc_precision_at_100_max": 0.17643573655296324,
        "nauc_precision_at_100_std": 0.1753452169879991,
        "nauc_precision_at_10_diff1": 0.10284896283360852,
        "nauc_precision_at_10_max": 0.19409332146046265,
        "nauc_precision_at_10_std": 0.304505672050111,
        "nauc_precision_at_1_diff1": 0.26100378473520075,
        "nauc_precision_at_1_max": 0.21126210627556435,
        "nauc_precision_at_1_std": 0.3816490968154195,
        "nauc_precision_at_20_diff1": 0.10580175884342473,
        "nauc_precision_at_20_max": 0.17409045965552364,
        "nauc_precision_at_20_std": 0.2869162834549811,
        "nauc_precision_at_3_diff1": 0.15557749971383936,
        "nauc_precision_at_3_max": 0.19221618179136035,
        "nauc_precision_at_3_std": 0.35906326270504735,
        "nauc_precision_at_5_diff1": 0.08090648235389518,
        "nauc_precision_at_5_max": 0.14489160273821328,
        "nauc_precision_at_5_std": 0.3347573010918674,
        "nauc_recall_at_1000_diff1": -0.00577102914926112,
        "nauc_recall_at_1000_max": 0.19509397922473257,
        "nauc_recall_at_1000_std": 0.07800590838743911,
        "nauc_recall_at_100_diff1": -0.03888970617416507,
        "nauc_recall_at_100_max": 0.09967739036000846,
        "nauc_recall_at_100_std": 0.11931443295535617,
        "nauc_recall_at_10_diff1": -0.03854495245987356,
        "nauc_recall_at_10_max": 0.16569565318946947,
        "nauc_recall_at_10_std": 0.16054630289393543,
        "nauc_recall_at_1_diff1": -0.01070870644494382,
        "nauc_recall_at_1_max": 0.37699898407483323,
        "nauc_recall_at_1_std": 0.11724652024600116,
        "nauc_recall_at_20_diff1": -0.04186554644134169,
        "nauc_recall_at_20_max": 0.1094307575939203,
        "nauc_recall_at_20_std": 0.20833509598869948,
        "nauc_recall_at_3_diff1": -0.17142744769481402,
        "nauc_recall_at_3_max": 0.19505856562941976,
        "nauc_recall_at_3_std": 0.12183631935403132,
        "nauc_recall_at_5_diff1": -0.14115639852300316,
        "nauc_recall_at_5_max": 0.13603895916836448,
        "nauc_recall_at_5_std": 0.1959818852528325,
        "ndcg_at_1": 0.07276,
        "ndcg_at_10": 0.05791,
        "ndcg_at_100": 0.07839,
        "ndcg_at_1000": 0.1784,
        "ndcg_at_20": 0.0576,
        "ndcg_at_3": 0.06389,
        "ndcg_at_5": 0.06289,
        "precision_at_1": 0.0774,
        "precision_at_10": 0.05108,
        "precision_at_100": 0.0295,
        "precision_at_1000": 0.01533,
        "precision_at_20": 0.04365,
        "precision_at_3": 0.06605,
        "precision_at_5": 0.06316,
        "recall_at_1": 0.00408,
        "recall_at_10": 0.02247,
        "recall_at_100": 0.11578,
        "recall_at_1000": 0.4499,
        "recall_at_20": 0.03695,
        "recall_at_3": 0.01074,
        "recall_at_5": 0.01488
      }
    ]
  },
  "task_name": "NFCorpus"
}