{
  "dataset_revision": "ec0fa4fe99da2ff19ca1214b7966684033a58814",
  "evaluation_time": 3.041029691696167,
  "kg_co2_emissions": null,
  "mteb_version": "1.14.12",
  "scores": {
    "test": [
      {
        "hf_subset": "default",
        "languages": [
          "eng-Latn"
        ],
        "main_score": 0.0153,
        "map_at_1": 0.00156,
        "map_at_10": 0.00229,
        "map_at_100": 0.00328,
        "map_at_1000": 0.00743,
        "map_at_20": 0.00252,
        "map_at_3": 0.00165,
        "map_at_5": 0.00195,
        "mrr_at_1": 0.009287925696594427,
        "mrr_at_10": 0.03189960194604156,
        "mrr_at_100": 0.042264636210368814,
        "mrr_at_1000": 0.04379715674149938,
        "mrr_at_20": 0.0369601639711101,
        "mrr_at_3": 0.01857585139318885,
        "mrr_at_5": 0.02631578947368421,
        "nauc_map_at_1000_diff1": -0.11105995959689251,
        "nauc_map_at_1000_max": -0.11862992251269092,
        "nauc_map_at_1000_std": -0.1180288703983961,
        "nauc_map_at_100_diff1": -0.23358596578756902,
        "nauc_map_at_100_max": -0.09516760182715796,
        "nauc_map_at_100_std": -0.28261210875169096,
        "nauc_map_at_10_diff1": -0.33892212954936385,
        "nauc_map_at_10_max": -0.09625143423557847,
        "nauc_map_at_10_std": -0.4163179566412145,
        "nauc_map_at_1_diff1": -0.49273156534262535,
        "nauc_map_at_1_max": -0.07297202465354423,
        "nauc_map_at_1_std": -0.5684708510689452,
        "nauc_map_at_20_diff1": -0.32142856481753984,
        "nauc_map_at_20_max": -0.08873880960290102,
        "nauc_map_at_20_std": -0.3905593222505786,
        "nauc_map_at_3_diff1": -0.4741492461037505,
        "nauc_map_at_3_max": -0.0773785966747183,
        "nauc_map_at_3_std": -0.5340139673250303,
        "nauc_map_at_5_diff1": -0.40311372845065047,
        "nauc_map_at_5_max": -0.0842282603786667,
        "nauc_map_at_5_std": -0.4742840206980879,
        "nauc_mrr_at_1000_diff1": 0.0008951963689843382,
        "nauc_mrr_at_1000_max": -0.1827132998762551,
        "nauc_mrr_at_1000_std": -0.020048562711098877,
        "nauc_mrr_at_100_diff1": 0.0026590519206795495,
        "nauc_mrr_at_100_max": -0.18372329954998404,
        "nauc_mrr_at_100_std": -0.01791118809441808,
        "nauc_mrr_at_10_diff1": -0.0008648099773881019,
        "nauc_mrr_at_10_max": -0.21860268285521778,
        "nauc_mrr_at_10_std": -0.027180698071445786,
        "nauc_mrr_at_1_diff1": -0.015048648514120418,
        "nauc_mrr_at_1_max": -0.29961732013238584,
        "nauc_mrr_at_1_std": -0.15185521782376407,
        "nauc_mrr_at_20_diff1": -0.004262354833214084,
        "nauc_mrr_at_20_max": -0.18815185356481406,
        "nauc_mrr_at_20_std": -0.03097644173150101,
        "nauc_mrr_at_3_diff1": -0.1080100149002728,
        "nauc_mrr_at_3_max": -0.2692973911252624,
        "nauc_mrr_at_3_std": 0.0020064011524656084,
        "nauc_mrr_at_5_diff1": -0.03906051523823371,
        "nauc_mrr_at_5_max": -0.2136212374635368,
        "nauc_mrr_at_5_std": -0.04948572192040644,
        "nauc_ndcg_at_1000_diff1": 0.014198018097123769,
        "nauc_ndcg_at_1000_max": -0.05160985009897645,
        "nauc_ndcg_at_1000_std": 0.0253621728932599,
        "nauc_ndcg_at_100_diff1": 0.0331369902706206,
        "nauc_ndcg_at_100_max": -0.12677862345380045,
        "nauc_ndcg_at_100_std": 0.044120900938249545,
        "nauc_ndcg_at_10_diff1": 0.02744992978966386,
        "nauc_ndcg_at_10_max": -0.21673919053221943,
        "nauc_ndcg_at_10_std": -0.017144260019696152,
        "nauc_ndcg_at_1_diff1": -0.015048648514120418,
        "nauc_ndcg_at_1_max": -0.29961732013238584,
        "nauc_ndcg_at_1_std": -0.15185521782376407,
        "nauc_ndcg_at_20_diff1": -0.00640870437743389,
        "nauc_ndcg_at_20_max": -0.18172669334483327,
        "nauc_ndcg_at_20_std": -0.03346815937774647,
        "nauc_ndcg_at_3_diff1": -0.057721868354995536,
        "nauc_ndcg_at_3_max": -0.2673037378149119,
        "nauc_ndcg_at_3_std": -0.03587415742956919,
        "nauc_ndcg_at_5_diff1": -0.022178585227298504,
        "nauc_ndcg_at_5_max": -0.21811613197374405,
        "nauc_ndcg_at_5_std": -0.04891888117230187,
        "nauc_precision_at_1000_diff1": 0.013103766213161587,
        "nauc_precision_at_1000_max": -0.1579646955262919,
        "nauc_precision_at_1000_std": 0.07192137169049274,
        "nauc_precision_at_100_diff1": 0.062294576013348424,
        "nauc_precision_at_100_max": -0.15199413245247037,
        "nauc_precision_at_100_std": 0.11430173455227163,
        "nauc_precision_at_10_diff1": 0.08533557679857735,
        "nauc_precision_at_10_max": -0.21891885722098842,
        "nauc_precision_at_10_std": 0.03530319089459086,
        "nauc_precision_at_1_diff1": -0.015048648514120418,
        "nauc_precision_at_1_max": -0.29961732013238584,
        "nauc_precision_at_1_std": -0.15185521782376407,
        "nauc_precision_at_20_diff1": 0.04656094383154786,
        "nauc_precision_at_20_max": -0.1701872608577997,
        "nauc_precision_at_20_std": 0.03306883841528894,
        "nauc_precision_at_3_diff1": -0.06206570024973776,
        "nauc_precision_at_3_max": -0.26800956398682246,
        "nauc_precision_at_3_std": 0.005661069697235625,
        "nauc_precision_at_5_diff1": 0.002981846040891736,
        "nauc_precision_at_5_max": -0.19389903447033716,
        "nauc_precision_at_5_std": -0.0431954511309941,
        "nauc_recall_at_1000_diff1": 0.033520946134793825,
        "nauc_recall_at_1000_max": 0.03118144346779989,
        "nauc_recall_at_1000_std": 0.029910042012255496,
        "nauc_recall_at_100_diff1": 0.15728062507426335,
        "nauc_recall_at_100_max": -0.10777670881558664,
        "nauc_recall_at_100_std": 0.17870306550761253,
        "nauc_recall_at_10_diff1": -0.14765944636676304,
        "nauc_recall_at_10_max": -0.12767160919521342,
        "nauc_recall_at_10_std": -0.2519700274141243,
        "nauc_recall_at_1_diff1": -0.49273156534262535,
        "nauc_recall_at_1_max": -0.07297202465354423,
        "nauc_recall_at_1_std": -0.5684708510689452,
        "nauc_recall_at_20_diff1": -0.14611497659444606,
        "nauc_recall_at_20_max": -0.06877181384283505,
        "nauc_recall_at_20_std": -0.21427895182773396,
        "nauc_recall_at_3_diff1": -0.4538608240613499,
        "nauc_recall_at_3_max": -0.077545359212581,
        "nauc_recall_at_3_std": -0.49457855158127173,
        "nauc_recall_at_5_diff1": -0.28108830495239345,
        "nauc_recall_at_5_max": -0.08825340947727137,
        "nauc_recall_at_5_std": -0.3624638008463238,
        "ndcg_at_1": 0.00929,
        "ndcg_at_10": 0.0153,
        "ndcg_at_100": 0.02225,
        "ndcg_at_1000": 0.10612,
        "ndcg_at_20": 0.01568,
        "ndcg_at_3": 0.01082,
        "ndcg_at_5": 0.01378,
        "precision_at_1": 0.00929,
        "precision_at_10": 0.01672,
        "precision_at_100": 0.01198,
        "precision_at_1000": 0.0114,
        "precision_at_20": 0.01502,
        "precision_at_3": 0.01135,
        "precision_at_5": 0.0161,
        "recall_at_1": 0.00156,
        "recall_at_10": 0.00471,
        "recall_at_100": 0.03343,
        "recall_at_1000": 0.32192,
        "recall_at_20": 0.0069,
        "recall_at_3": 0.00179,
        "recall_at_5": 0.00304
      }
    ]
  },
  "task_name": "NFCorpus"
}