{
  "dataset_revision": "ec0fa4fe99da2ff19ca1214b7966684033a58814",
  "evaluation_time": 2.9965403079986572,
  "kg_co2_emissions": null,
  "mteb_version": "1.14.12",
  "scores": {
    "test": [
      {
        "hf_subset": "default",
        "languages": [
          "eng-Latn"
        ],
        "main_score": 0.26269,
        "map_at_1": 0.03703,
        "map_at_10": 0.08809,
        "map_at_100": 0.1126,
        "map_at_1000": 0.1252,
        "map_at_20": 0.09772,
        "map_at_3": 0.06525,
        "map_at_5": 0.07591,
        "mrr_at_1": 0.3684210526315789,
        "mrr_at_10": 0.4511794191360754,
        "mrr_at_100": 0.4578249310897711,
        "mrr_at_1000": 0.45842515680025797,
        "mrr_at_20": 0.45407573289334346,
        "mrr_at_3": 0.43034055727554177,
        "mrr_at_5": 0.4425696594427244,
        "nauc_map_at_1000_diff1": 0.23427228373493808,
        "nauc_map_at_1000_max": 0.3603152231202381,
        "nauc_map_at_1000_std": 0.23024616495481773,
        "nauc_map_at_100_diff1": 0.25175152084952446,
        "nauc_map_at_100_max": 0.3520036069632033,
        "nauc_map_at_100_std": 0.19912190509466365,
        "nauc_map_at_10_diff1": 0.2741080105221639,
        "nauc_map_at_10_max": 0.30744680241931954,
        "nauc_map_at_10_std": 0.09567775443412081,
        "nauc_map_at_1_diff1": 0.37652641981828516,
        "nauc_map_at_1_max": 0.1950179764504752,
        "nauc_map_at_1_std": -0.05607859324767939,
        "nauc_map_at_20_diff1": 0.2675620304345351,
        "nauc_map_at_20_max": 0.33067275744766306,
        "nauc_map_at_20_std": 0.14739183666237157,
        "nauc_map_at_3_diff1": 0.3121460072516348,
        "nauc_map_at_3_max": 0.2551058523470887,
        "nauc_map_at_3_std": 0.023163871267902415,
        "nauc_map_at_5_diff1": 0.293019196039791,
        "nauc_map_at_5_max": 0.2786432103138429,
        "nauc_map_at_5_std": 0.05513203379908953,
        "nauc_mrr_at_1000_diff1": 0.3241426578653888,
        "nauc_mrr_at_1000_max": 0.3994870545388763,
        "nauc_mrr_at_1000_std": 0.18434057754882627,
        "nauc_mrr_at_100_diff1": 0.3242381788124446,
        "nauc_mrr_at_100_max": 0.39969016742154306,
        "nauc_mrr_at_100_std": 0.1845686776306625,
        "nauc_mrr_at_10_diff1": 0.32623892349589845,
        "nauc_mrr_at_10_max": 0.3956240167320798,
        "nauc_mrr_at_10_std": 0.18187917273234352,
        "nauc_mrr_at_1_diff1": 0.3638559928411106,
        "nauc_mrr_at_1_max": 0.33120792409407496,
        "nauc_mrr_at_1_std": 0.10134954364335949,
        "nauc_mrr_at_20_diff1": 0.3236527765235836,
        "nauc_mrr_at_20_max": 0.4003032307673377,
        "nauc_mrr_at_20_std": 0.1852361097091983,
        "nauc_mrr_at_3_diff1": 0.32258468514621524,
        "nauc_mrr_at_3_max": 0.386449740645499,
        "nauc_mrr_at_3_std": 0.16651447562014407,
        "nauc_mrr_at_5_diff1": 0.3256470582044015,
        "nauc_mrr_at_5_max": 0.3929138891345753,
        "nauc_mrr_at_5_std": 0.16971175245921702,
        "nauc_ndcg_at_1000_diff1": 0.23995336302429515,
        "nauc_ndcg_at_1000_max": 0.49307623698565434,
        "nauc_ndcg_at_1000_std": 0.3759348145033969,
        "nauc_ndcg_at_100_diff1": 0.23036852712902822,
        "nauc_ndcg_at_100_max": 0.41863159030350894,
        "nauc_ndcg_at_100_std": 0.28533749660682933,
        "nauc_ndcg_at_10_diff1": 0.20354523799338592,
        "nauc_ndcg_at_10_max": 0.3813044976568571,
        "nauc_ndcg_at_10_std": 0.24368488285445458,
        "nauc_ndcg_at_1_diff1": 0.3708362089107726,
        "nauc_ndcg_at_1_max": 0.3174819410745634,
        "nauc_ndcg_at_1_std": 0.10381681134585799,
        "nauc_ndcg_at_20_diff1": 0.1921569321165023,
        "nauc_ndcg_at_20_max": 0.3793027403235239,
        "nauc_ndcg_at_20_std": 0.25908308344712316,
        "nauc_ndcg_at_3_diff1": 0.25011284005819745,
        "nauc_ndcg_at_3_max": 0.36287559818939696,
        "nauc_ndcg_at_3_std": 0.18609263283439922,
        "nauc_ndcg_at_5_diff1": 0.23253893736511966,
        "nauc_ndcg_at_5_max": 0.37998857668788405,
        "nauc_ndcg_at_5_std": 0.2212663944590115,
        "nauc_precision_at_1000_diff1": -0.14485322405835696,
        "nauc_precision_at_1000_max": 0.05924549195342726,
        "nauc_precision_at_1000_std": 0.2158377813149566,
        "nauc_precision_at_100_diff1": -0.09307343334575241,
        "nauc_precision_at_100_max": 0.20779672708496802,
        "nauc_precision_at_100_std": 0.3576075187564173,
        "nauc_precision_at_10_diff1": 0.04821112686094212,
        "nauc_precision_at_10_max": 0.3702978059460685,
        "nauc_precision_at_10_std": 0.34689111974159115,
        "nauc_precision_at_1_diff1": 0.37306906799048317,
        "nauc_precision_at_1_max": 0.33796331597981305,
        "nauc_precision_at_1_std": 0.10630360966316639,
        "nauc_precision_at_20_diff1": -0.010665083838226277,
        "nauc_precision_at_20_max": 0.3224899150447184,
        "nauc_precision_at_20_std": 0.38033685988770494,
        "nauc_precision_at_3_diff1": 0.16511646540737474,
        "nauc_precision_at_3_max": 0.3826180302130337,
        "nauc_precision_at_3_std": 0.2505853415535281,
        "nauc_precision_at_5_diff1": 0.11847160458985637,
        "nauc_precision_at_5_max": 0.38902170635370253,
        "nauc_precision_at_5_std": 0.30601456051252607,
        "nauc_recall_at_1000_diff1": 0.1123267446942303,
        "nauc_recall_at_1000_max": 0.3200631718421313,
        "nauc_recall_at_1000_std": 0.3247019069255083,
        "nauc_recall_at_100_diff1": 0.19300062730114503,
        "nauc_recall_at_100_max": 0.30634394512066804,
        "nauc_recall_at_100_std": 0.22658096679132622,
        "nauc_recall_at_10_diff1": 0.22328770702377096,
        "nauc_recall_at_10_max": 0.22699061195492148,
        "nauc_recall_at_10_std": 0.06821849259110556,
        "nauc_recall_at_1_diff1": 0.37652641981828516,
        "nauc_recall_at_1_max": 0.1950179764504752,
        "nauc_recall_at_1_std": -0.05607859324767939,
        "nauc_recall_at_20_diff1": 0.2063162044993919,
        "nauc_recall_at_20_max": 0.26413236199945833,
        "nauc_recall_at_20_std": 0.14404583014620895,
        "nauc_recall_at_3_diff1": 0.2737461734585141,
        "nauc_recall_at_3_max": 0.23290466807439034,
        "nauc_recall_at_3_std": 0.014969801116133528,
        "nauc_recall_at_5_diff1": 0.25966706226061165,
        "nauc_recall_at_5_max": 0.22914957045118609,
        "nauc_recall_at_5_std": 0.03199245781384431,
        "ndcg_at_1": 0.3483,
        "ndcg_at_10": 0.26269,
        "ndcg_at_100": 0.24726,
        "ndcg_at_1000": 0.33796,
        "ndcg_at_20": 0.24283,
        "ndcg_at_3": 0.30877,
        "ndcg_at_5": 0.28773,
        "precision_at_1": 0.36533,
        "precision_at_10": 0.1935,
        "precision_at_100": 0.06616,
        "precision_at_1000": 0.01922,
        "precision_at_20": 0.14272,
        "precision_at_3": 0.28999,
        "precision_at_5": 0.24768,
        "recall_at_1": 0.03703,
        "recall_at_10": 0.12607,
        "recall_at_100": 0.25978,
        "recall_at_1000": 0.57811,
        "recall_at_20": 0.15336,
        "recall_at_3": 0.07535,
        "recall_at_5": 0.09563
      }
    ]
  },
  "task_name": "NFCorpus"
}