{
  "dataset_revision": "ec0fa4fe99da2ff19ca1214b7966684033a58814",
  "evaluation_time": 3.0486698150634766,
  "kg_co2_emissions": null,
  "mteb_version": "1.14.12",
  "scores": {
    "test": [
      {
        "hf_subset": "default",
        "languages": [
          "eng-Latn"
        ],
        "main_score": 0.291,
        "map_at_1": 0.04024,
        "map_at_10": 0.10203,
        "map_at_100": 0.12958,
        "map_at_1000": 0.14301,
        "map_at_20": 0.11269,
        "map_at_3": 0.0726,
        "map_at_5": 0.08579,
        "mrr_at_1": 0.39009287925696595,
        "mrr_at_10": 0.47889822595704973,
        "mrr_at_100": 0.48542659299326174,
        "mrr_at_1000": 0.4858997604937811,
        "mrr_at_20": 0.48282569190094926,
        "mrr_at_3": 0.45665634674922617,
        "mrr_at_5": 0.47074303405572776,
        "nauc_map_at_1000_diff1": 0.15133210715238457,
        "nauc_map_at_1000_max": 0.2796632974765326,
        "nauc_map_at_1000_std": 0.17381327811809757,
        "nauc_map_at_100_diff1": 0.16533639746768056,
        "nauc_map_at_100_max": 0.2678438473063895,
        "nauc_map_at_100_std": 0.13867085977230142,
        "nauc_map_at_10_diff1": 0.2169602483997311,
        "nauc_map_at_10_max": 0.2185045443960197,
        "nauc_map_at_10_std": 0.015872533729638597,
        "nauc_map_at_1_diff1": 0.39434389055155156,
        "nauc_map_at_1_max": 0.047620528051289156,
        "nauc_map_at_1_std": -0.13496096262811336,
        "nauc_map_at_20_diff1": 0.19297879466310128,
        "nauc_map_at_20_max": 0.2415025191363099,
        "nauc_map_at_20_std": 0.06601805105719527,
        "nauc_map_at_3_diff1": 0.2665370509509477,
        "nauc_map_at_3_max": 0.1336977326975226,
        "nauc_map_at_3_std": -0.05728762455360109,
        "nauc_map_at_5_diff1": 0.2417182209020915,
        "nauc_map_at_5_max": 0.16672239250750776,
        "nauc_map_at_5_std": -0.037523328299612885,
        "nauc_mrr_at_1000_diff1": 0.2899087056062008,
        "nauc_mrr_at_1000_max": 0.42356385961642495,
        "nauc_mrr_at_1000_std": 0.2128994237270197,
        "nauc_mrr_at_100_diff1": 0.2901643085719238,
        "nauc_mrr_at_100_max": 0.4236518040057382,
        "nauc_mrr_at_100_std": 0.21331598318785272,
        "nauc_mrr_at_10_diff1": 0.2924700947854107,
        "nauc_mrr_at_10_max": 0.42338299718891215,
        "nauc_mrr_at_10_std": 0.20793788597352056,
        "nauc_mrr_at_1_diff1": 0.31384931247026676,
        "nauc_mrr_at_1_max": 0.376197016805731,
        "nauc_mrr_at_1_std": 0.14519049488620503,
        "nauc_mrr_at_20_diff1": 0.2890603481166285,
        "nauc_mrr_at_20_max": 0.42340493404065005,
        "nauc_mrr_at_20_std": 0.21305478989261312,
        "nauc_mrr_at_3_diff1": 0.2743565050272922,
        "nauc_mrr_at_3_max": 0.41080750816023875,
        "nauc_mrr_at_3_std": 0.19976286399833137,
        "nauc_mrr_at_5_diff1": 0.28884777115086546,
        "nauc_mrr_at_5_max": 0.4177165152211662,
        "nauc_mrr_at_5_std": 0.2054700678113367,
        "nauc_ndcg_at_1000_diff1": 0.16099384548796836,
        "nauc_ndcg_at_1000_max": 0.43016554997281603,
        "nauc_ndcg_at_1000_std": 0.3476984687988532,
        "nauc_ndcg_at_100_diff1": 0.15961600416469965,
        "nauc_ndcg_at_100_max": 0.3555648341090886,
        "nauc_ndcg_at_100_std": 0.2624025064614851,
        "nauc_ndcg_at_10_diff1": 0.14489129048179195,
        "nauc_ndcg_at_10_max": 0.3505788718828721,
        "nauc_ndcg_at_10_std": 0.24354177902661564,
        "nauc_ndcg_at_1_diff1": 0.31932208641778703,
        "nauc_ndcg_at_1_max": 0.3571801643452316,
        "nauc_ndcg_at_1_std": 0.13362312506975565,
        "nauc_ndcg_at_20_diff1": 0.11638524127024848,
        "nauc_ndcg_at_20_max": 0.3325145249932265,
        "nauc_ndcg_at_20_std": 0.25345820626468285,
        "nauc_ndcg_at_3_diff1": 0.19599028842553773,
        "nauc_ndcg_at_3_max": 0.3502948061600363,
        "nauc_ndcg_at_3_std": 0.20089799453233578,
        "nauc_ndcg_at_5_diff1": 0.17718004459348666,
        "nauc_ndcg_at_5_max": 0.3462359211513639,
        "nauc_ndcg_at_5_std": 0.2167342064347464,
        "nauc_precision_at_1000_diff1": -0.1261704991666032,
        "nauc_precision_at_1000_max": 0.09262251706090678,
        "nauc_precision_at_1000_std": 0.2821174025174201,
        "nauc_precision_at_100_diff1": -0.11914680932382159,
        "nauc_precision_at_100_max": 0.20864155153725913,
        "nauc_precision_at_100_std": 0.42246879612989213,
        "nauc_precision_at_10_diff1": -0.0012783601096160286,
        "nauc_precision_at_10_max": 0.3571642307961452,
        "nauc_precision_at_10_std": 0.36683356328111155,
        "nauc_precision_at_1_diff1": 0.3228929526531364,
        "nauc_precision_at_1_max": 0.3778011178544705,
        "nauc_precision_at_1_std": 0.13554908343872907,
        "nauc_precision_at_20_diff1": -0.07515862326639677,
        "nauc_precision_at_20_max": 0.31537067724943035,
        "nauc_precision_at_20_std": 0.42624205725438186,
        "nauc_precision_at_3_diff1": 0.11929616659756065,
        "nauc_precision_at_3_max": 0.373108039975672,
        "nauc_precision_at_3_std": 0.2568577127799666,
        "nauc_precision_at_5_diff1": 0.07789693202259752,
        "nauc_precision_at_5_max": 0.3781214251979546,
        "nauc_precision_at_5_std": 0.2998540328482679,
        "nauc_recall_at_1000_diff1": 0.10437870990176654,
        "nauc_recall_at_1000_max": 0.2551170995890196,
        "nauc_recall_at_1000_std": 0.25557053560234677,
        "nauc_recall_at_100_diff1": 0.10507039906709098,
        "nauc_recall_at_100_max": 0.21783744428287677,
        "nauc_recall_at_100_std": 0.17270731269296907,
        "nauc_recall_at_10_diff1": 0.17032629891219925,
        "nauc_recall_at_10_max": 0.18737202219196208,
        "nauc_recall_at_10_std": -0.01561850315722464,
        "nauc_recall_at_1_diff1": 0.39434389055155156,
        "nauc_recall_at_1_max": 0.047620528051289156,
        "nauc_recall_at_1_std": -0.13496096262811336,
        "nauc_recall_at_20_diff1": 0.10903965829437186,
        "nauc_recall_at_20_max": 0.16880339894010543,
        "nauc_recall_at_20_std": 0.02937549311295712,
        "nauc_recall_at_3_diff1": 0.20969136314178202,
        "nauc_recall_at_3_max": 0.1215390568917489,
        "nauc_recall_at_3_std": -0.05236237391635917,
        "nauc_recall_at_5_diff1": 0.17189821567442454,
        "nauc_recall_at_5_max": 0.11434956865431861,
        "nauc_recall_at_5_std": -0.056396050927918176,
        "ndcg_at_1": 0.36842,
        "ndcg_at_10": 0.291,
        "ndcg_at_100": 0.27207,
        "ndcg_at_1000": 0.36273,
        "ndcg_at_20": 0.27132,
        "ndcg_at_3": 0.33616,
        "ndcg_at_5": 0.31658,
        "precision_at_1": 0.387,
        "precision_at_10": 0.21981,
        "precision_at_100": 0.07226,
        "precision_at_1000": 0.0201,
        "precision_at_20": 0.16037,
        "precision_at_3": 0.32198,
        "precision_at_5": 0.27864,
        "recall_at_1": 0.04024,
        "recall_at_10": 0.1474,
        "recall_at_100": 0.28983,
        "recall_at_1000": 0.61226,
        "recall_at_20": 0.18253,
        "recall_at_3": 0.08445,
        "recall_at_5": 0.11183
      }
    ]
  },
  "task_name": "NFCorpus"
}