{
  "dataset_revision": "ec0fa4fe99da2ff19ca1214b7966684033a58814",
  "evaluation_time": 3.0312654972076416,
  "kg_co2_emissions": null,
  "mteb_version": "1.14.12",
  "scores": {
    "test": [
      {
        "hf_subset": "default",
        "languages": [
          "eng-Latn"
        ],
        "main_score": 0.02553,
        "map_at_1": 0.00051,
        "map_at_10": 0.00268,
        "map_at_100": 0.00533,
        "map_at_1000": 0.01143,
        "map_at_20": 0.00336,
        "map_at_3": 0.00156,
        "map_at_5": 0.00197,
        "mrr_at_1": 0.021671826625386997,
        "mrr_at_10": 0.06129293822792275,
        "mrr_at_100": 0.07153571304411696,
        "mrr_at_1000": 0.07337453108892097,
        "mrr_at_20": 0.06485982418824679,
        "mrr_at_3": 0.04798761609907121,
        "mrr_at_5": 0.05417956656346749,
        "nauc_map_at_1000_diff1": 0.007520822017746356,
        "nauc_map_at_1000_max": -0.007997733754792308,
        "nauc_map_at_1000_std": 0.14820112632606805,
        "nauc_map_at_100_diff1": 0.0884751279698337,
        "nauc_map_at_100_max": -0.03457570704683602,
        "nauc_map_at_100_std": 0.18919685210600365,
        "nauc_map_at_10_diff1": 0.18974740303916487,
        "nauc_map_at_10_max": -0.06927137758158396,
        "nauc_map_at_10_std": 0.23368097994252304,
        "nauc_map_at_1_diff1": 0.4477962091178634,
        "nauc_map_at_1_max": -0.08344349622948687,
        "nauc_map_at_1_std": 0.24970932378434418,
        "nauc_map_at_20_diff1": 0.14860304495224502,
        "nauc_map_at_20_max": -0.06785763311113577,
        "nauc_map_at_20_std": 0.21408454501184274,
        "nauc_map_at_3_diff1": 0.356606422633582,
        "nauc_map_at_3_max": -0.18161642454827773,
        "nauc_map_at_3_std": 0.36219138069287193,
        "nauc_map_at_5_diff1": 0.28758054638782055,
        "nauc_map_at_5_max": -0.1357314332504306,
        "nauc_map_at_5_std": 0.3109156074114154,
        "nauc_mrr_at_1000_diff1": 0.072732853566871,
        "nauc_mrr_at_1000_max": -0.00349048909743508,
        "nauc_mrr_at_1000_std": 0.13087246291338744,
        "nauc_mrr_at_100_diff1": 0.07135452718512998,
        "nauc_mrr_at_100_max": -0.0035805487587703697,
        "nauc_mrr_at_100_std": 0.13040999018370592,
        "nauc_mrr_at_10_diff1": 0.08916917806303043,
        "nauc_mrr_at_10_max": -0.016195298329986396,
        "nauc_mrr_at_10_std": 0.14677577181877405,
        "nauc_mrr_at_1_diff1": 0.27992925465110047,
        "nauc_mrr_at_1_max": 0.07238152839310508,
        "nauc_mrr_at_1_std": 0.14068340205592278,
        "nauc_mrr_at_20_diff1": 0.08648342049573964,
        "nauc_mrr_at_20_max": -0.013530683845094224,
        "nauc_mrr_at_20_std": 0.14572057499064806,
        "nauc_mrr_at_3_diff1": 0.12239429474465342,
        "nauc_mrr_at_3_max": -0.02385277985994382,
        "nauc_mrr_at_3_std": 0.20633336565995355,
        "nauc_mrr_at_5_diff1": 0.11270698457360871,
        "nauc_mrr_at_5_max": -0.008591232324819372,
        "nauc_mrr_at_5_std": 0.173708908643337,
        "nauc_ndcg_at_1000_diff1": -0.07672638746217632,
        "nauc_ndcg_at_1000_max": 0.06418073311283329,
        "nauc_ndcg_at_1000_std": 0.012797636888866417,
        "nauc_ndcg_at_100_diff1": 0.011317262259728053,
        "nauc_ndcg_at_100_max": 0.0010150327585551934,
        "nauc_ndcg_at_100_std": 0.10971143479278044,
        "nauc_ndcg_at_10_diff1": 0.0563684242140108,
        "nauc_ndcg_at_10_max": -0.022948077974611028,
        "nauc_ndcg_at_10_std": 0.14589325026127944,
        "nauc_ndcg_at_1_diff1": 0.26339604575565584,
        "nauc_ndcg_at_1_max": 0.13810453425048463,
        "nauc_ndcg_at_1_std": 0.10094255106128189,
        "nauc_ndcg_at_20_diff1": 0.06010273795829127,
        "nauc_ndcg_at_20_max": -0.028772036514220188,
        "nauc_ndcg_at_20_std": 0.15264759009657924,
        "nauc_ndcg_at_3_diff1": 0.1278254998884773,
        "nauc_ndcg_at_3_max": -0.01673896300329479,
        "nauc_ndcg_at_3_std": 0.2013409537290724,
        "nauc_ndcg_at_5_diff1": 0.09121977847855654,
        "nauc_ndcg_at_5_max": -0.005903196378218967,
        "nauc_ndcg_at_5_std": 0.17204905449635724,
        "nauc_precision_at_1000_diff1": -0.1108155402983108,
        "nauc_precision_at_1000_max": 0.010607528505746273,
        "nauc_precision_at_1000_std": 0.03430461906183759,
        "nauc_precision_at_100_diff1": -0.04417871431608749,
        "nauc_precision_at_100_max": -0.008033975090734368,
        "nauc_precision_at_100_std": 0.10425639664159773,
        "nauc_precision_at_10_diff1": 0.02604829782921635,
        "nauc_precision_at_10_max": -0.04279503868038701,
        "nauc_precision_at_10_std": 0.13505980539385323,
        "nauc_precision_at_1_diff1": 0.27992925465110047,
        "nauc_precision_at_1_max": 0.07238152839310508,
        "nauc_precision_at_1_std": 0.14068340205592278,
        "nauc_precision_at_20_diff1": 0.042452780444572645,
        "nauc_precision_at_20_max": -0.03751261130726612,
        "nauc_precision_at_20_std": 0.14300432826022244,
        "nauc_precision_at_3_diff1": 0.1029004293334618,
        "nauc_precision_at_3_max": -0.0481979012127065,
        "nauc_precision_at_3_std": 0.2170787686550661,
        "nauc_precision_at_5_diff1": 0.06823157939179716,
        "nauc_precision_at_5_max": -0.0044442850449794786,
        "nauc_precision_at_5_std": 0.16653565996238734,
        "nauc_recall_at_1000_diff1": -0.13108190883488505,
        "nauc_recall_at_1000_max": 0.1034993121440947,
        "nauc_recall_at_1000_std": -0.08642461809858792,
        "nauc_recall_at_100_diff1": -0.03536130962774123,
        "nauc_recall_at_100_max": 0.07035429506734912,
        "nauc_recall_at_100_std": 0.03319279941287468,
        "nauc_recall_at_10_diff1": 0.01638022938184146,
        "nauc_recall_at_10_max": 0.06405186444618623,
        "nauc_recall_at_10_std": 0.08229916642381295,
        "nauc_recall_at_1_diff1": 0.4477962091178634,
        "nauc_recall_at_1_max": -0.08344349622948687,
        "nauc_recall_at_1_std": 0.24970932378434418,
        "nauc_recall_at_20_diff1": -0.02699886766932492,
        "nauc_recall_at_20_max": 0.015163102253390279,
        "nauc_recall_at_20_std": 0.08192838310699922,
        "nauc_recall_at_3_diff1": 0.30647352909993947,
        "nauc_recall_at_3_max": -0.1599566024270806,
        "nauc_recall_at_3_std": 0.36386759694711707,
        "nauc_recall_at_5_diff1": 0.2014574315974171,
        "nauc_recall_at_5_max": -0.10754254166337694,
        "nauc_recall_at_5_std": 0.25979347615899,
        "ndcg_at_1": 0.01858,
        "ndcg_at_10": 0.02553,
        "ndcg_at_100": 0.03591,
        "ndcg_at_1000": 0.13416,
        "ndcg_at_20": 0.02411,
        "ndcg_at_3": 0.0257,
        "ndcg_at_5": 0.02627,
        "precision_at_1": 0.02167,
        "precision_at_10": 0.02632,
        "precision_at_100": 0.01749,
        "precision_at_1000": 0.01322,
        "precision_at_20": 0.02136,
        "precision_at_3": 0.03199,
        "precision_at_5": 0.03034,
        "recall_at_1": 0.00051,
        "recall_at_10": 0.00751,
        "recall_at_100": 0.05185,
        "recall_at_1000": 0.39136,
        "recall_at_20": 0.01274,
        "recall_at_3": 0.00254,
        "recall_at_5": 0.00367
      }
    ]
  },
  "task_name": "NFCorpus"
}