{
  "dataset_revision": "ec0fa4fe99da2ff19ca1214b7966684033a58814",
  "evaluation_time": 226.1290271282196,
  "kg_co2_emissions": null,
  "mteb_version": "1.14.10",
  "scores": {
    "test": [
      {
        "hf_subset": "default",
        "languages": [
          "eng-Latn"
        ],
        "main_score": 0.01369,
        "map_at_1": 0.00023,
        "map_at_10": 0.0008,
        "map_at_100": 0.0022,
        "map_at_1000": 0.00671,
        "map_at_20": 0.00132,
        "map_at_3": 0.00053,
        "map_at_5": 0.00055,
        "mrr_at_1": 0.015479876160990712,
        "mrr_at_10": 0.038422035480859,
        "mrr_at_100": 0.04877696854090315,
        "mrr_at_1000": 0.050374760622423534,
        "mrr_at_20": 0.04251720008316926,
        "mrr_at_3": 0.029411764705882353,
        "mrr_at_5": 0.03204334365325077,
        "nauc_map_at_1000_diff1": 0.11531182174347844,
        "nauc_map_at_1000_max": 0.010740240566982858,
        "nauc_map_at_1000_std": 0.010064880949741811,
        "nauc_map_at_100_diff1": 0.021619696763639704,
        "nauc_map_at_100_max": 0.05211766351809343,
        "nauc_map_at_100_std": -0.09664040622533387,
        "nauc_map_at_10_diff1": 0.15460366252962218,
        "nauc_map_at_10_max": -0.02727571858932007,
        "nauc_map_at_10_std": -0.18596696928656173,
        "nauc_map_at_1_diff1": 0.8059664379140302,
        "nauc_map_at_1_max": -0.12749296822084266,
        "nauc_map_at_1_std": -0.05429271146232305,
        "nauc_map_at_20_diff1": 0.029042120737898556,
        "nauc_map_at_20_max": 0.06532441595596476,
        "nauc_map_at_20_std": -0.08188775597585395,
        "nauc_map_at_3_diff1": 0.1315509202210974,
        "nauc_map_at_3_max": 0.03146988029202359,
        "nauc_map_at_3_std": -0.20265006821903875,
        "nauc_map_at_5_diff1": 0.12584417378428467,
        "nauc_map_at_5_max": 0.027758679489435948,
        "nauc_map_at_5_std": -0.20202283791986048,
        "nauc_mrr_at_1000_diff1": 0.19385982690860715,
        "nauc_mrr_at_1000_max": 0.059502381317571136,
        "nauc_mrr_at_1000_std": 0.029083589195312693,
        "nauc_mrr_at_100_diff1": 0.19284827815156136,
        "nauc_mrr_at_100_max": 0.06264264554366603,
        "nauc_mrr_at_100_std": 0.02710027818426289,
        "nauc_mrr_at_10_diff1": 0.2145364143901859,
        "nauc_mrr_at_10_max": 0.055241170171359544,
        "nauc_mrr_at_10_std": 0.028283027280639004,
        "nauc_mrr_at_1_diff1": 0.7171207654563221,
        "nauc_mrr_at_1_max": 0.009103426122842836,
        "nauc_mrr_at_1_std": 0.30600112811139174,
        "nauc_mrr_at_20_diff1": 0.20374749357765432,
        "nauc_mrr_at_20_max": 0.06159485582898166,
        "nauc_mrr_at_20_std": 0.02759472408911378,
        "nauc_mrr_at_3_diff1": 0.2624946381952666,
        "nauc_mrr_at_3_max": 0.0908539624682674,
        "nauc_mrr_at_3_std": 0.08231820130599901,
        "nauc_mrr_at_5_diff1": 0.2328083355983078,
        "nauc_mrr_at_5_max": 0.08574558640979066,
        "nauc_mrr_at_5_std": 0.06972153668962541,
        "nauc_ndcg_at_1000_diff1": 0.07939719032686235,
        "nauc_ndcg_at_1000_max": 0.02285596379668767,
        "nauc_ndcg_at_1000_std": -0.03590040469048494,
        "nauc_ndcg_at_100_diff1": 0.05694014031733436,
        "nauc_ndcg_at_100_max": 0.07260552344691554,
        "nauc_ndcg_at_100_std": -0.06021374649878602,
        "nauc_ndcg_at_10_diff1": 0.17575242304987776,
        "nauc_ndcg_at_10_max": 0.06259499423919934,
        "nauc_ndcg_at_10_std": 0.03918407354654954,
        "nauc_ndcg_at_1_diff1": 0.7171207654563221,
        "nauc_ndcg_at_1_max": 0.009103426122842836,
        "nauc_ndcg_at_1_std": 0.30600112811139174,
        "nauc_ndcg_at_20_diff1": 0.12476629831103364,
        "nauc_ndcg_at_20_max": 0.09357121061108907,
        "nauc_ndcg_at_20_std": 0.034603864122502284,
        "nauc_ndcg_at_3_diff1": 0.1899285060173266,
        "nauc_ndcg_at_3_max": 0.07877165228056178,
        "nauc_ndcg_at_3_std": 0.05307222428963071,
        "nauc_ndcg_at_5_diff1": 0.15302073150118115,
        "nauc_ndcg_at_5_max": 0.07714533112840391,
        "nauc_ndcg_at_5_std": 0.03821338918662354,
        "nauc_precision_at_1000_diff1": 0.15944556204249272,
        "nauc_precision_at_1000_max": 0.01616751877206294,
        "nauc_precision_at_1000_std": 0.10541626824262312,
        "nauc_precision_at_100_diff1": 0.10703050522770467,
        "nauc_precision_at_100_max": 0.08572814298386706,
        "nauc_precision_at_100_std": 0.002522285484072286,
        "nauc_precision_at_10_diff1": 0.11230220689677654,
        "nauc_precision_at_10_max": 0.06313693538006432,
        "nauc_precision_at_10_std": -0.004712025499572737,
        "nauc_precision_at_1_diff1": 0.7171207654563221,
        "nauc_precision_at_1_max": 0.009103426122842836,
        "nauc_precision_at_1_std": 0.30600112811139174,
        "nauc_precision_at_20_diff1": 0.11242031240518038,
        "nauc_precision_at_20_max": 0.09664887067172656,
        "nauc_precision_at_20_std": 0.008372514122151118,
        "nauc_precision_at_3_diff1": 0.0023885787966240798,
        "nauc_precision_at_3_max": 0.10543840151449396,
        "nauc_precision_at_3_std": -0.055545841645586194,
        "nauc_precision_at_5_diff1": -0.02195266011184208,
        "nauc_precision_at_5_max": 0.09493812344078863,
        "nauc_precision_at_5_std": -0.05690135846480492,
        "nauc_recall_at_1000_diff1": 0.0077526700871393735,
        "nauc_recall_at_1000_max": -0.01576317200059837,
        "nauc_recall_at_1000_std": -0.07777134823670784,
        "nauc_recall_at_100_diff1": -0.060520299602456744,
        "nauc_recall_at_100_max": 0.0748743053197278,
        "nauc_recall_at_100_std": -0.0879583551957028,
        "nauc_recall_at_10_diff1": 0.07350187890456943,
        "nauc_recall_at_10_max": -0.06330018508148394,
        "nauc_recall_at_10_std": -0.21928404400664187,
        "nauc_recall_at_1_diff1": 0.8059664379140302,
        "nauc_recall_at_1_max": -0.12749296822084266,
        "nauc_recall_at_1_std": -0.05429271146232305,
        "nauc_recall_at_20_diff1": -0.07684970172743558,
        "nauc_recall_at_20_max": 0.10017407656584418,
        "nauc_recall_at_20_std": -0.013194735117252812,
        "nauc_recall_at_3_diff1": -0.15025117417603065,
        "nauc_recall_at_3_max": 0.09734418601004355,
        "nauc_recall_at_3_std": -0.27053212637700763,
        "nauc_recall_at_5_diff1": -0.14094582113738416,
        "nauc_recall_at_5_max": 0.0853614744664067,
        "nauc_recall_at_5_std": -0.263159638845765,
        "ndcg_at_1": 0.01548,
        "ndcg_at_10": 0.01369,
        "ndcg_at_100": 0.02217,
        "ndcg_at_1000": 0.10842,
        "ndcg_at_20": 0.01429,
        "ndcg_at_3": 0.01583,
        "ndcg_at_5": 0.013,
        "precision_at_1": 0.01548,
        "precision_at_10": 0.01424,
        "precision_at_100": 0.01207,
        "precision_at_1000": 0.01168,
        "precision_at_20": 0.013,
        "precision_at_3": 0.01754,
        "precision_at_5": 0.013,
        "recall_at_1": 0.00023,
        "recall_at_10": 0.00277,
        "recall_at_100": 0.03473,
        "recall_at_1000": 0.32855,
        "recall_at_20": 0.00849,
        "recall_at_3": 0.00105,
        "recall_at_5": 0.00115
      }
    ]
  },
  "task_name": "NFCorpus"
}