{
  "dataset_revision": "20a6d6f312dd54037fe07a32d58e5e168867909d",
  "evaluation_time": 61.32725501060486,
  "kg_co2_emissions": null,
  "mteb_version": "1.14.10",
  "scores": {
    "test": [
      {
        "cosine_pearson": 0.35002195504317435,
        "cosine_spearman": 0.3818769560596834,
        "euclidean_pearson": 0.37947385505340275,
        "euclidean_spearman": 0.3818767706802608,
        "hf_subset": "default",
        "languages": [
          "eng-Latn"
        ],
        "main_score": 0.3818769560596834,
        "manhattan_pearson": 0.3753583710328264,
        "manhattan_spearman": 0.37995602866826217,
        "pearson": 0.35002195504317435,
        "spearman": 0.3818769560596834
      }
    ]
  },
  "task_name": "SICK-R"
}