{
  "dataset_revision": "ec0fa4fe99da2ff19ca1214b7966684033a58814",
  "evaluation_time": 3.050201177597046,
  "kg_co2_emissions": null,
  "mteb_version": "1.14.12",
  "scores": {
    "test": [
      {
        "hf_subset": "default",
        "languages": [
          "eng-Latn"
        ],
        "main_score": 0.01266,
        "map_at_1": 0.00015,
        "map_at_10": 0.00065,
        "map_at_100": 0.00179,
        "map_at_1000": 0.00598,
        "map_at_20": 0.0009,
        "map_at_3": 0.00031,
        "map_at_5": 0.00035,
        "mrr_at_1": 0.021671826625386997,
        "mrr_at_10": 0.038340950415253816,
        "mrr_at_100": 0.0487871013403265,
        "mrr_at_1000": 0.050514437760672486,
        "mrr_at_20": 0.04247697398031916,
        "mrr_at_3": 0.029927760577915376,
        "mrr_at_5": 0.034107327141382864,
        "nauc_map_at_1000_diff1": 0.018841333467669984,
        "nauc_map_at_1000_max": -0.05904233924878756,
        "nauc_map_at_1000_std": 0.06995163491396446,
        "nauc_map_at_100_diff1": -0.05609139880378957,
        "nauc_map_at_100_max": -0.08548454741566001,
        "nauc_map_at_100_std": 0.02247915416465709,
        "nauc_map_at_10_diff1": -0.026737212638209034,
        "nauc_map_at_10_max": -0.15149388537416478,
        "nauc_map_at_10_std": 0.06891596685078648,
        "nauc_map_at_1_diff1": 0.009010960949211343,
        "nauc_map_at_1_max": -0.2806673045794264,
        "nauc_map_at_1_std": -0.04497729937958615,
        "nauc_map_at_20_diff1": -0.003748950921012338,
        "nauc_map_at_20_max": -0.16897096703893363,
        "nauc_map_at_20_std": 0.10476283473053737,
        "nauc_map_at_3_diff1": -0.106763392728157,
        "nauc_map_at_3_max": -0.15653927634009504,
        "nauc_map_at_3_std": 0.2654446160038587,
        "nauc_map_at_5_diff1": -0.03024863934551422,
        "nauc_map_at_5_max": -0.18517432361764613,
        "nauc_map_at_5_std": 0.2785101386971329,
        "nauc_mrr_at_1000_diff1": -0.045884560895681985,
        "nauc_mrr_at_1000_max": -0.02261398847580294,
        "nauc_mrr_at_1000_std": 0.12189506414466561,
        "nauc_mrr_at_100_diff1": -0.049405061073232254,
        "nauc_mrr_at_100_max": -0.022110726111271507,
        "nauc_mrr_at_100_std": 0.11931322390561212,
        "nauc_mrr_at_10_diff1": -0.03443706894695028,
        "nauc_mrr_at_10_max": -0.028334879423042764,
        "nauc_mrr_at_10_std": 0.15008114353880314,
        "nauc_mrr_at_1_diff1": -0.11365425169377873,
        "nauc_mrr_at_1_max": 0.026972067249114242,
        "nauc_mrr_at_1_std": 0.03341388755846327,
        "nauc_mrr_at_20_diff1": -0.042878300757907134,
        "nauc_mrr_at_20_max": -0.03247651378413475,
        "nauc_mrr_at_20_std": 0.14262705169561565,
        "nauc_mrr_at_3_diff1": -0.09666642460544389,
        "nauc_mrr_at_3_max": 0.017709920197781247,
        "nauc_mrr_at_3_std": 0.153073876493668,
        "nauc_mrr_at_5_diff1": -0.05614605389097916,
        "nauc_mrr_at_5_max": -0.013507473241049039,
        "nauc_mrr_at_5_std": 0.16055624262726462,
        "nauc_ndcg_at_1000_diff1": 0.014446087267639277,
        "nauc_ndcg_at_1000_max": -0.009442072373216648,
        "nauc_ndcg_at_1000_std": 0.04081065746548506,
        "nauc_ndcg_at_100_diff1": -0.05520462571458934,
        "nauc_ndcg_at_100_max": -0.02395461043938068,
        "nauc_ndcg_at_100_std": 0.029027202240629404,
        "nauc_ndcg_at_10_diff1": 0.03760334305959389,
        "nauc_ndcg_at_10_max": -0.04737752171435044,
        "nauc_ndcg_at_10_std": 0.18483762365559314,
        "nauc_ndcg_at_1_diff1": -0.04931229073279978,
        "nauc_ndcg_at_1_max": -0.04786763409322033,
        "nauc_ndcg_at_1_std": 0.030899008901382346,
        "nauc_ndcg_at_20_diff1": 0.06508881094358648,
        "nauc_ndcg_at_20_max": -0.08107300381778085,
        "nauc_ndcg_at_20_std": 0.17322119628852078,
        "nauc_ndcg_at_3_diff1": -0.10905827426179983,
        "nauc_ndcg_at_3_max": 0.029678376878029957,
        "nauc_ndcg_at_3_std": 0.18501715772769414,
        "nauc_ndcg_at_5_diff1": -0.033289397548127125,
        "nauc_ndcg_at_5_max": -0.006282306306936452,
        "nauc_ndcg_at_5_std": 0.2086095743313508,
        "nauc_precision_at_1000_diff1": 0.05478477018778751,
        "nauc_precision_at_1000_max": -0.0188777120050892,
        "nauc_precision_at_1000_std": 0.0847085881452229,
        "nauc_precision_at_100_diff1": -0.002144506806438064,
        "nauc_precision_at_100_max": -0.024203899876617523,
        "nauc_precision_at_100_std": 0.09642442625627212,
        "nauc_precision_at_10_diff1": 0.11159872514278564,
        "nauc_precision_at_10_max": -0.0788183213481818,
        "nauc_precision_at_10_std": 0.21202972361533773,
        "nauc_precision_at_1_diff1": -0.03695439388574732,
        "nauc_precision_at_1_max": -0.07841167897865112,
        "nauc_precision_at_1_std": 0.022485790246235635,
        "nauc_precision_at_20_diff1": 0.11910524348714446,
        "nauc_precision_at_20_max": -0.11553841050688263,
        "nauc_precision_at_20_std": 0.203063048036921,
        "nauc_precision_at_3_diff1": -0.13231044525145721,
        "nauc_precision_at_3_max": 0.018571815801731808,
        "nauc_precision_at_3_std": 0.20622015123730822,
        "nauc_precision_at_5_diff1": -0.012532815681090551,
        "nauc_precision_at_5_max": -0.02565857343270945,
        "nauc_precision_at_5_std": 0.23197648091869683,
        "nauc_recall_at_1000_diff1": -0.002936961353407964,
        "nauc_recall_at_1000_max": 0.014223143080013156,
        "nauc_recall_at_1000_std": 0.0036152103737310047,
        "nauc_recall_at_100_diff1": -0.11489736313180311,
        "nauc_recall_at_100_max": 0.04794003228551319,
        "nauc_recall_at_100_std": -0.10317648019437167,
        "nauc_recall_at_10_diff1": -0.05005633750813165,
        "nauc_recall_at_10_max": -0.13514238895848354,
        "nauc_recall_at_10_std": -0.11570471749242014,
        "nauc_recall_at_1_diff1": 0.009010960949211343,
        "nauc_recall_at_1_max": -0.2806673045794264,
        "nauc_recall_at_1_std": -0.04497729937958615,
        "nauc_recall_at_20_diff1": -0.0579078344861329,
        "nauc_recall_at_20_max": -0.16405865681522552,
        "nauc_recall_at_20_std": -0.005573233268434589,
        "nauc_recall_at_3_diff1": -0.14891151839239467,
        "nauc_recall_at_3_max": -0.11000751028601619,
        "nauc_recall_at_3_std": 0.31696386485849226,
        "nauc_recall_at_5_diff1": 0.03151502745039755,
        "nauc_recall_at_5_max": -0.18839575255485574,
        "nauc_recall_at_5_std": 0.3374401451730687,
        "ndcg_at_1": 0.01703,
        "ndcg_at_10": 0.01266,
        "ndcg_at_100": 0.02106,
        "ndcg_at_1000": 0.10467,
        "ndcg_at_20": 0.01313,
        "ndcg_at_3": 0.01472,
        "ndcg_at_5": 0.01322,
        "precision_at_1": 0.01858,
        "precision_at_10": 0.01207,
        "precision_at_100": 0.01211,
        "precision_at_1000": 0.01139,
        "precision_at_20": 0.013,
        "precision_at_3": 0.01548,
        "precision_at_5": 0.013,
        "recall_at_1": 0.00015,
        "recall_at_10": 0.00307,
        "recall_at_100": 0.03323,
        "recall_at_1000": 0.3187,
        "recall_at_20": 0.00553,
        "recall_at_3": 0.00049,
        "recall_at_5": 0.00065
      }
    ]
  },
  "task_name": "NFCorpus"
}