{
  "dataset_revision": "ec0fa4fe99da2ff19ca1214b7966684033a58814",
  "evaluation_time": 3.027378559112549,
  "kg_co2_emissions": null,
  "mteb_version": "1.14.12",
  "scores": {
    "test": [
      {
        "hf_subset": "default",
        "languages": [
          "eng-Latn"
        ],
        "main_score": 0.19433,
        "map_at_1": 0.02808,
        "map_at_10": 0.06018,
        "map_at_100": 0.07789,
        "map_at_1000": 0.08914,
        "map_at_20": 0.06742,
        "map_at_3": 0.04275,
        "map_at_5": 0.05088,
        "mrr_at_1": 0.2786377708978328,
        "mrr_at_10": 0.3582694481301292,
        "mrr_at_100": 0.36693952540847524,
        "mrr_at_1000": 0.36761477413348087,
        "mrr_at_20": 0.362952193230807,
        "mrr_at_3": 0.3333333333333332,
        "mrr_at_5": 0.34881320949432404,
        "nauc_map_at_1000_diff1": 0.13316691985556003,
        "nauc_map_at_1000_max": 0.36709129127540024,
        "nauc_map_at_1000_std": 0.18603537733788408,
        "nauc_map_at_100_diff1": 0.1422654448614294,
        "nauc_map_at_100_max": 0.3579960217077824,
        "nauc_map_at_100_std": 0.15228547929724673,
        "nauc_map_at_10_diff1": 0.1568193368157705,
        "nauc_map_at_10_max": 0.3144246278507779,
        "nauc_map_at_10_std": 0.07073751447105099,
        "nauc_map_at_1_diff1": 0.22197312516666687,
        "nauc_map_at_1_max": 0.20676479753490912,
        "nauc_map_at_1_std": -0.11801002493587676,
        "nauc_map_at_20_diff1": 0.14996364630754927,
        "nauc_map_at_20_max": 0.336071267493215,
        "nauc_map_at_20_std": 0.10759030176739097,
        "nauc_map_at_3_diff1": 0.18976319377525053,
        "nauc_map_at_3_max": 0.2743148520037447,
        "nauc_map_at_3_std": -0.04892055761350957,
        "nauc_map_at_5_diff1": 0.15781764836388779,
        "nauc_map_at_5_max": 0.2845070024918484,
        "nauc_map_at_5_std": 0.005138069937812722,
        "nauc_mrr_at_1000_diff1": 0.2341514053409035,
        "nauc_mrr_at_1000_max": 0.36352430874909497,
        "nauc_mrr_at_1000_std": 0.13209272219439072,
        "nauc_mrr_at_100_diff1": 0.23415604701455284,
        "nauc_mrr_at_100_max": 0.36402280980794094,
        "nauc_mrr_at_100_std": 0.13230060197633622,
        "nauc_mrr_at_10_diff1": 0.23511295138475866,
        "nauc_mrr_at_10_max": 0.36118733262664626,
        "nauc_mrr_at_10_std": 0.13110265529546475,
        "nauc_mrr_at_1_diff1": 0.2852806793255475,
        "nauc_mrr_at_1_max": 0.3464687777861886,
        "nauc_mrr_at_1_std": 0.09160260712611895,
        "nauc_mrr_at_20_diff1": 0.23301981146968312,
        "nauc_mrr_at_20_max": 0.3633561067568355,
        "nauc_mrr_at_20_std": 0.13346844615998554,
        "nauc_mrr_at_3_diff1": 0.24797701467715288,
        "nauc_mrr_at_3_max": 0.3474992092571234,
        "nauc_mrr_at_3_std": 0.12042631388302497,
        "nauc_mrr_at_5_diff1": 0.22832592237016897,
        "nauc_mrr_at_5_max": 0.35430912081840366,
        "nauc_mrr_at_5_std": 0.12622699271996726,
        "nauc_ndcg_at_1000_diff1": 0.14926265372769026,
        "nauc_ndcg_at_1000_max": 0.46821719761843184,
        "nauc_ndcg_at_1000_std": 0.3009071650733026,
        "nauc_ndcg_at_100_diff1": 0.150235060066438,
        "nauc_ndcg_at_100_max": 0.3996289339673982,
        "nauc_ndcg_at_100_std": 0.22203694740823957,
        "nauc_ndcg_at_10_diff1": 0.14872242344741934,
        "nauc_ndcg_at_10_max": 0.36667332173443884,
        "nauc_ndcg_at_10_std": 0.20880416002308885,
        "nauc_ndcg_at_1_diff1": 0.28190881595442424,
        "nauc_ndcg_at_1_max": 0.32798458417853465,
        "nauc_ndcg_at_1_std": 0.09688976247837473,
        "nauc_ndcg_at_20_diff1": 0.16219854938143904,
        "nauc_ndcg_at_20_max": 0.37480961303031124,
        "nauc_ndcg_at_20_std": 0.21722120112159496,
        "nauc_ndcg_at_3_diff1": 0.16412402073728424,
        "nauc_ndcg_at_3_max": 0.3331641931630349,
        "nauc_ndcg_at_3_std": 0.14646852349787784,
        "nauc_ndcg_at_5_diff1": 0.13139007961781082,
        "nauc_ndcg_at_5_max": 0.3445896544672656,
        "nauc_ndcg_at_5_std": 0.1796847526709568,
        "nauc_precision_at_1000_diff1": -0.060266640496559346,
        "nauc_precision_at_1000_max": 0.0926933129808999,
        "nauc_precision_at_1000_std": 0.19432163934201033,
        "nauc_precision_at_100_diff1": 0.0011769994084595788,
        "nauc_precision_at_100_max": 0.2536339769621155,
        "nauc_precision_at_100_std": 0.351282070641029,
        "nauc_precision_at_10_diff1": 0.05532474839244334,
        "nauc_precision_at_10_max": 0.3688207550765472,
        "nauc_precision_at_10_std": 0.3265009643406613,
        "nauc_precision_at_1_diff1": 0.2852806793255475,
        "nauc_precision_at_1_max": 0.3464687777861886,
        "nauc_precision_at_1_std": 0.09160260712611895,
        "nauc_precision_at_20_diff1": 0.053526077107309396,
        "nauc_precision_at_20_max": 0.3632909156817168,
        "nauc_precision_at_20_std": 0.354860900184585,
        "nauc_precision_at_3_diff1": 0.1061873280139784,
        "nauc_precision_at_3_max": 0.3547347458103827,
        "nauc_precision_at_3_std": 0.19710613991192036,
        "nauc_precision_at_5_diff1": 0.04250502914014753,
        "nauc_precision_at_5_max": 0.35622468055366546,
        "nauc_precision_at_5_std": 0.265051338007641,
        "nauc_recall_at_1000_diff1": 0.06996532981721497,
        "nauc_recall_at_1000_max": 0.2615864729012511,
        "nauc_recall_at_1000_std": 0.24891153867394286,
        "nauc_recall_at_100_diff1": 0.07404028695503294,
        "nauc_recall_at_100_max": 0.23609397158118536,
        "nauc_recall_at_100_std": 0.16205171306221056,
        "nauc_recall_at_10_diff1": 0.11043737439371641,
        "nauc_recall_at_10_max": 0.25541845158165316,
        "nauc_recall_at_10_std": 0.08692961049455852,
        "nauc_recall_at_1_diff1": 0.22197312516666687,
        "nauc_recall_at_1_max": 0.20676479753490912,
        "nauc_recall_at_1_std": -0.11801002493587676,
        "nauc_recall_at_20_diff1": 0.10551993746211918,
        "nauc_recall_at_20_max": 0.23832959733802156,
        "nauc_recall_at_20_std": 0.1264875768551454,
        "nauc_recall_at_3_diff1": 0.16567621405193866,
        "nauc_recall_at_3_max": 0.25415314304047565,
        "nauc_recall_at_3_std": -0.05008856333042731,
        "nauc_recall_at_5_diff1": 0.08610629742729149,
        "nauc_recall_at_5_max": 0.23909761959872503,
        "nauc_recall_at_5_std": 0.020568714009007987,
        "ndcg_at_1": 0.26161,
        "ndcg_at_10": 0.19433,
        "ndcg_at_100": 0.18959,
        "ndcg_at_1000": 0.2877,
        "ndcg_at_20": 0.18212,
        "ndcg_at_3": 0.22685,
        "ndcg_at_5": 0.21249,
        "precision_at_1": 0.27864,
        "precision_at_10": 0.1483,
        "precision_at_100": 0.05127,
        "precision_at_1000": 0.01792,
        "precision_at_20": 0.11006,
        "precision_at_3": 0.21465,
        "precision_at_5": 0.18514,
        "recall_at_1": 0.02808,
        "recall_at_10": 0.09039,
        "recall_at_100": 0.2151,
        "recall_at_1000": 0.55777,
        "recall_at_20": 0.11853,
        "recall_at_3": 0.04874,
        "recall_at_5": 0.06727
      }
    ]
  },
  "task_name": "NFCorpus"
}