{
  "dataset_revision": "ec0fa4fe99da2ff19ca1214b7966684033a58814",
  "evaluation_time": 3.012286424636841,
  "kg_co2_emissions": null,
  "mteb_version": "1.14.12",
  "scores": {
    "test": [
      {
        "hf_subset": "default",
        "languages": [
          "eng-Latn"
        ],
        "main_score": 0.12553,
        "map_at_1": 0.01534,
        "map_at_10": 0.03527,
        "map_at_100": 0.04768,
        "map_at_1000": 0.05815,
        "map_at_20": 0.03939,
        "map_at_3": 0.02538,
        "map_at_5": 0.02977,
        "mrr_at_1": 0.16718266253869968,
        "mrr_at_10": 0.24759324782544606,
        "mrr_at_100": 0.2563128519289422,
        "mrr_at_1000": 0.2574149996442714,
        "mrr_at_20": 0.2520676872998616,
        "mrr_at_3": 0.22445820433436534,
        "mrr_at_5": 0.23405572755417958,
        "nauc_map_at_1000_diff1": 0.16239264334984016,
        "nauc_map_at_1000_max": 0.32498006113190125,
        "nauc_map_at_1000_std": 0.13409521311195363,
        "nauc_map_at_100_diff1": 0.179361711841283,
        "nauc_map_at_100_max": 0.31624177369383805,
        "nauc_map_at_100_std": 0.10743162753493031,
        "nauc_map_at_10_diff1": 0.21006877579216657,
        "nauc_map_at_10_max": 0.29785136195536066,
        "nauc_map_at_10_std": 0.043444850576405354,
        "nauc_map_at_1_diff1": 0.3679343111781346,
        "nauc_map_at_1_max": 0.2602223484809909,
        "nauc_map_at_1_std": -0.07492728668053936,
        "nauc_map_at_20_diff1": 0.19525604377921374,
        "nauc_map_at_20_max": 0.2972269032845247,
        "nauc_map_at_20_std": 0.06053206953463686,
        "nauc_map_at_3_diff1": 0.24820678165261478,
        "nauc_map_at_3_max": 0.25574490658627447,
        "nauc_map_at_3_std": -0.0018957134883471902,
        "nauc_map_at_5_diff1": 0.21296443819061048,
        "nauc_map_at_5_max": 0.2709737996586861,
        "nauc_map_at_5_std": 0.013981091212819003,
        "nauc_mrr_at_1000_diff1": 0.0568715135171879,
        "nauc_mrr_at_1000_max": 0.31837674904131497,
        "nauc_mrr_at_1000_std": 0.11533060402608011,
        "nauc_mrr_at_100_diff1": 0.05694979042286275,
        "nauc_mrr_at_100_max": 0.3186149887225751,
        "nauc_mrr_at_100_std": 0.11647024546761632,
        "nauc_mrr_at_10_diff1": 0.06084958068032799,
        "nauc_mrr_at_10_max": 0.3095990799865486,
        "nauc_mrr_at_10_std": 0.11342798415198559,
        "nauc_mrr_at_1_diff1": 0.10242732198156053,
        "nauc_mrr_at_1_max": 0.3313049508683381,
        "nauc_mrr_at_1_std": 0.1336951390119317,
        "nauc_mrr_at_20_diff1": 0.05596879819319278,
        "nauc_mrr_at_20_max": 0.3161168246277287,
        "nauc_mrr_at_20_std": 0.11448241276289386,
        "nauc_mrr_at_3_diff1": 0.05783229083753163,
        "nauc_mrr_at_3_max": 0.30369866087233655,
        "nauc_mrr_at_3_std": 0.11860039597267981,
        "nauc_mrr_at_5_diff1": 0.04957570610573751,
        "nauc_mrr_at_5_max": 0.3023852097956866,
        "nauc_mrr_at_5_std": 0.11337462004748787,
        "nauc_ndcg_at_1000_diff1": 0.07613327157062158,
        "nauc_ndcg_at_1000_max": 0.39485454356740546,
        "nauc_ndcg_at_1000_std": 0.16342720993446505,
        "nauc_ndcg_at_100_diff1": 0.12467624624251554,
        "nauc_ndcg_at_100_max": 0.35399787689064727,
        "nauc_ndcg_at_100_std": 0.15900495273222967,
        "nauc_ndcg_at_10_diff1": 0.10679486365831706,
        "nauc_ndcg_at_10_max": 0.36098522384504944,
        "nauc_ndcg_at_10_std": 0.16534674937226335,
        "nauc_ndcg_at_1_diff1": 0.13195288762344567,
        "nauc_ndcg_at_1_max": 0.33874103241244535,
        "nauc_ndcg_at_1_std": 0.1645009081303007,
        "nauc_ndcg_at_20_diff1": 0.12026812538216267,
        "nauc_ndcg_at_20_max": 0.34454973746323864,
        "nauc_ndcg_at_20_std": 0.152739146707877,
        "nauc_ndcg_at_3_diff1": 0.07142182213947425,
        "nauc_ndcg_at_3_max": 0.32568785755645113,
        "nauc_ndcg_at_3_std": 0.17526799154257414,
        "nauc_ndcg_at_5_diff1": 0.06844115666186326,
        "nauc_ndcg_at_5_max": 0.3375381706439945,
        "nauc_ndcg_at_5_std": 0.17649862775344305,
        "nauc_precision_at_1000_diff1": -0.034735117647104206,
        "nauc_precision_at_1000_max": 0.09855893290945718,
        "nauc_precision_at_1000_std": 0.14863227119208697,
        "nauc_precision_at_100_diff1": 0.029872164549858343,
        "nauc_precision_at_100_max": 0.2537423274823223,
        "nauc_precision_at_100_std": 0.27275767316692784,
        "nauc_precision_at_10_diff1": 0.016412558861171826,
        "nauc_precision_at_10_max": 0.37452045544162166,
        "nauc_precision_at_10_std": 0.2357738203299024,
        "nauc_precision_at_1_diff1": 0.10242732198156053,
        "nauc_precision_at_1_max": 0.3313049508683381,
        "nauc_precision_at_1_std": 0.1336951390119317,
        "nauc_precision_at_20_diff1": 0.002526567093524654,
        "nauc_precision_at_20_max": 0.3334371791264327,
        "nauc_precision_at_20_std": 0.25162376641251993,
        "nauc_precision_at_3_diff1": 0.026695768749591536,
        "nauc_precision_at_3_max": 0.3353329684787185,
        "nauc_precision_at_3_std": 0.19806523585981772,
        "nauc_precision_at_5_diff1": 0.002456935522958902,
        "nauc_precision_at_5_max": 0.3514583945698012,
        "nauc_precision_at_5_std": 0.22799011410918105,
        "nauc_recall_at_1000_diff1": 0.06753614472999894,
        "nauc_recall_at_1000_max": 0.24705099877477293,
        "nauc_recall_at_1000_std": 0.05193245453104722,
        "nauc_recall_at_100_diff1": 0.1053722181026549,
        "nauc_recall_at_100_max": 0.2181579466578325,
        "nauc_recall_at_100_std": 0.0964181324979574,
        "nauc_recall_at_10_diff1": 0.20207401652438284,
        "nauc_recall_at_10_max": 0.25664570022107064,
        "nauc_recall_at_10_std": -0.0009638611134364705,
        "nauc_recall_at_1_diff1": 0.3679343111781346,
        "nauc_recall_at_1_max": 0.2602223484809909,
        "nauc_recall_at_1_std": -0.07492728668053936,
        "nauc_recall_at_20_diff1": 0.15731841409151204,
        "nauc_recall_at_20_max": 0.2293346620941369,
        "nauc_recall_at_20_std": 0.03547710913803624,
        "nauc_recall_at_3_diff1": 0.18223338420609006,
        "nauc_recall_at_3_max": 0.20047482867990904,
        "nauc_recall_at_3_std": -0.0077229188475587416,
        "nauc_recall_at_5_diff1": 0.13458878967560883,
        "nauc_recall_at_5_max": 0.20325894734563416,
        "nauc_recall_at_5_std": -0.026265167419282726,
        "ndcg_at_1": 0.15635,
        "ndcg_at_10": 0.12553,
        "ndcg_at_100": 0.13722,
        "ndcg_at_1000": 0.24133,
        "ndcg_at_20": 0.1199,
        "ndcg_at_3": 0.14695,
        "ndcg_at_5": 0.13512,
        "precision_at_1": 0.16718,
        "precision_at_10": 0.09721,
        "precision_at_100": 0.03969,
        "precision_at_1000": 0.01708,
        "precision_at_20": 0.07415,
        "precision_at_3": 0.14551,
        "precision_at_5": 0.12198,
        "recall_at_1": 0.01534,
        "recall_at_10": 0.06443,
        "recall_at_100": 0.17394,
        "recall_at_1000": 0.52843,
        "recall_at_20": 0.08599,
        "recall_at_3": 0.03244,
        "recall_at_5": 0.04379
      }
    ]
  },
  "task_name": "NFCorpus"
}