{
  "dataset_revision": "ec0fa4fe99da2ff19ca1214b7966684033a58814",
  "evaluation_time": 3.0210177898406982,
  "kg_co2_emissions": null,
  "mteb_version": "1.14.12",
  "scores": {
    "test": [
      {
        "hf_subset": "default",
        "languages": [
          "eng-Latn"
        ],
        "main_score": 0.07089,
        "map_at_1": 0.00599,
        "map_at_10": 0.01474,
        "map_at_100": 0.02307,
        "map_at_1000": 0.0322,
        "map_at_20": 0.01711,
        "map_at_3": 0.00988,
        "map_at_5": 0.01186,
        "mrr_at_1": 0.09597523219814241,
        "mrr_at_10": 0.14910683571674294,
        "mrr_at_100": 0.160379127706411,
        "mrr_at_1000": 0.16162277005143402,
        "mrr_at_20": 0.15518697272560067,
        "mrr_at_3": 0.12641898864809084,
        "mrr_at_5": 0.13570691434468526,
        "nauc_map_at_1000_diff1": -0.1214792159967126,
        "nauc_map_at_1000_max": 0.33491868077726106,
        "nauc_map_at_1000_std": 0.29998893318064934,
        "nauc_map_at_100_diff1": -0.1520711380200403,
        "nauc_map_at_100_max": 0.3464035185363415,
        "nauc_map_at_100_std": 0.301425296503844,
        "nauc_map_at_10_diff1": -0.13705034128818042,
        "nauc_map_at_10_max": 0.35959191635695603,
        "nauc_map_at_10_std": 0.27365632723998945,
        "nauc_map_at_1_diff1": -0.08540356078842892,
        "nauc_map_at_1_max": 0.45694653745757824,
        "nauc_map_at_1_std": 0.18664324802924726,
        "nauc_map_at_20_diff1": -0.14443227822018623,
        "nauc_map_at_20_max": 0.3602334775792839,
        "nauc_map_at_20_std": 0.2917879400230192,
        "nauc_map_at_3_diff1": -0.12158507955765445,
        "nauc_map_at_3_max": 0.3551086842014981,
        "nauc_map_at_3_std": 0.2393947612771443,
        "nauc_map_at_5_diff1": -0.13221505062097574,
        "nauc_map_at_5_max": 0.3806550270802022,
        "nauc_map_at_5_std": 0.2632462645224529,
        "nauc_mrr_at_1000_diff1": 0.04958532065714282,
        "nauc_mrr_at_1000_max": 0.29043842839221184,
        "nauc_mrr_at_1000_std": 0.23777582752330023,
        "nauc_mrr_at_100_diff1": 0.049341009149221106,
        "nauc_mrr_at_100_max": 0.2906365487734373,
        "nauc_mrr_at_100_std": 0.2375521890776479,
        "nauc_mrr_at_10_diff1": 0.048184511050326194,
        "nauc_mrr_at_10_max": 0.27742115518951255,
        "nauc_mrr_at_10_std": 0.2411011051547989,
        "nauc_mrr_at_1_diff1": 0.07218125604462183,
        "nauc_mrr_at_1_max": 0.3629952112082197,
        "nauc_mrr_at_1_std": 0.29876241493597283,
        "nauc_mrr_at_20_diff1": 0.05052328200434312,
        "nauc_mrr_at_20_max": 0.2863040800597368,
        "nauc_mrr_at_20_std": 0.2388058143667534,
        "nauc_mrr_at_3_diff1": 0.07336551848722032,
        "nauc_mrr_at_3_max": 0.29161658213478947,
        "nauc_mrr_at_3_std": 0.2670289216819576,
        "nauc_mrr_at_5_diff1": 0.054132191857016246,
        "nauc_mrr_at_5_max": 0.28226680861317605,
        "nauc_mrr_at_5_std": 0.2535995350499684,
        "nauc_ndcg_at_1000_diff1": -0.04477000180318656,
        "nauc_ndcg_at_1000_max": 0.34184268771516013,
        "nauc_ndcg_at_1000_std": 0.21792314101015248,
        "nauc_ndcg_at_100_diff1": -0.09588899420762664,
        "nauc_ndcg_at_100_max": 0.3007499042005714,
        "nauc_ndcg_at_100_std": 0.2271986518354884,
        "nauc_ndcg_at_10_diff1": -0.01713852383673799,
        "nauc_ndcg_at_10_max": 0.31584903082050003,
        "nauc_ndcg_at_10_std": 0.2964268233672967,
        "nauc_ndcg_at_1_diff1": 0.05330217619577246,
        "nauc_ndcg_at_1_max": 0.3797070511735522,
        "nauc_ndcg_at_1_std": 0.3093127397686727,
        "nauc_ndcg_at_20_diff1": -0.04728275342308847,
        "nauc_ndcg_at_20_max": 0.30962812673393997,
        "nauc_ndcg_at_20_std": 0.2889441807233158,
        "nauc_ndcg_at_3_diff1": 0.05448520039789435,
        "nauc_ndcg_at_3_max": 0.3438825468906777,
        "nauc_ndcg_at_3_std": 0.31846368655539564,
        "nauc_ndcg_at_5_diff1": 0.008462583050671728,
        "nauc_ndcg_at_5_max": 0.3403464211236459,
        "nauc_ndcg_at_5_std": 0.3220572912312685,
        "nauc_precision_at_1000_diff1": 0.07056513541257849,
        "nauc_precision_at_1000_max": 0.17717914031884535,
        "nauc_precision_at_1000_std": 0.09843358319103615,
        "nauc_precision_at_100_diff1": -0.013214981368659664,
        "nauc_precision_at_100_max": 0.21021687877915496,
        "nauc_precision_at_100_std": 0.21748378623793474,
        "nauc_precision_at_10_diff1": -0.040021580555278526,
        "nauc_precision_at_10_max": 0.252257065737285,
        "nauc_precision_at_10_std": 0.2741801347355133,
        "nauc_precision_at_1_diff1": 0.07218125604462183,
        "nauc_precision_at_1_max": 0.3629952112082197,
        "nauc_precision_at_1_std": 0.29876241493597283,
        "nauc_precision_at_20_diff1": -0.041311425551829255,
        "nauc_precision_at_20_max": 0.2795581599114567,
        "nauc_precision_at_20_std": 0.280025163357616,
        "nauc_precision_at_3_diff1": 0.050372022701310415,
        "nauc_precision_at_3_max": 0.3022269577038189,
        "nauc_precision_at_3_std": 0.3241758932118715,
        "nauc_precision_at_5_diff1": -0.01700688972032942,
        "nauc_precision_at_5_max": 0.28236765780685213,
        "nauc_precision_at_5_std": 0.30815388342087985,
        "nauc_recall_at_1000_diff1": -0.03920689253766047,
        "nauc_recall_at_1000_max": 0.23316041642465965,
        "nauc_recall_at_1000_std": 0.06747763951599046,
        "nauc_recall_at_100_diff1": -0.18728487648944156,
        "nauc_recall_at_100_max": 0.1841650107312594,
        "nauc_recall_at_100_std": 0.0787266885824631,
        "nauc_recall_at_10_diff1": -0.1388180109662987,
        "nauc_recall_at_10_max": 0.18938692943336022,
        "nauc_recall_at_10_std": 0.1745189492945988,
        "nauc_recall_at_1_diff1": -0.08540356078842892,
        "nauc_recall_at_1_max": 0.45694653745757824,
        "nauc_recall_at_1_std": 0.18664324802924726,
        "nauc_recall_at_20_diff1": -0.1759011913322224,
        "nauc_recall_at_20_max": 0.1515750421865042,
        "nauc_recall_at_20_std": 0.17022500586951372,
        "nauc_recall_at_3_diff1": -0.15066507393459044,
        "nauc_recall_at_3_max": 0.25621028698799675,
        "nauc_recall_at_3_std": 0.23789698542372645,
        "nauc_recall_at_5_diff1": -0.16423158970132432,
        "nauc_recall_at_5_max": 0.3038929486213282,
        "nauc_recall_at_5_std": 0.22564724864879857,
        "ndcg_at_1": 0.08978,
        "ndcg_at_10": 0.07089,
        "ndcg_at_100": 0.0898,
        "ndcg_at_1000": 0.19102,
        "ndcg_at_20": 0.06875,
        "ndcg_at_3": 0.07835,
        "ndcg_at_5": 0.07397,
        "precision_at_1": 0.09598,
        "precision_at_10": 0.06099,
        "precision_at_100": 0.0326,
        "precision_at_1000": 0.01602,
        "precision_at_20": 0.05,
        "precision_at_3": 0.07843,
        "precision_at_5": 0.07059,
        "recall_at_1": 0.00599,
        "recall_at_10": 0.03006,
        "recall_at_100": 0.12713,
        "recall_at_1000": 0.46635,
        "recall_at_20": 0.04558,
        "recall_at_3": 0.0128,
        "recall_at_5": 0.01756
      }
    ]
  },
  "task_name": "NFCorpus"
}