{
  "dataset_revision": "ec0fa4fe99da2ff19ca1214b7966684033a58814",
  "evaluation_time": 3.026033878326416,
  "kg_co2_emissions": null,
  "mteb_version": "1.14.12",
  "scores": {
    "test": [
      {
        "hf_subset": "default",
        "languages": [
          "eng-Latn"
        ],
        "main_score": 0.01516,
        "map_at_1": 0.00087,
        "map_at_10": 0.00191,
        "map_at_100": 0.003,
        "map_at_1000": 0.00734,
        "map_at_20": 0.00209,
        "map_at_3": 0.00127,
        "map_at_5": 0.00158,
        "mrr_at_1": 0.018575851393188854,
        "mrr_at_10": 0.04615460219175388,
        "mrr_at_100": 0.0567589481372713,
        "mrr_at_1000": 0.058383112929428126,
        "mrr_at_20": 0.05154387918684038,
        "mrr_at_3": 0.03508771929824561,
        "mrr_at_5": 0.03957688338493291,
        "nauc_map_at_1000_diff1": 0.05138351070731883,
        "nauc_map_at_1000_max": -0.016854202399660918,
        "nauc_map_at_1000_std": 0.06406619281561121,
        "nauc_map_at_100_diff1": -0.004143768802906923,
        "nauc_map_at_100_max": 0.024101206752822957,
        "nauc_map_at_100_std": 0.052725048044593936,
        "nauc_map_at_10_diff1": -0.012278562701781485,
        "nauc_map_at_10_max": 0.028851697369534753,
        "nauc_map_at_10_std": 0.021002162832999858,
        "nauc_map_at_1_diff1": -0.009184628403568226,
        "nauc_map_at_1_max": -0.04112668200039772,
        "nauc_map_at_1_std": 0.09560377317798498,
        "nauc_map_at_20_diff1": -0.01643961095263472,
        "nauc_map_at_20_max": 0.011251846052673776,
        "nauc_map_at_20_std": 0.03609003478651053,
        "nauc_map_at_3_diff1": -0.017033024323230745,
        "nauc_map_at_3_max": -0.029514593562522163,
        "nauc_map_at_3_std": 0.14680782750487284,
        "nauc_map_at_5_diff1": 0.03763470829244201,
        "nauc_map_at_5_max": -0.033442080085837586,
        "nauc_map_at_5_std": 0.10861466107357245,
        "nauc_mrr_at_1000_diff1": 0.029598644708373343,
        "nauc_mrr_at_1000_max": -0.007621258095513988,
        "nauc_mrr_at_1000_std": 0.08123796962602495,
        "nauc_mrr_at_100_diff1": 0.03091438421237488,
        "nauc_mrr_at_100_max": -0.008629892199743108,
        "nauc_mrr_at_100_std": 0.08203422163809693,
        "nauc_mrr_at_10_diff1": 0.02228408944354746,
        "nauc_mrr_at_10_max": 0.004462511683878876,
        "nauc_mrr_at_10_std": 0.06914957435499398,
        "nauc_mrr_at_1_diff1": -0.11303477219711652,
        "nauc_mrr_at_1_max": 0.07375250600562752,
        "nauc_mrr_at_1_std": 0.0739572362731021,
        "nauc_mrr_at_20_diff1": 0.02657681113372427,
        "nauc_mrr_at_20_max": -0.01204675289256049,
        "nauc_mrr_at_20_std": 0.08598884902423895,
        "nauc_mrr_at_3_diff1": 0.032202260554345906,
        "nauc_mrr_at_3_max": -0.022749234208696595,
        "nauc_mrr_at_3_std": 0.15159192770329613,
        "nauc_mrr_at_5_diff1": 0.059136952380494365,
        "nauc_mrr_at_5_max": -0.02020358396279884,
        "nauc_mrr_at_5_std": 0.1175333977596025,
        "nauc_ndcg_at_1000_diff1": 0.007775595504698043,
        "nauc_ndcg_at_1000_max": 0.02431960345342741,
        "nauc_ndcg_at_1000_std": 0.006263298594298038,
        "nauc_ndcg_at_100_diff1": 0.02141444073895656,
        "nauc_ndcg_at_100_max": 0.012382118345712926,
        "nauc_ndcg_at_100_std": 0.0778510070477152,
        "nauc_ndcg_at_10_diff1": 0.07875657475137378,
        "nauc_ndcg_at_10_max": -0.053787054122369296,
        "nauc_ndcg_at_10_std": 0.08553441118744884,
        "nauc_ndcg_at_1_diff1": -0.057706059357985624,
        "nauc_ndcg_at_1_max": 0.020293762025231546,
        "nauc_ndcg_at_1_std": 0.12874215797598906,
        "nauc_ndcg_at_20_diff1": 0.0680569307468305,
        "nauc_ndcg_at_20_max": -0.07350019198413896,
        "nauc_ndcg_at_20_std": 0.10755112252014137,
        "nauc_ndcg_at_3_diff1": 0.12578075195312866,
        "nauc_ndcg_at_3_max": -0.11771106526498615,
        "nauc_ndcg_at_3_std": 0.24362559471628403,
        "nauc_ndcg_at_5_diff1": 0.13046513868005716,
        "nauc_ndcg_at_5_max": -0.09047788952914695,
        "nauc_ndcg_at_5_std": 0.17988109311282705,
        "nauc_precision_at_1000_diff1": 0.13197915644585584,
        "nauc_precision_at_1000_max": -0.09723079010238042,
        "nauc_precision_at_1000_std": 0.08759515330667869,
        "nauc_precision_at_100_diff1": 0.11337265633581635,
        "nauc_precision_at_100_max": -0.09891199495817389,
        "nauc_precision_at_100_std": 0.14343960435814204,
        "nauc_precision_at_10_diff1": 0.08134453127844783,
        "nauc_precision_at_10_max": -0.03346242978477404,
        "nauc_precision_at_10_std": 0.0224677280563667,
        "nauc_precision_at_1_diff1": -0.11303477219711652,
        "nauc_precision_at_1_max": 0.07375250600562752,
        "nauc_precision_at_1_std": 0.0739572362731021,
        "nauc_precision_at_20_diff1": 0.0834239276393439,
        "nauc_precision_at_20_max": -0.09075394633023597,
        "nauc_precision_at_20_std": 0.11410629137352067,
        "nauc_precision_at_3_diff1": 0.13230095078656778,
        "nauc_precision_at_3_max": -0.10350422726808242,
        "nauc_precision_at_3_std": 0.21456833917584675,
        "nauc_precision_at_5_diff1": 0.16961741162783164,
        "nauc_precision_at_5_max": -0.08410127695795813,
        "nauc_precision_at_5_std": 0.1395797615285324,
        "nauc_recall_at_1000_diff1": -0.0909404184853214,
        "nauc_recall_at_1000_max": 0.06658293893851383,
        "nauc_recall_at_1000_std": -0.05070540981292827,
        "nauc_recall_at_100_diff1": -0.0305481769337784,
        "nauc_recall_at_100_max": 0.13709618544521326,
        "nauc_recall_at_100_std": 0.00688322308312593,
        "nauc_recall_at_10_diff1": -0.04937141996888673,
        "nauc_recall_at_10_max": 0.12052027051546955,
        "nauc_recall_at_10_std": -0.11373515272327,
        "nauc_recall_at_1_diff1": -0.009184628403568226,
        "nauc_recall_at_1_max": -0.04112668200039772,
        "nauc_recall_at_1_std": 0.09560377317798498,
        "nauc_recall_at_20_diff1": -0.06160134477887501,
        "nauc_recall_at_20_max": 0.04223955633684288,
        "nauc_recall_at_20_std": -0.009275319469112732,
        "nauc_recall_at_3_diff1": -0.02804445104461021,
        "nauc_recall_at_3_max": -0.017415100721455603,
        "nauc_recall_at_3_std": 0.16246278796811164,
        "nauc_recall_at_5_diff1": 0.09905224823297781,
        "nauc_recall_at_5_max": -0.033048466388886505,
        "nauc_recall_at_5_std": 0.07594453207289721,
        "ndcg_at_1": 0.01548,
        "ndcg_at_10": 0.01516,
        "ndcg_at_100": 0.02391,
        "ndcg_at_1000": 0.1084,
        "ndcg_at_20": 0.01474,
        "ndcg_at_3": 0.01826,
        "ndcg_at_5": 0.01552,
        "precision_at_1": 0.01858,
        "precision_at_10": 0.01486,
        "precision_at_100": 0.01279,
        "precision_at_1000": 0.01149,
        "precision_at_20": 0.013,
        "precision_at_3": 0.02064,
        "precision_at_5": 0.0161,
        "recall_at_1": 0.00087,
        "recall_at_10": 0.00495,
        "recall_at_100": 0.03309,
        "recall_at_1000": 0.32325,
        "recall_at_20": 0.00719,
        "recall_at_3": 0.00167,
        "recall_at_5": 0.0029
      }
    ]
  },
  "task_name": "NFCorpus"
}