{
  "dataset_revision": "ec0fa4fe99da2ff19ca1214b7966684033a58814",
  "evaluation_time": 3.046243906021118,
  "kg_co2_emissions": null,
  "mteb_version": "1.14.12",
  "scores": {
    "test": [
      {
        "hf_subset": "default",
        "languages": [
          "eng-Latn"
        ],
        "main_score": 0.12083,
        "map_at_1": 0.01301,
        "map_at_10": 0.03318,
        "map_at_100": 0.04443,
        "map_at_1000": 0.05429,
        "map_at_20": 0.03699,
        "map_at_3": 0.02276,
        "map_at_5": 0.02705,
        "mrr_at_1": 0.16408668730650156,
        "mrr_at_10": 0.24161138139466323,
        "mrr_at_100": 0.2516406264772164,
        "mrr_at_1000": 0.25275233924197016,
        "mrr_at_20": 0.24726891691242467,
        "mrr_at_3": 0.21775025799793604,
        "mrr_at_5": 0.2309081527347782,
        "nauc_map_at_1000_diff1": 0.03705338153686826,
        "nauc_map_at_1000_max": 0.28775607494885785,
        "nauc_map_at_1000_std": 0.117860297712066,
        "nauc_map_at_100_diff1": 0.04237839174475053,
        "nauc_map_at_100_max": 0.27601654509375745,
        "nauc_map_at_100_std": 0.10913565959169377,
        "nauc_map_at_10_diff1": 0.06691939442830908,
        "nauc_map_at_10_max": 0.2578300312237356,
        "nauc_map_at_10_std": 0.04616841596739875,
        "nauc_map_at_1_diff1": 0.20990117092227875,
        "nauc_map_at_1_max": 0.2852681143508309,
        "nauc_map_at_1_std": -0.022625345392734017,
        "nauc_map_at_20_diff1": 0.052405623234365685,
        "nauc_map_at_20_max": 0.26431271982655274,
        "nauc_map_at_20_std": 0.08288701188801237,
        "nauc_map_at_3_diff1": 0.12789257325320402,
        "nauc_map_at_3_max": 0.23435401082990548,
        "nauc_map_at_3_std": -0.01780764170014301,
        "nauc_map_at_5_diff1": 0.07921207163564657,
        "nauc_map_at_5_max": 0.23454578116366986,
        "nauc_map_at_5_std": 0.00946290471695129,
        "nauc_mrr_at_1000_diff1": 0.0031317763468007766,
        "nauc_mrr_at_1000_max": 0.2719166416174514,
        "nauc_mrr_at_1000_std": 0.05822482861202103,
        "nauc_mrr_at_100_diff1": 0.0033108126559533027,
        "nauc_mrr_at_100_max": 0.27214709243965096,
        "nauc_mrr_at_100_std": 0.05873913088149147,
        "nauc_mrr_at_10_diff1": 0.0007547684795659993,
        "nauc_mrr_at_10_max": 0.26706926974217093,
        "nauc_mrr_at_10_std": 0.05673102386773555,
        "nauc_mrr_at_1_diff1": 0.03144643560339871,
        "nauc_mrr_at_1_max": 0.2639522630841392,
        "nauc_mrr_at_1_std": 0.07195417969655019,
        "nauc_mrr_at_20_diff1": 0.004742723933977858,
        "nauc_mrr_at_20_max": 0.2689833876080477,
        "nauc_mrr_at_20_std": 0.059245194431427665,
        "nauc_mrr_at_3_diff1": 0.015136176409109988,
        "nauc_mrr_at_3_max": 0.2589335699766821,
        "nauc_mrr_at_3_std": 0.06648721663946154,
        "nauc_mrr_at_5_diff1": -0.0002914583779472585,
        "nauc_mrr_at_5_max": 0.2595601040206615,
        "nauc_mrr_at_5_std": 0.05784639544395627,
        "nauc_ndcg_at_1000_diff1": -0.0008637814944450877,
        "nauc_ndcg_at_1000_max": 0.35782069453683024,
        "nauc_ndcg_at_1000_std": 0.10313511296811737,
        "nauc_ndcg_at_100_diff1": 0.027924883099533695,
        "nauc_ndcg_at_100_max": 0.3107473920463065,
        "nauc_ndcg_at_100_std": 0.10957728483301761,
        "nauc_ndcg_at_10_diff1": 0.01765833750275153,
        "nauc_ndcg_at_10_max": 0.3219030617383108,
        "nauc_ndcg_at_10_std": 0.12320348660422521,
        "nauc_ndcg_at_1_diff1": 0.060537403283560956,
        "nauc_ndcg_at_1_max": 0.2691532469672665,
        "nauc_ndcg_at_1_std": 0.10726937762594523,
        "nauc_ndcg_at_20_diff1": 0.03866903996342841,
        "nauc_ndcg_at_20_max": 0.3136181346902055,
        "nauc_ndcg_at_20_std": 0.1327850502641285,
        "nauc_ndcg_at_3_diff1": 0.012846539712609354,
        "nauc_ndcg_at_3_max": 0.299864372049379,
        "nauc_ndcg_at_3_std": 0.13910300077446494,
        "nauc_ndcg_at_5_diff1": -0.0009795494066908075,
        "nauc_ndcg_at_5_max": 0.2985942755851394,
        "nauc_ndcg_at_5_std": 0.11645375218515441,
        "nauc_precision_at_1000_diff1": -0.03196981911365043,
        "nauc_precision_at_1000_max": 0.11001396015855262,
        "nauc_precision_at_1000_std": 0.03554080932530749,
        "nauc_precision_at_100_diff1": -0.035937323348204965,
        "nauc_precision_at_100_max": 0.23001909041793928,
        "nauc_precision_at_100_std": 0.17936055052182193,
        "nauc_precision_at_10_diff1": -0.07496524612388594,
        "nauc_precision_at_10_max": 0.32774726185878683,
        "nauc_precision_at_10_std": 0.17844922765319443,
        "nauc_precision_at_1_diff1": 0.03144643560339871,
        "nauc_precision_at_1_max": 0.2639522630841392,
        "nauc_precision_at_1_std": 0.07195417969655019,
        "nauc_precision_at_20_diff1": -0.06612105924992813,
        "nauc_precision_at_20_max": 0.3168953493435353,
        "nauc_precision_at_20_std": 0.22693425119141597,
        "nauc_precision_at_3_diff1": -0.036691820731837826,
        "nauc_precision_at_3_max": 0.3067027032119599,
        "nauc_precision_at_3_std": 0.14534908975554867,
        "nauc_precision_at_5_diff1": -0.06555990743696488,
        "nauc_precision_at_5_max": 0.30795836997660725,
        "nauc_precision_at_5_std": 0.12810346609231799,
        "nauc_recall_at_1000_diff1": 0.09978556208567613,
        "nauc_recall_at_1000_max": 0.18894244547903138,
        "nauc_recall_at_1000_std": 0.08062501004721906,
        "nauc_recall_at_100_diff1": 0.07499169370927311,
        "nauc_recall_at_100_max": 0.2069857465414106,
        "nauc_recall_at_100_std": 0.07120373513758417,
        "nauc_recall_at_10_diff1": 0.09990668845018306,
        "nauc_recall_at_10_max": 0.22295248560548578,
        "nauc_recall_at_10_std": -0.0004142804884674725,
        "nauc_recall_at_1_diff1": 0.20990117092227875,
        "nauc_recall_at_1_max": 0.2852681143508309,
        "nauc_recall_at_1_std": -0.022625345392734017,
        "nauc_recall_at_20_diff1": 0.12312727702209476,
        "nauc_recall_at_20_max": 0.20081919012973676,
        "nauc_recall_at_20_std": 0.06376501336649576,
        "nauc_recall_at_3_diff1": 0.14058991751017624,
        "nauc_recall_at_3_max": 0.18534917469706153,
        "nauc_recall_at_3_std": -0.06396942001324013,
        "nauc_recall_at_5_diff1": 0.07401310109007483,
        "nauc_recall_at_5_max": 0.16024169556568724,
        "nauc_recall_at_5_std": -0.04958880803774624,
        "ndcg_at_1": 0.15015,
        "ndcg_at_10": 0.12083,
        "ndcg_at_100": 0.13198,
        "ndcg_at_1000": 0.23471,
        "ndcg_at_20": 0.1138,
        "ndcg_at_3": 0.13286,
        "ndcg_at_5": 0.12697,
        "precision_at_1": 0.16409,
        "precision_at_10": 0.09752,
        "precision_at_100": 0.03858,
        "precision_at_1000": 0.01683,
        "precision_at_20": 0.06997,
        "precision_at_3": 0.129,
        "precision_at_5": 0.11579,
        "recall_at_1": 0.01301,
        "recall_at_10": 0.05845,
        "recall_at_100": 0.17107,
        "recall_at_1000": 0.52174,
        "recall_at_20": 0.08102,
        "recall_at_3": 0.0298,
        "recall_at_5": 0.04019
      }
    ]
  },
  "task_name": "NFCorpus"
}