{
  "dataset_revision": "ec0fa4fe99da2ff19ca1214b7966684033a58814",
  "evaluation_time": 2.9947667121887207,
  "kg_co2_emissions": null,
  "mteb_version": "1.14.12",
  "scores": {
    "test": [
      {
        "hf_subset": "default",
        "languages": [
          "eng-Latn"
        ],
        "main_score": 0.20801,
        "map_at_1": 0.02723,
        "map_at_10": 0.06206,
        "map_at_100": 0.07965,
        "map_at_1000": 0.09052,
        "map_at_20": 0.06855,
        "map_at_3": 0.04337,
        "map_at_5": 0.05245,
        "mrr_at_1": 0.3126934984520124,
        "mrr_at_10": 0.38207160057005257,
        "mrr_at_100": 0.3912265147769608,
        "mrr_at_1000": 0.39195885107646833,
        "mrr_at_20": 0.38783509118051773,
        "mrr_at_3": 0.3586171310629514,
        "mrr_at_5": 0.3717750257997935,
        "nauc_map_at_1000_diff1": 0.12986363157646516,
        "nauc_map_at_1000_max": 0.3990817265256886,
        "nauc_map_at_1000_std": 0.30668367102356725,
        "nauc_map_at_100_diff1": 0.13631805989277038,
        "nauc_map_at_100_max": 0.3868865966188356,
        "nauc_map_at_100_std": 0.28973747963771984,
        "nauc_map_at_10_diff1": 0.14493983211041558,
        "nauc_map_at_10_max": 0.34840271184142074,
        "nauc_map_at_10_std": 0.21777569891109214,
        "nauc_map_at_1_diff1": 0.15870502243831405,
        "nauc_map_at_1_max": 0.22790703503811002,
        "nauc_map_at_1_std": 0.0932987006376506,
        "nauc_map_at_20_diff1": 0.14458525999989985,
        "nauc_map_at_20_max": 0.3716987674521944,
        "nauc_map_at_20_std": 0.25128388942436974,
        "nauc_map_at_3_diff1": 0.13558578453220407,
        "nauc_map_at_3_max": 0.29646107405563094,
        "nauc_map_at_3_std": 0.13882551224513445,
        "nauc_map_at_5_diff1": 0.12863245783123095,
        "nauc_map_at_5_max": 0.29707147645582127,
        "nauc_map_at_5_std": 0.1644086615126879,
        "nauc_mrr_at_1000_diff1": 0.26071326391330624,
        "nauc_mrr_at_1000_max": 0.48032143285938883,
        "nauc_mrr_at_1000_std": 0.26349551916563646,
        "nauc_mrr_at_100_diff1": 0.26045163992462494,
        "nauc_mrr_at_100_max": 0.4805302186228038,
        "nauc_mrr_at_100_std": 0.26392456952363835,
        "nauc_mrr_at_10_diff1": 0.2601157967036726,
        "nauc_mrr_at_10_max": 0.47840528617915873,
        "nauc_mrr_at_10_std": 0.26050412320049066,
        "nauc_mrr_at_1_diff1": 0.27321194764032813,
        "nauc_mrr_at_1_max": 0.45148032119004944,
        "nauc_mrr_at_1_std": 0.224630938899444,
        "nauc_mrr_at_20_diff1": 0.26216051471922097,
        "nauc_mrr_at_20_max": 0.4789076535740999,
        "nauc_mrr_at_20_std": 0.26429734343830585,
        "nauc_mrr_at_3_diff1": 0.26749581493429214,
        "nauc_mrr_at_3_max": 0.47718310137906333,
        "nauc_mrr_at_3_std": 0.2516235530037317,
        "nauc_mrr_at_5_diff1": 0.266241609389548,
        "nauc_mrr_at_5_max": 0.47574635631814155,
        "nauc_mrr_at_5_std": 0.25764793125289615,
        "nauc_ndcg_at_1000_diff1": 0.17662405788387064,
        "nauc_ndcg_at_1000_max": 0.505354223158032,
        "nauc_ndcg_at_1000_std": 0.3643832591199839,
        "nauc_ndcg_at_100_diff1": 0.16437283295575944,
        "nauc_ndcg_at_100_max": 0.440033363406387,
        "nauc_ndcg_at_100_std": 0.3341945722040415,
        "nauc_ndcg_at_10_diff1": 0.16352638662026586,
        "nauc_ndcg_at_10_max": 0.4196199752374648,
        "nauc_ndcg_at_10_std": 0.3056859181979156,
        "nauc_ndcg_at_1_diff1": 0.28152440737202766,
        "nauc_ndcg_at_1_max": 0.42080182149526424,
        "nauc_ndcg_at_1_std": 0.20310128400464386,
        "nauc_ndcg_at_20_diff1": 0.14754195086872376,
        "nauc_ndcg_at_20_max": 0.4157501329159203,
        "nauc_ndcg_at_20_std": 0.3239535034661031,
        "nauc_ndcg_at_3_diff1": 0.2146610301934478,
        "nauc_ndcg_at_3_max": 0.4223368799917942,
        "nauc_ndcg_at_3_std": 0.2546992075226898,
        "nauc_ndcg_at_5_diff1": 0.19568605151867555,
        "nauc_ndcg_at_5_max": 0.4213445314064144,
        "nauc_ndcg_at_5_std": 0.2847316762326726,
        "nauc_precision_at_1000_diff1": -0.05328529160797671,
        "nauc_precision_at_1000_max": 0.11991292089711775,
        "nauc_precision_at_1000_std": 0.13873450368567525,
        "nauc_precision_at_100_diff1": 0.009268512807496394,
        "nauc_precision_at_100_max": 0.28559506023545583,
        "nauc_precision_at_100_std": 0.34764460499455013,
        "nauc_precision_at_10_diff1": 0.12035260926130115,
        "nauc_precision_at_10_max": 0.424791563115126,
        "nauc_precision_at_10_std": 0.3697463235450468,
        "nauc_precision_at_1_diff1": 0.27321194764032813,
        "nauc_precision_at_1_max": 0.45148032119004944,
        "nauc_precision_at_1_std": 0.224630938899444,
        "nauc_precision_at_20_diff1": 0.08155866192053551,
        "nauc_precision_at_20_max": 0.3894708516211548,
        "nauc_precision_at_20_std": 0.393068518032564,
        "nauc_precision_at_3_diff1": 0.1811880827595335,
        "nauc_precision_at_3_max": 0.44366927015308005,
        "nauc_precision_at_3_std": 0.30421314897267,
        "nauc_precision_at_5_diff1": 0.16704830004253404,
        "nauc_precision_at_5_max": 0.4374038687530276,
        "nauc_precision_at_5_std": 0.34134284438940915,
        "nauc_recall_at_1000_diff1": 0.05863942818591581,
        "nauc_recall_at_1000_max": 0.3034963594446839,
        "nauc_recall_at_1000_std": 0.22171462739460945,
        "nauc_recall_at_100_diff1": 0.04195605996975673,
        "nauc_recall_at_100_max": 0.24758570194976068,
        "nauc_recall_at_100_std": 0.24622425827819203,
        "nauc_recall_at_10_diff1": 0.07074282189467088,
        "nauc_recall_at_10_max": 0.2546209740098763,
        "nauc_recall_at_10_std": 0.17253450136197596,
        "nauc_recall_at_1_diff1": 0.15870502243831405,
        "nauc_recall_at_1_max": 0.22790703503811002,
        "nauc_recall_at_1_std": 0.0932987006376506,
        "nauc_recall_at_20_diff1": 0.087449503380894,
        "nauc_recall_at_20_max": 0.28185735269190465,
        "nauc_recall_at_20_std": 0.2293088325672102,
        "nauc_recall_at_3_diff1": 0.1127856632383511,
        "nauc_recall_at_3_max": 0.2886299913248049,
        "nauc_recall_at_3_std": 0.1545763732575234,
        "nauc_recall_at_5_diff1": 0.05441585575156692,
        "nauc_recall_at_5_max": 0.2034970995535702,
        "nauc_recall_at_5_std": 0.13846048112121118,
        "ndcg_at_1": 0.29412,
        "ndcg_at_10": 0.20801,
        "ndcg_at_100": 0.19641,
        "ndcg_at_1000": 0.29152,
        "ndcg_at_20": 0.1925,
        "ndcg_at_3": 0.24336,
        "ndcg_at_5": 0.22844,
        "precision_at_1": 0.31269,
        "precision_at_10": 0.15759,
        "precision_at_100": 0.05288,
        "precision_at_1000": 0.01792,
        "precision_at_20": 0.11718,
        "precision_at_3": 0.2322,
        "precision_at_5": 0.19938,
        "recall_at_1": 0.02723,
        "recall_at_10": 0.09522,
        "recall_at_100": 0.21531,
        "recall_at_1000": 0.54793,
        "recall_at_20": 0.11993,
        "recall_at_3": 0.04878,
        "recall_at_5": 0.07008
      }
    ]
  },
  "task_name": "NFCorpus"
}