{
  "dataset_revision": "ec0fa4fe99da2ff19ca1214b7966684033a58814",
  "evaluation_time": 3.0075244903564453,
  "kg_co2_emissions": null,
  "mteb_version": "1.14.12",
  "scores": {
    "test": [
      {
        "hf_subset": "default",
        "languages": [
          "eng-Latn"
        ],
        "main_score": 0.16573,
        "map_at_1": 0.01569,
        "map_at_10": 0.04586,
        "map_at_100": 0.06167,
        "map_at_1000": 0.07195,
        "map_at_20": 0.05203,
        "map_at_3": 0.03206,
        "map_at_5": 0.03854,
        "mrr_at_1": 0.23529411764705882,
        "mrr_at_10": 0.3129600963192295,
        "mrr_at_100": 0.32217988965190675,
        "mrr_at_1000": 0.3229886049216159,
        "mrr_at_20": 0.31727757075095786,
        "mrr_at_3": 0.28586171310629516,
        "mrr_at_5": 0.30242518059855533,
        "nauc_map_at_1000_diff1": 0.24630218260995945,
        "nauc_map_at_1000_max": 0.29581891332885185,
        "nauc_map_at_1000_std": 0.29561044171200274,
        "nauc_map_at_100_diff1": 0.2627813626025584,
        "nauc_map_at_100_max": 0.2895555771137342,
        "nauc_map_at_100_std": 0.2850741344450272,
        "nauc_map_at_10_diff1": 0.27215008991881845,
        "nauc_map_at_10_max": 0.2654710351825624,
        "nauc_map_at_10_std": 0.2525240805572594,
        "nauc_map_at_1_diff1": 0.35177024447436245,
        "nauc_map_at_1_max": 0.32560916053009914,
        "nauc_map_at_1_std": 0.20195572924401478,
        "nauc_map_at_20_diff1": 0.28070861560650917,
        "nauc_map_at_20_max": 0.2844285337777787,
        "nauc_map_at_20_std": 0.26551385365345265,
        "nauc_map_at_3_diff1": 0.249993679517393,
        "nauc_map_at_3_max": 0.23200234445823648,
        "nauc_map_at_3_std": 0.2347423675285743,
        "nauc_map_at_5_diff1": 0.27124746605895655,
        "nauc_map_at_5_max": 0.2683393185823926,
        "nauc_map_at_5_std": 0.23578024093656258,
        "nauc_mrr_at_1000_diff1": 0.20787099894829036,
        "nauc_mrr_at_1000_max": 0.3649894294569912,
        "nauc_mrr_at_1000_std": 0.15132456317551468,
        "nauc_mrr_at_100_diff1": 0.2077743666594138,
        "nauc_mrr_at_100_max": 0.3649780851201565,
        "nauc_mrr_at_100_std": 0.15127121516965158,
        "nauc_mrr_at_10_diff1": 0.20793600912343108,
        "nauc_mrr_at_10_max": 0.3621418766510736,
        "nauc_mrr_at_10_std": 0.15008835363877848,
        "nauc_mrr_at_1_diff1": 0.2285690518329027,
        "nauc_mrr_at_1_max": 0.34857727588626713,
        "nauc_mrr_at_1_std": 0.14078783864717156,
        "nauc_mrr_at_20_diff1": 0.20755354248794852,
        "nauc_mrr_at_20_max": 0.3640572485883951,
        "nauc_mrr_at_20_std": 0.15234671910945516,
        "nauc_mrr_at_3_diff1": 0.2183011468629601,
        "nauc_mrr_at_3_max": 0.36653205275953354,
        "nauc_mrr_at_3_std": 0.12869875807110792,
        "nauc_mrr_at_5_diff1": 0.2128736629429366,
        "nauc_mrr_at_5_max": 0.3592494958640617,
        "nauc_mrr_at_5_std": 0.14335225102330748,
        "nauc_ndcg_at_1000_diff1": 0.1852457801805506,
        "nauc_ndcg_at_1000_max": 0.3794812219045269,
        "nauc_ndcg_at_1000_std": 0.2662661078367459,
        "nauc_ndcg_at_100_diff1": 0.19795070466988013,
        "nauc_ndcg_at_100_max": 0.33553259448132833,
        "nauc_ndcg_at_100_std": 0.2462397639757241,
        "nauc_ndcg_at_10_diff1": 0.21385788058048266,
        "nauc_ndcg_at_10_max": 0.30238985335088947,
        "nauc_ndcg_at_10_std": 0.2090525906488608,
        "nauc_ndcg_at_1_diff1": 0.23198432766422078,
        "nauc_ndcg_at_1_max": 0.32319219320350395,
        "nauc_ndcg_at_1_std": 0.15538168289856616,
        "nauc_ndcg_at_20_diff1": 0.21119498211162274,
        "nauc_ndcg_at_20_max": 0.32624251774481217,
        "nauc_ndcg_at_20_std": 0.23364768415172046,
        "nauc_ndcg_at_3_diff1": 0.21791300939703065,
        "nauc_ndcg_at_3_max": 0.31546435660665473,
        "nauc_ndcg_at_3_std": 0.1680773861983768,
        "nauc_ndcg_at_5_diff1": 0.22929811103390585,
        "nauc_ndcg_at_5_max": 0.3145232679429918,
        "nauc_ndcg_at_5_std": 0.20300708296603953,
        "nauc_precision_at_1000_diff1": -0.06918379352544646,
        "nauc_precision_at_1000_max": 0.1241836331908299,
        "nauc_precision_at_1000_std": 0.08436527216741947,
        "nauc_precision_at_100_diff1": 0.01422460004340538,
        "nauc_precision_at_100_max": 0.23080834102233772,
        "nauc_precision_at_100_std": 0.2132042992363333,
        "nauc_precision_at_10_diff1": 0.14842736894822697,
        "nauc_precision_at_10_max": 0.2762040890871532,
        "nauc_precision_at_10_std": 0.20826476870653984,
        "nauc_precision_at_1_diff1": 0.2285690518329027,
        "nauc_precision_at_1_max": 0.34857727588626713,
        "nauc_precision_at_1_std": 0.14078783864717156,
        "nauc_precision_at_20_diff1": 0.13566143414395282,
        "nauc_precision_at_20_max": 0.30899784495644417,
        "nauc_precision_at_20_std": 0.24643623358264607,
        "nauc_precision_at_3_diff1": 0.19282559878804223,
        "nauc_precision_at_3_max": 0.3390338650598237,
        "nauc_precision_at_3_std": 0.16268949228411478,
        "nauc_precision_at_5_diff1": 0.19458405398856884,
        "nauc_precision_at_5_max": 0.3210629417092353,
        "nauc_precision_at_5_std": 0.20844305566948,
        "nauc_recall_at_1000_diff1": 0.03744393552829461,
        "nauc_recall_at_1000_max": 0.20264808924509528,
        "nauc_recall_at_1000_std": 0.10813163504254175,
        "nauc_recall_at_100_diff1": 0.0632965178888694,
        "nauc_recall_at_100_max": 0.17255478515072037,
        "nauc_recall_at_100_std": 0.1625711867316325,
        "nauc_recall_at_10_diff1": 0.15863829188780534,
        "nauc_recall_at_10_max": 0.22730288080167643,
        "nauc_recall_at_10_std": 0.19500118573610428,
        "nauc_recall_at_1_diff1": 0.35177024447436245,
        "nauc_recall_at_1_max": 0.32560916053009914,
        "nauc_recall_at_1_std": 0.20195572924401478,
        "nauc_recall_at_20_diff1": 0.16441938048278523,
        "nauc_recall_at_20_max": 0.21994947093028225,
        "nauc_recall_at_20_std": 0.19922102342132306,
        "nauc_recall_at_3_diff1": 0.19507791096702815,
        "nauc_recall_at_3_max": 0.20276554456944595,
        "nauc_recall_at_3_std": 0.19669217332774122,
        "nauc_recall_at_5_diff1": 0.20868119542116925,
        "nauc_recall_at_5_max": 0.2456028792023707,
        "nauc_recall_at_5_std": 0.21157216560667094,
        "ndcg_at_1": 0.22291,
        "ndcg_at_10": 0.16573,
        "ndcg_at_100": 0.16716,
        "ndcg_at_1000": 0.26443,
        "ndcg_at_20": 0.15518,
        "ndcg_at_3": 0.19121,
        "ndcg_at_5": 0.17984,
        "precision_at_1": 0.23529,
        "precision_at_10": 0.12972,
        "precision_at_100": 0.0483,
        "precision_at_1000": 0.0172,
        "precision_at_20": 0.09752,
        "precision_at_3": 0.18266,
        "precision_at_5": 0.16099,
        "recall_at_1": 0.01569,
        "recall_at_10": 0.07306,
        "recall_at_100": 0.20274,
        "recall_at_1000": 0.54486,
        "recall_at_20": 0.10216,
        "recall_at_3": 0.03792,
        "recall_at_5": 0.05277
      }
    ]
  },
  "task_name": "NFCorpus"
}