{
  "dataset_revision": "ec0fa4fe99da2ff19ca1214b7966684033a58814",
  "evaluation_time": 3.0061123371124268,
  "kg_co2_emissions": null,
  "mteb_version": "1.14.12",
  "scores": {
    "test": [
      {
        "hf_subset": "default",
        "languages": [
          "eng-Latn"
        ],
        "main_score": 0.16194,
        "map_at_1": 0.01659,
        "map_at_10": 0.045,
        "map_at_100": 0.05959,
        "map_at_1000": 0.06969,
        "map_at_20": 0.05,
        "map_at_3": 0.03101,
        "map_at_5": 0.03751,
        "mrr_at_1": 0.21671826625386997,
        "mrr_at_10": 0.3029129195537864,
        "mrr_at_100": 0.31274652978423184,
        "mrr_at_1000": 0.3134636065187391,
        "mrr_at_20": 0.30788308046860324,
        "mrr_at_3": 0.2822497420020639,
        "mrr_at_5": 0.29324045407636734,
        "nauc_map_at_1000_diff1": 0.29728915543503476,
        "nauc_map_at_1000_max": 0.46858884321720945,
        "nauc_map_at_1000_std": 0.2553889670433964,
        "nauc_map_at_100_diff1": 0.3198446773805007,
        "nauc_map_at_100_max": 0.46976145307337175,
        "nauc_map_at_100_std": 0.24749222283597652,
        "nauc_map_at_10_diff1": 0.351476456600304,
        "nauc_map_at_10_max": 0.46770708820154977,
        "nauc_map_at_10_std": 0.21134772547656053,
        "nauc_map_at_1_diff1": 0.4606175866821711,
        "nauc_map_at_1_max": 0.4084056119931492,
        "nauc_map_at_1_std": 0.06692709283729016,
        "nauc_map_at_20_diff1": 0.3456665387287024,
        "nauc_map_at_20_max": 0.47368229509170295,
        "nauc_map_at_20_std": 0.2245696268588184,
        "nauc_map_at_3_diff1": 0.40501731885546627,
        "nauc_map_at_3_max": 0.45025895974912394,
        "nauc_map_at_3_std": 0.15772089631152286,
        "nauc_map_at_5_diff1": 0.37225992134194974,
        "nauc_map_at_5_max": 0.4501700779249538,
        "nauc_map_at_5_std": 0.1754322681765722,
        "nauc_mrr_at_1000_diff1": 0.30625510561925845,
        "nauc_mrr_at_1000_max": 0.464578778711766,
        "nauc_mrr_at_1000_std": 0.1247623798315284,
        "nauc_mrr_at_100_diff1": 0.30572361290698535,
        "nauc_mrr_at_100_max": 0.4648019172196817,
        "nauc_mrr_at_100_std": 0.12455859886285425,
        "nauc_mrr_at_10_diff1": 0.3070361920499371,
        "nauc_mrr_at_10_max": 0.4632187716371882,
        "nauc_mrr_at_10_std": 0.12400983216692253,
        "nauc_mrr_at_1_diff1": 0.35351775762645565,
        "nauc_mrr_at_1_max": 0.45758739332808906,
        "nauc_mrr_at_1_std": 0.07694519424689546,
        "nauc_mrr_at_20_diff1": 0.307719029421767,
        "nauc_mrr_at_20_max": 0.46314321441980316,
        "nauc_mrr_at_20_std": 0.12397442396829016,
        "nauc_mrr_at_3_diff1": 0.31276878294254207,
        "nauc_mrr_at_3_max": 0.46499511674962263,
        "nauc_mrr_at_3_std": 0.1270532513021484,
        "nauc_mrr_at_5_diff1": 0.3100014912394181,
        "nauc_mrr_at_5_max": 0.465376945453993,
        "nauc_mrr_at_5_std": 0.1298695987564533,
        "nauc_ndcg_at_1000_diff1": 0.24547592564833473,
        "nauc_ndcg_at_1000_max": 0.503608185151087,
        "nauc_ndcg_at_1000_std": 0.2538192239976523,
        "nauc_ndcg_at_100_diff1": 0.2669040364846212,
        "nauc_ndcg_at_100_max": 0.45554992380120607,
        "nauc_ndcg_at_100_std": 0.22225296468609795,
        "nauc_ndcg_at_10_diff1": 0.22984059029653964,
        "nauc_ndcg_at_10_max": 0.4374571063417544,
        "nauc_ndcg_at_10_std": 0.21274448555670586,
        "nauc_ndcg_at_1_diff1": 0.3410964954345564,
        "nauc_ndcg_at_1_max": 0.43396616122116954,
        "nauc_ndcg_at_1_std": 0.08029117190777034,
        "nauc_ndcg_at_20_diff1": 0.25222588877219354,
        "nauc_ndcg_at_20_max": 0.43915435682997983,
        "nauc_ndcg_at_20_std": 0.2184577888757795,
        "nauc_ndcg_at_3_diff1": 0.2553599309404113,
        "nauc_ndcg_at_3_max": 0.46770152648131347,
        "nauc_ndcg_at_3_std": 0.15263664320539438,
        "nauc_ndcg_at_5_diff1": 0.25449811736635697,
        "nauc_ndcg_at_5_max": 0.4571641857678515,
        "nauc_ndcg_at_5_std": 0.18617156020531542,
        "nauc_precision_at_1000_diff1": -0.07500364043560284,
        "nauc_precision_at_1000_max": 0.08156121375492162,
        "nauc_precision_at_1000_std": 0.026717364266593775,
        "nauc_precision_at_100_diff1": 0.013663731839733599,
        "nauc_precision_at_100_max": 0.23745252010734066,
        "nauc_precision_at_100_std": 0.20294916451352776,
        "nauc_precision_at_10_diff1": 0.10779253331617442,
        "nauc_precision_at_10_max": 0.3930235299889,
        "nauc_precision_at_10_std": 0.2541979870866451,
        "nauc_precision_at_1_diff1": 0.35351775762645565,
        "nauc_precision_at_1_max": 0.45758739332808906,
        "nauc_precision_at_1_std": 0.07694519424689546,
        "nauc_precision_at_20_diff1": 0.10575678415692374,
        "nauc_precision_at_20_max": 0.3807311813870191,
        "nauc_precision_at_20_std": 0.26285609394921006,
        "nauc_precision_at_3_diff1": 0.20766479742872074,
        "nauc_precision_at_3_max": 0.48737023698780096,
        "nauc_precision_at_3_std": 0.19648018598654124,
        "nauc_precision_at_5_diff1": 0.17936589381956938,
        "nauc_precision_at_5_max": 0.4448256223997257,
        "nauc_precision_at_5_std": 0.2347939987534046,
        "nauc_recall_at_1000_diff1": 0.08588696185078346,
        "nauc_recall_at_1000_max": 0.30537157426054506,
        "nauc_recall_at_1000_std": 0.1281935380332944,
        "nauc_recall_at_100_diff1": 0.17354240854792302,
        "nauc_recall_at_100_max": 0.25670694356980006,
        "nauc_recall_at_100_std": 0.14676765458737098,
        "nauc_recall_at_10_diff1": 0.26561822885519953,
        "nauc_recall_at_10_max": 0.3245289796083736,
        "nauc_recall_at_10_std": 0.17544957528187433,
        "nauc_recall_at_1_diff1": 0.4606175866821711,
        "nauc_recall_at_1_max": 0.4084056119931492,
        "nauc_recall_at_1_std": 0.06692709283729016,
        "nauc_recall_at_20_diff1": 0.2791414330470567,
        "nauc_recall_at_20_max": 0.32585227866620103,
        "nauc_recall_at_20_std": 0.19643747241987622,
        "nauc_recall_at_3_diff1": 0.35922583138301895,
        "nauc_recall_at_3_max": 0.42506801205623096,
        "nauc_recall_at_3_std": 0.17199307461040947,
        "nauc_recall_at_5_diff1": 0.2898434488125782,
        "nauc_recall_at_5_max": 0.36925484382298956,
        "nauc_recall_at_5_std": 0.1492056751657726,
        "ndcg_at_1": 0.20588,
        "ndcg_at_10": 0.16194,
        "ndcg_at_100": 0.16302,
        "ndcg_at_1000": 0.25619,
        "ndcg_at_20": 0.15144,
        "ndcg_at_3": 0.18687,
        "ndcg_at_5": 0.17611,
        "precision_at_1": 0.21672,
        "precision_at_10": 0.12848,
        "precision_at_100": 0.04721,
        "precision_at_1000": 0.0171,
        "precision_at_20": 0.09644,
        "precision_at_3": 0.18369,
        "precision_at_5": 0.15975,
        "recall_at_1": 0.01659,
        "recall_at_10": 0.07513,
        "recall_at_100": 0.19488,
        "recall_at_1000": 0.51238,
        "recall_at_20": 0.09627,
        "recall_at_3": 0.03762,
        "recall_at_5": 0.05249
      }
    ]
  },
  "task_name": "NFCorpus"
}