{
  "dataset_revision": "ec0fa4fe99da2ff19ca1214b7966684033a58814",
  "evaluation_time": 3.0224335193634033,
  "kg_co2_emissions": null,
  "mteb_version": "1.14.12",
  "scores": {
    "test": [
      {
        "hf_subset": "default",
        "languages": [
          "eng-Latn"
        ],
        "main_score": 0.02865,
        "map_at_1": 0.00068,
        "map_at_10": 0.00343,
        "map_at_100": 0.00657,
        "map_at_1000": 0.01325,
        "map_at_20": 0.00426,
        "map_at_3": 0.00201,
        "map_at_5": 0.00259,
        "mrr_at_1": 0.03715170278637771,
        "mrr_at_10": 0.07047766475011055,
        "mrr_at_100": 0.08172994285078004,
        "mrr_at_1000": 0.08362599823660945,
        "mrr_at_20": 0.07592384458296618,
        "mrr_at_3": 0.05469556243550051,
        "mrr_at_5": 0.0630546955624355,
        "nauc_map_at_1000_diff1": -0.05386648219847484,
        "nauc_map_at_1000_max": 0.21333968724706473,
        "nauc_map_at_1000_std": -0.07270121193420741,
        "nauc_map_at_100_diff1": -0.029597300298337268,
        "nauc_map_at_100_max": 0.29882037395009975,
        "nauc_map_at_100_std": -0.08983433655093133,
        "nauc_map_at_10_diff1": -0.03678538740679366,
        "nauc_map_at_10_max": 0.3585946243010838,
        "nauc_map_at_10_std": -0.14373033735000695,
        "nauc_map_at_1_diff1": 0.13341206879029674,
        "nauc_map_at_1_max": 0.412209564036768,
        "nauc_map_at_1_std": -0.27012357745739884,
        "nauc_map_at_20_diff1": -0.014527395084327623,
        "nauc_map_at_20_max": 0.3148212822802314,
        "nauc_map_at_20_std": -0.10124368923391702,
        "nauc_map_at_3_diff1": -0.05326894695524964,
        "nauc_map_at_3_max": 0.40113775161609644,
        "nauc_map_at_3_std": -0.16243401935898796,
        "nauc_map_at_5_diff1": 0.0036249071239611752,
        "nauc_map_at_5_max": 0.4383315641731772,
        "nauc_map_at_5_std": -0.14981830032399385,
        "nauc_mrr_at_1000_diff1": -0.002828977395165358,
        "nauc_mrr_at_1000_max": 0.1993169709206797,
        "nauc_mrr_at_1000_std": -0.1324422083705256,
        "nauc_mrr_at_100_diff1": -0.00338263037627275,
        "nauc_mrr_at_100_max": 0.19939251304501715,
        "nauc_mrr_at_100_std": -0.13192414694838023,
        "nauc_mrr_at_10_diff1": -0.0003839915425025467,
        "nauc_mrr_at_10_max": 0.20627940523772187,
        "nauc_mrr_at_10_std": -0.1309661408743486,
        "nauc_mrr_at_1_diff1": -0.017291164239723742,
        "nauc_mrr_at_1_max": 0.31936987010851636,
        "nauc_mrr_at_1_std": -0.29774663519579014,
        "nauc_mrr_at_20_diff1": -0.0013845591774472173,
        "nauc_mrr_at_20_max": 0.19496831073996085,
        "nauc_mrr_at_20_std": -0.13032707108322275,
        "nauc_mrr_at_3_diff1": 0.029425890119314454,
        "nauc_mrr_at_3_max": 0.2204601710909636,
        "nauc_mrr_at_3_std": -0.12299759180968792,
        "nauc_mrr_at_5_diff1": 0.03363810450276548,
        "nauc_mrr_at_5_max": 0.21913827955126955,
        "nauc_mrr_at_5_std": -0.1259399598747354,
        "nauc_ndcg_at_1000_diff1": -0.04620434789034833,
        "nauc_ndcg_at_1000_max": 0.1483332047397352,
        "nauc_ndcg_at_1000_std": -0.09749719223968915,
        "nauc_ndcg_at_100_diff1": -0.032498249683186306,
        "nauc_ndcg_at_100_max": 0.16911107378829285,
        "nauc_ndcg_at_100_std": -0.08609679516946624,
        "nauc_ndcg_at_10_diff1": -0.056767849804860424,
        "nauc_ndcg_at_10_max": 0.1572064900687677,
        "nauc_ndcg_at_10_std": -0.08660073488082311,
        "nauc_ndcg_at_1_diff1": -0.02423980394654748,
        "nauc_ndcg_at_1_max": 0.2574944037547451,
        "nauc_ndcg_at_1_std": -0.2955457377816645,
        "nauc_ndcg_at_20_diff1": -0.050221458395154815,
        "nauc_ndcg_at_20_max": 0.13395745319534547,
        "nauc_ndcg_at_20_std": -0.06364417851200875,
        "nauc_ndcg_at_3_diff1": 0.0005268134061412164,
        "nauc_ndcg_at_3_max": 0.14469427806665544,
        "nauc_ndcg_at_3_std": -0.06218908483656587,
        "nauc_ndcg_at_5_diff1": 0.001226860620336557,
        "nauc_ndcg_at_5_max": 0.17103839308085128,
        "nauc_ndcg_at_5_std": -0.07630794295303149,
        "nauc_precision_at_1000_diff1": -0.08776044051108799,
        "nauc_precision_at_1000_max": -0.007823759661977521,
        "nauc_precision_at_1000_std": 0.011910477678794804,
        "nauc_precision_at_100_diff1": -0.07328986857197305,
        "nauc_precision_at_100_max": 0.05808306095548056,
        "nauc_precision_at_100_std": -0.01806590331196861,
        "nauc_precision_at_10_diff1": -0.0930101626125747,
        "nauc_precision_at_10_max": 0.15166446806531927,
        "nauc_precision_at_10_std": -0.07601809409819463,
        "nauc_precision_at_1_diff1": -0.017291164239723742,
        "nauc_precision_at_1_max": 0.31936987010851636,
        "nauc_precision_at_1_std": -0.29774663519579014,
        "nauc_precision_at_20_diff1": -0.07797975045213565,
        "nauc_precision_at_20_max": 0.1125665168707106,
        "nauc_precision_at_20_std": -0.0594645971201526,
        "nauc_precision_at_3_diff1": 0.0018058643218847824,
        "nauc_precision_at_3_max": 0.15467057337796905,
        "nauc_precision_at_3_std": 0.01798383781664357,
        "nauc_precision_at_5_diff1": -0.008115029321970698,
        "nauc_precision_at_5_max": 0.18923934034066148,
        "nauc_precision_at_5_std": -0.04010965236253736,
        "nauc_recall_at_1000_diff1": -0.03217157480769974,
        "nauc_recall_at_1000_max": 0.09560779521484508,
        "nauc_recall_at_1000_std": -0.09335429208287918,
        "nauc_recall_at_100_diff1": -0.040264311877585654,
        "nauc_recall_at_100_max": 0.15469098133398254,
        "nauc_recall_at_100_std": -0.09893343418363668,
        "nauc_recall_at_10_diff1": -0.09841122084939959,
        "nauc_recall_at_10_max": 0.24550738539558487,
        "nauc_recall_at_10_std": -0.11816391738407553,
        "nauc_recall_at_1_diff1": 0.13341206879029674,
        "nauc_recall_at_1_max": 0.412209564036768,
        "nauc_recall_at_1_std": -0.27012357745739884,
        "nauc_recall_at_20_diff1": 0.018190141923007185,
        "nauc_recall_at_20_max": 0.1181678616295383,
        "nauc_recall_at_20_std": -0.00562687038769413,
        "nauc_recall_at_3_diff1": -0.13737904509096113,
        "nauc_recall_at_3_max": 0.43433017721032646,
        "nauc_recall_at_3_std": -0.15105292780074295,
        "nauc_recall_at_5_diff1": -0.054470136878184625,
        "nauc_recall_at_5_max": 0.44101265818955554,
        "nauc_recall_at_5_std": -0.12675493310435396,
        "ndcg_at_1": 0.03406,
        "ndcg_at_10": 0.02865,
        "ndcg_at_100": 0.04124,
        "ndcg_at_1000": 0.14154,
        "ndcg_at_20": 0.02842,
        "ndcg_at_3": 0.03079,
        "ndcg_at_5": 0.03031,
        "precision_at_1": 0.03715,
        "precision_at_10": 0.02724,
        "precision_at_100": 0.01938,
        "precision_at_1000": 0.01377,
        "precision_at_20": 0.02368,
        "precision_at_3": 0.03199,
        "precision_at_5": 0.03158,
        "recall_at_1": 0.00068,
        "recall_at_10": 0.00961,
        "recall_at_100": 0.05971,
        "recall_at_1000": 0.40588,
        "recall_at_20": 0.01678,
        "recall_at_3": 0.00396,
        "recall_at_5": 0.00542
      }
    ]
  },
  "task_name": "NFCorpus"
}