{
  "dataset_revision": "ec0fa4fe99da2ff19ca1214b7966684033a58814",
  "evaluation_time": 3.040205717086792,
  "kg_co2_emissions": null,
  "mteb_version": "1.14.12",
  "scores": {
    "test": [
      {
        "hf_subset": "default",
        "languages": [
          "eng-Latn"
        ],
        "main_score": 0.2601,
        "map_at_1": 0.03726,
        "map_at_10": 0.08806,
        "map_at_100": 0.11116,
        "map_at_1000": 0.12358,
        "map_at_20": 0.09738,
        "map_at_3": 0.06597,
        "map_at_5": 0.07527,
        "mrr_at_1": 0.3684210526315789,
        "mrr_at_10": 0.45062902353924006,
        "mrr_at_100": 0.45718240890302003,
        "mrr_at_1000": 0.4578156566391914,
        "mrr_at_20": 0.45412304223672584,
        "mrr_at_3": 0.43292053663570695,
        "mrr_at_5": 0.4403508771929823,
        "nauc_map_at_1000_diff1": 0.27976071536919417,
        "nauc_map_at_1000_max": 0.3432292011835073,
        "nauc_map_at_1000_std": 0.249054807235285,
        "nauc_map_at_100_diff1": 0.2934703391517162,
        "nauc_map_at_100_max": 0.3333961752097719,
        "nauc_map_at_100_std": 0.21911587289022516,
        "nauc_map_at_10_diff1": 0.3091307779187564,
        "nauc_map_at_10_max": 0.2872305764822069,
        "nauc_map_at_10_std": 0.11519945075704206,
        "nauc_map_at_1_diff1": 0.40340465749735466,
        "nauc_map_at_1_max": 0.13944385620115282,
        "nauc_map_at_1_std": -0.04123452237293606,
        "nauc_map_at_20_diff1": 0.30993313148171747,
        "nauc_map_at_20_max": 0.313182156528893,
        "nauc_map_at_20_std": 0.16466635170902338,
        "nauc_map_at_3_diff1": 0.36587505925490355,
        "nauc_map_at_3_max": 0.23279370121108545,
        "nauc_map_at_3_std": 0.022795151422713142,
        "nauc_map_at_5_diff1": 0.3343581579068493,
        "nauc_map_at_5_max": 0.2509872193128939,
        "nauc_map_at_5_std": 0.06218165074441959,
        "nauc_mrr_at_1000_diff1": 0.3162744820709748,
        "nauc_mrr_at_1000_max": 0.38460986612054965,
        "nauc_mrr_at_1000_std": 0.21414807346872983,
        "nauc_mrr_at_100_diff1": 0.31608105407438836,
        "nauc_mrr_at_100_max": 0.38497582247926876,
        "nauc_mrr_at_100_std": 0.21468763402815752,
        "nauc_mrr_at_10_diff1": 0.31730750576697336,
        "nauc_mrr_at_10_max": 0.38131738125941045,
        "nauc_mrr_at_10_std": 0.2104967938549813,
        "nauc_mrr_at_1_diff1": 0.33316445942530676,
        "nauc_mrr_at_1_max": 0.3223280728229035,
        "nauc_mrr_at_1_std": 0.1337830270077501,
        "nauc_mrr_at_20_diff1": 0.3158689856685828,
        "nauc_mrr_at_20_max": 0.38485215468978295,
        "nauc_mrr_at_20_std": 0.21309002000438101,
        "nauc_mrr_at_3_diff1": 0.31565906151951334,
        "nauc_mrr_at_3_max": 0.3673454983101381,
        "nauc_mrr_at_3_std": 0.2006830590802368,
        "nauc_mrr_at_5_diff1": 0.31236917706269723,
        "nauc_mrr_at_5_max": 0.37536896605168396,
        "nauc_mrr_at_5_std": 0.20562766729681356,
        "nauc_ndcg_at_1000_diff1": 0.25980562094502163,
        "nauc_ndcg_at_1000_max": 0.4683559017124983,
        "nauc_ndcg_at_1000_std": 0.38538399404820206,
        "nauc_ndcg_at_100_diff1": 0.2563980802123012,
        "nauc_ndcg_at_100_max": 0.3995164074986386,
        "nauc_ndcg_at_100_std": 0.31370948501664764,
        "nauc_ndcg_at_10_diff1": 0.20628227604571217,
        "nauc_ndcg_at_10_max": 0.3666491651016631,
        "nauc_ndcg_at_10_std": 0.27742621175541515,
        "nauc_ndcg_at_1_diff1": 0.3196340967099148,
        "nauc_ndcg_at_1_max": 0.29860775709050646,
        "nauc_ndcg_at_1_std": 0.12966582092904605,
        "nauc_ndcg_at_20_diff1": 0.2261715967064916,
        "nauc_ndcg_at_20_max": 0.3772764771226564,
        "nauc_ndcg_at_20_std": 0.2881885734729613,
        "nauc_ndcg_at_3_diff1": 0.24061229030219036,
        "nauc_ndcg_at_3_max": 0.35480976092364297,
        "nauc_ndcg_at_3_std": 0.20610043075677836,
        "nauc_ndcg_at_5_diff1": 0.2219844330363834,
        "nauc_ndcg_at_5_max": 0.36683200453493026,
        "nauc_ndcg_at_5_std": 0.25317510689248457,
        "nauc_precision_at_1000_diff1": -0.1227707927858093,
        "nauc_precision_at_1000_max": 0.06323524509321522,
        "nauc_precision_at_1000_std": 0.2081956307410619,
        "nauc_precision_at_100_diff1": -0.05485133999419823,
        "nauc_precision_at_100_max": 0.22091355854545744,
        "nauc_precision_at_100_std": 0.38290448118856213,
        "nauc_precision_at_10_diff1": 0.04872682335835489,
        "nauc_precision_at_10_max": 0.37454593324807567,
        "nauc_precision_at_10_std": 0.3952958865833067,
        "nauc_precision_at_1_diff1": 0.33316445942530676,
        "nauc_precision_at_1_max": 0.3223280728229035,
        "nauc_precision_at_1_std": 0.1337830270077501,
        "nauc_precision_at_20_diff1": 0.021565062069684213,
        "nauc_precision_at_20_max": 0.3450052377052903,
        "nauc_precision_at_20_std": 0.4233636893352289,
        "nauc_precision_at_3_diff1": 0.17137073801285047,
        "nauc_precision_at_3_max": 0.38788714930066037,
        "nauc_precision_at_3_std": 0.27356616978364046,
        "nauc_precision_at_5_diff1": 0.10713473923186739,
        "nauc_precision_at_5_max": 0.39191340035899525,
        "nauc_precision_at_5_std": 0.33853382198487153,
        "nauc_recall_at_1000_diff1": 0.12809845898441782,
        "nauc_recall_at_1000_max": 0.2728589267755751,
        "nauc_recall_at_1000_std": 0.2857352427088098,
        "nauc_recall_at_100_diff1": 0.20831876481691702,
        "nauc_recall_at_100_max": 0.29792965635604457,
        "nauc_recall_at_100_std": 0.26080116626045136,
        "nauc_recall_at_10_diff1": 0.2380159029189495,
        "nauc_recall_at_10_max": 0.2310735000692786,
        "nauc_recall_at_10_std": 0.10490295219751916,
        "nauc_recall_at_1_diff1": 0.40340465749735466,
        "nauc_recall_at_1_max": 0.13944385620115282,
        "nauc_recall_at_1_std": -0.04123452237293606,
        "nauc_recall_at_20_diff1": 0.2510232864350533,
        "nauc_recall_at_20_max": 0.28266709358360137,
        "nauc_recall_at_20_std": 0.15942983209579598,
        "nauc_recall_at_3_diff1": 0.34886032281248847,
        "nauc_recall_at_3_max": 0.2231464453258083,
        "nauc_recall_at_3_std": 0.029326273065649933,
        "nauc_recall_at_5_diff1": 0.29483663753123673,
        "nauc_recall_at_5_max": 0.22112183274761585,
        "nauc_recall_at_5_std": 0.07662826627956429,
        "ndcg_at_1": 0.35294,
        "ndcg_at_10": 0.2601,
        "ndcg_at_100": 0.24236,
        "ndcg_at_1000": 0.33493,
        "ndcg_at_20": 0.24092,
        "ndcg_at_3": 0.31012,
        "ndcg_at_5": 0.28622,
        "precision_at_1": 0.36842,
        "precision_at_10": 0.19102,
        "precision_at_100": 0.06424,
        "precision_at_1000": 0.0191,
        "precision_at_20": 0.14025,
        "precision_at_3": 0.29309,
        "precision_at_5": 0.24582,
        "recall_at_1": 0.03726,
        "recall_at_10": 0.12278,
        "recall_at_100": 0.24914,
        "recall_at_1000": 0.57653,
        "recall_at_20": 0.15271,
        "recall_at_3": 0.07509,
        "recall_at_5": 0.09139
      }
    ]
  },
  "task_name": "NFCorpus"
}