{
  "dataset_revision": "ec0fa4fe99da2ff19ca1214b7966684033a58814",
  "evaluation_time": 2.987699031829834,
  "kg_co2_emissions": null,
  "mteb_version": "1.14.12",
  "scores": {
    "test": [
      {
        "hf_subset": "default",
        "languages": [
          "eng-Latn"
        ],
        "main_score": 0.01444,
        "map_at_1": 0.0007,
        "map_at_10": 0.00158,
        "map_at_100": 0.00313,
        "map_at_1000": 0.00784,
        "map_at_20": 0.00204,
        "map_at_3": 0.00093,
        "map_at_5": 0.00123,
        "mrr_at_1": 0.015479876160990712,
        "mrr_at_10": 0.041139613740232915,
        "mrr_at_100": 0.051859118011857594,
        "mrr_at_1000": 0.05369158532616567,
        "mrr_at_20": 0.046301921367459226,
        "mrr_at_3": 0.029411764705882353,
        "mrr_at_5": 0.034365325077399374,
        "nauc_map_at_1000_diff1": 0.07620779258475419,
        "nauc_map_at_1000_max": -0.0978500185152965,
        "nauc_map_at_1000_std": 0.17324222846051235,
        "nauc_map_at_100_diff1": 0.04984673556116246,
        "nauc_map_at_100_max": -0.14219655554446714,
        "nauc_map_at_100_std": 0.23278886493763723,
        "nauc_map_at_10_diff1": 0.07609644347995438,
        "nauc_map_at_10_max": -0.19155174502586186,
        "nauc_map_at_10_std": 0.3228525290003903,
        "nauc_map_at_1_diff1": 0.1343383548807995,
        "nauc_map_at_1_max": -0.2929130523022778,
        "nauc_map_at_1_std": 0.5896375882731452,
        "nauc_map_at_20_diff1": 0.004912728335376186,
        "nauc_map_at_20_max": -0.1226558475457668,
        "nauc_map_at_20_std": 0.2078833123524214,
        "nauc_map_at_3_diff1": 0.09510657510439077,
        "nauc_map_at_3_max": -0.2566986187528057,
        "nauc_map_at_3_std": 0.5010151881253674,
        "nauc_map_at_5_diff1": 0.04046808336569065,
        "nauc_map_at_5_max": -0.20356649770573937,
        "nauc_map_at_5_std": 0.33747586603385216,
        "nauc_mrr_at_1000_diff1": 0.1525211433660128,
        "nauc_mrr_at_1000_max": -0.13489434418092938,
        "nauc_mrr_at_1000_std": 0.2554694771579747,
        "nauc_mrr_at_100_diff1": 0.15111779297519704,
        "nauc_mrr_at_100_max": -0.13324854166911426,
        "nauc_mrr_at_100_std": 0.25427183430734757,
        "nauc_mrr_at_10_diff1": 0.1856703810758071,
        "nauc_mrr_at_10_max": -0.15766853813824877,
        "nauc_mrr_at_10_std": 0.3092496853802848,
        "nauc_mrr_at_1_diff1": 0.33597560116238095,
        "nauc_mrr_at_1_max": -0.3131608718482979,
        "nauc_mrr_at_1_std": 0.5815528037773489,
        "nauc_mrr_at_20_diff1": 0.1579920161501716,
        "nauc_mrr_at_20_max": -0.13920530394154973,
        "nauc_mrr_at_20_std": 0.26265301100459915,
        "nauc_mrr_at_3_diff1": 0.22538235179278665,
        "nauc_mrr_at_3_max": -0.24404551560904592,
        "nauc_mrr_at_3_std": 0.45941725228126273,
        "nauc_mrr_at_5_diff1": 0.20091513326080077,
        "nauc_mrr_at_5_max": -0.19368300542747116,
        "nauc_mrr_at_5_std": 0.3583864448023096,
        "nauc_ndcg_at_1000_diff1": 0.07198089598591476,
        "nauc_ndcg_at_1000_max": -0.08725054410880696,
        "nauc_ndcg_at_1000_std": 0.12565269008151655,
        "nauc_ndcg_at_100_diff1": 0.04322943148637019,
        "nauc_ndcg_at_100_max": -0.09277036720605163,
        "nauc_ndcg_at_100_std": 0.14371384162974524,
        "nauc_ndcg_at_10_diff1": 0.12365453966760745,
        "nauc_ndcg_at_10_max": -0.09192503349196819,
        "nauc_ndcg_at_10_std": 0.22129133999422693,
        "nauc_ndcg_at_1_diff1": 0.3728311986930752,
        "nauc_ndcg_at_1_max": -0.35108075799546307,
        "nauc_ndcg_at_1_std": 0.6524340805003501,
        "nauc_ndcg_at_20_diff1": 0.07318996301247904,
        "nauc_ndcg_at_20_max": -0.06199377813872532,
        "nauc_ndcg_at_20_std": 0.13077347947433096,
        "nauc_ndcg_at_3_diff1": 0.18078966340175007,
        "nauc_ndcg_at_3_max": -0.21495746010911404,
        "nauc_ndcg_at_3_std": 0.4301561484078205,
        "nauc_ndcg_at_5_diff1": 0.13140611510822572,
        "nauc_ndcg_at_5_max": -0.13894506179742996,
        "nauc_ndcg_at_5_std": 0.2868876514675435,
        "nauc_precision_at_1000_diff1": 0.07319944848524895,
        "nauc_precision_at_1000_max": -0.011423329884937489,
        "nauc_precision_at_1000_std": 0.04246121182671387,
        "nauc_precision_at_100_diff1": 0.03852449910362639,
        "nauc_precision_at_100_max": -0.05876599466041327,
        "nauc_precision_at_100_std": 0.054819029342008864,
        "nauc_precision_at_10_diff1": 0.12108649219639783,
        "nauc_precision_at_10_max": -0.03865231241382038,
        "nauc_precision_at_10_std": 0.14806450035836263,
        "nauc_precision_at_1_diff1": 0.33597560116238095,
        "nauc_precision_at_1_max": -0.3131608718482979,
        "nauc_precision_at_1_std": 0.5815528037773489,
        "nauc_precision_at_20_diff1": 0.08522084038663717,
        "nauc_precision_at_20_max": -0.01783069774931589,
        "nauc_precision_at_20_std": 0.06315951931246416,
        "nauc_precision_at_3_diff1": 0.20684984041863635,
        "nauc_precision_at_3_max": -0.23564132165849758,
        "nauc_precision_at_3_std": 0.4397173853930222,
        "nauc_precision_at_5_diff1": 0.16235246858983668,
        "nauc_precision_at_5_max": -0.12028836919430275,
        "nauc_precision_at_5_std": 0.23162799243109525,
        "nauc_recall_at_1000_diff1": 0.06236663822431,
        "nauc_recall_at_1000_max": -0.07368964162636525,
        "nauc_recall_at_1000_std": 0.12096063435067303,
        "nauc_recall_at_100_diff1": 0.07213232243876323,
        "nauc_recall_at_100_max": -0.0663563535835881,
        "nauc_recall_at_100_std": 0.15960714753381902,
        "nauc_recall_at_10_diff1": 0.11302409573526456,
        "nauc_recall_at_10_max": -0.15304221172332283,
        "nauc_recall_at_10_std": 0.20990596503801937,
        "nauc_recall_at_1_diff1": 0.1343383548807995,
        "nauc_recall_at_1_max": -0.2929130523022778,
        "nauc_recall_at_1_std": 0.5896375882731452,
        "nauc_recall_at_20_diff1": -0.10111319157356073,
        "nauc_recall_at_20_max": 0.014996573025331772,
        "nauc_recall_at_20_std": -0.048678615465081114,
        "nauc_recall_at_3_diff1": 0.08011365338782014,
        "nauc_recall_at_3_max": -0.2572114138850763,
        "nauc_recall_at_3_std": 0.46334649185058374,
        "nauc_recall_at_5_diff1": -0.010655089751707963,
        "nauc_recall_at_5_max": -0.16559204620379042,
        "nauc_recall_at_5_std": 0.15110474058622836,
        "ndcg_at_1": 0.01084,
        "ndcg_at_10": 0.01444,
        "ndcg_at_100": 0.02581,
        "ndcg_at_1000": 0.11613,
        "ndcg_at_20": 0.01604,
        "ndcg_at_3": 0.01286,
        "ndcg_at_5": 0.01369,
        "precision_at_1": 0.01548,
        "precision_at_10": 0.01548,
        "precision_at_100": 0.01297,
        "precision_at_1000": 0.01218,
        "precision_at_20": 0.01517,
        "precision_at_3": 0.01548,
        "precision_at_5": 0.0161,
        "recall_at_1": 0.0007,
        "recall_at_10": 0.00463,
        "recall_at_100": 0.0389,
        "recall_at_1000": 0.35252,
        "recall_at_20": 0.00983,
        "recall_at_3": 0.00128,
        "recall_at_5": 0.00236
      }
    ]
  },
  "task_name": "NFCorpus"
}