{
  "dataset_revision": "ec0fa4fe99da2ff19ca1214b7966684033a58814",
  "evaluation_time": 2.9884419441223145,
  "kg_co2_emissions": null,
  "mteb_version": "1.14.12",
  "scores": {
    "test": [
      {
        "hf_subset": "default",
        "languages": [
          "eng-Latn"
        ],
        "main_score": 0.26018,
        "map_at_1": 0.0371,
        "map_at_10": 0.08854,
        "map_at_100": 0.11183,
        "map_at_1000": 0.12426,
        "map_at_20": 0.09795,
        "map_at_3": 0.06622,
        "map_at_5": 0.07554,
        "mrr_at_1": 0.3653250773993808,
        "mrr_at_10": 0.44886972332792757,
        "mrr_at_100": 0.4551407494162404,
        "mrr_at_1000": 0.45580133338418105,
        "mrr_at_20": 0.4520576481330442,
        "mrr_at_3": 0.42879256965944273,
        "mrr_at_5": 0.43746130030959757,
        "nauc_map_at_1000_diff1": 0.2762357614938672,
        "nauc_map_at_1000_max": 0.3493691334772396,
        "nauc_map_at_1000_std": 0.25129219582559015,
        "nauc_map_at_100_diff1": 0.29137606154815715,
        "nauc_map_at_100_max": 0.33978725942539434,
        "nauc_map_at_100_std": 0.22216833668933875,
        "nauc_map_at_10_diff1": 0.30570052653163693,
        "nauc_map_at_10_max": 0.29504870279802736,
        "nauc_map_at_10_std": 0.11833362672594952,
        "nauc_map_at_1_diff1": 0.41417767245955217,
        "nauc_map_at_1_max": 0.14191266429072427,
        "nauc_map_at_1_std": -0.045087207427209515,
        "nauc_map_at_20_diff1": 0.30674396391312353,
        "nauc_map_at_20_max": 0.31932525923215843,
        "nauc_map_at_20_std": 0.1687405261060012,
        "nauc_map_at_3_diff1": 0.3685929822692484,
        "nauc_map_at_3_max": 0.24186313807369145,
        "nauc_map_at_3_std": 0.028987387265791743,
        "nauc_map_at_5_diff1": 0.33293605739960436,
        "nauc_map_at_5_max": 0.2582636401457438,
        "nauc_map_at_5_std": 0.07230948691797161,
        "nauc_mrr_at_1000_diff1": 0.32656791639496513,
        "nauc_mrr_at_1000_max": 0.396563792188747,
        "nauc_mrr_at_1000_std": 0.20099056709587343,
        "nauc_mrr_at_100_diff1": 0.32639461417963966,
        "nauc_mrr_at_100_max": 0.3969966359774919,
        "nauc_mrr_at_100_std": 0.20161813934685596,
        "nauc_mrr_at_10_diff1": 0.326967862963502,
        "nauc_mrr_at_10_max": 0.3928006363888759,
        "nauc_mrr_at_10_std": 0.1982350232135884,
        "nauc_mrr_at_1_diff1": 0.35237900014275797,
        "nauc_mrr_at_1_max": 0.3307421150854951,
        "nauc_mrr_at_1_std": 0.1040314248837004,
        "nauc_mrr_at_20_diff1": 0.32583101297081085,
        "nauc_mrr_at_20_max": 0.39684897886490184,
        "nauc_mrr_at_20_std": 0.20013391376234205,
        "nauc_mrr_at_3_diff1": 0.3258166838376866,
        "nauc_mrr_at_3_max": 0.38238182413056915,
        "nauc_mrr_at_3_std": 0.18564490562591554,
        "nauc_mrr_at_5_diff1": 0.32309573692904825,
        "nauc_mrr_at_5_max": 0.38735934537960187,
        "nauc_mrr_at_5_std": 0.1924360219514323,
        "nauc_ndcg_at_1000_diff1": 0.2608842611028075,
        "nauc_ndcg_at_1000_max": 0.4770110602555168,
        "nauc_ndcg_at_1000_std": 0.38680086761766297,
        "nauc_ndcg_at_100_diff1": 0.2569162176748171,
        "nauc_ndcg_at_100_max": 0.4082162453980714,
        "nauc_ndcg_at_100_std": 0.3152126375770557,
        "nauc_ndcg_at_10_diff1": 0.2086650463656745,
        "nauc_ndcg_at_10_max": 0.37609146657924775,
        "nauc_ndcg_at_10_std": 0.26843750844902386,
        "nauc_ndcg_at_1_diff1": 0.3409026643135199,
        "nauc_ndcg_at_1_max": 0.30704944452544014,
        "nauc_ndcg_at_1_std": 0.09865314697618983,
        "nauc_ndcg_at_20_diff1": 0.22111926042434807,
        "nauc_ndcg_at_20_max": 0.3801281579556155,
        "nauc_ndcg_at_20_std": 0.2830124419999475,
        "nauc_ndcg_at_3_diff1": 0.2507505196852834,
        "nauc_ndcg_at_3_max": 0.37110789409023215,
        "nauc_ndcg_at_3_std": 0.19954001566210067,
        "nauc_ndcg_at_5_diff1": 0.22283325659836703,
        "nauc_ndcg_at_5_max": 0.3744923777796143,
        "nauc_ndcg_at_5_std": 0.25235218195889714,
        "nauc_precision_at_1000_diff1": -0.12628989017721312,
        "nauc_precision_at_1000_max": 0.05792951423502259,
        "nauc_precision_at_1000_std": 0.20323689624125457,
        "nauc_precision_at_100_diff1": -0.05871374744852232,
        "nauc_precision_at_100_max": 0.21527000438243338,
        "nauc_precision_at_100_std": 0.37389240485227804,
        "nauc_precision_at_10_diff1": 0.03790147561833225,
        "nauc_precision_at_10_max": 0.3793236546764549,
        "nauc_precision_at_10_std": 0.38385560048203304,
        "nauc_precision_at_1_diff1": 0.35237900014275797,
        "nauc_precision_at_1_max": 0.3307421150854951,
        "nauc_precision_at_1_std": 0.1040314248837004,
        "nauc_precision_at_20_diff1": 0.004549180999580106,
        "nauc_precision_at_20_max": 0.33867303771454554,
        "nauc_precision_at_20_std": 0.41072505359467953,
        "nauc_precision_at_3_diff1": 0.1748895372197335,
        "nauc_precision_at_3_max": 0.40368688764462657,
        "nauc_precision_at_3_std": 0.2722241431000179,
        "nauc_precision_at_5_diff1": 0.0936754214814782,
        "nauc_precision_at_5_max": 0.3955782343344745,
        "nauc_precision_at_5_std": 0.34728258510515014,
        "nauc_recall_at_1000_diff1": 0.12966000914963569,
        "nauc_recall_at_1000_max": 0.2768303563529355,
        "nauc_recall_at_1000_std": 0.2974698349535193,
        "nauc_recall_at_100_diff1": 0.21385915794438495,
        "nauc_recall_at_100_max": 0.30952785251643583,
        "nauc_recall_at_100_std": 0.2688552759991821,
        "nauc_recall_at_10_diff1": 0.23451618488408735,
        "nauc_recall_at_10_max": 0.23916320099966992,
        "nauc_recall_at_10_std": 0.1031893840529339,
        "nauc_recall_at_1_diff1": 0.41417767245955217,
        "nauc_recall_at_1_max": 0.14191266429072427,
        "nauc_recall_at_1_std": -0.045087207427209515,
        "nauc_recall_at_20_diff1": 0.25151523275066984,
        "nauc_recall_at_20_max": 0.2922098861564021,
        "nauc_recall_at_20_std": 0.16289831666207644,
        "nauc_recall_at_3_diff1": 0.34725536361069276,
        "nauc_recall_at_3_max": 0.23360996256310074,
        "nauc_recall_at_3_std": 0.03515727027650681,
        "nauc_recall_at_5_diff1": 0.29006633479652016,
        "nauc_recall_at_5_max": 0.22731772645366094,
        "nauc_recall_at_5_std": 0.0878087489137665,
        "ndcg_at_1": 0.34985,
        "ndcg_at_10": 0.26018,
        "ndcg_at_100": 0.2434,
        "ndcg_at_1000": 0.33619,
        "ndcg_at_20": 0.24176,
        "ndcg_at_3": 0.30886,
        "ndcg_at_5": 0.28496,
        "precision_at_1": 0.36533,
        "precision_at_10": 0.19164,
        "precision_at_100": 0.06489,
        "precision_at_1000": 0.01923,
        "precision_at_20": 0.14133,
        "precision_at_3": 0.29205,
        "precision_at_5": 0.2452,
        "recall_at_1": 0.0371,
        "recall_at_10": 0.12286,
        "recall_at_100": 0.25109,
        "recall_at_1000": 0.58029,
        "recall_at_20": 0.15342,
        "recall_at_3": 0.0752,
        "recall_at_5": 0.09105
      }
    ]
  },
  "task_name": "NFCorpus"
}