{
  "dataset_revision": "ec0fa4fe99da2ff19ca1214b7966684033a58814",
  "evaluation_time": 3.007249116897583,
  "kg_co2_emissions": null,
  "mteb_version": "1.14.12",
  "scores": {
    "test": [
      {
        "hf_subset": "default",
        "languages": [
          "eng-Latn"
        ],
        "main_score": 0.01124,
        "map_at_1": 0.00105,
        "map_at_10": 0.00175,
        "map_at_100": 0.00282,
        "map_at_1000": 0.00688,
        "map_at_20": 0.00193,
        "map_at_3": 0.00128,
        "map_at_5": 0.00148,
        "mrr_at_1": 0.01238390092879257,
        "mrr_at_10": 0.02927293724507346,
        "mrr_at_100": 0.04072568804304376,
        "mrr_at_1000": 0.04233251359244779,
        "mrr_at_20": 0.03408521126377618,
        "mrr_at_3": 0.019091847265221878,
        "mrr_at_5": 0.02342621259029928,
        "nauc_map_at_1000_diff1": -0.06786851477974033,
        "nauc_map_at_1000_max": -0.05939935343105808,
        "nauc_map_at_1000_std": 0.1226448350338397,
        "nauc_map_at_100_diff1": -0.03645147152896541,
        "nauc_map_at_100_max": -0.009820999325298079,
        "nauc_map_at_100_std": 0.16738622356970384,
        "nauc_map_at_10_diff1": -0.03864153040149934,
        "nauc_map_at_10_max": 0.03245762628078913,
        "nauc_map_at_10_std": 0.18217689837993387,
        "nauc_map_at_1_diff1": -0.30224026700985857,
        "nauc_map_at_1_max": 0.31460092826612257,
        "nauc_map_at_1_std": -0.06080479318166299,
        "nauc_map_at_20_diff1": -0.04891525197753387,
        "nauc_map_at_20_max": 0.025115606270538004,
        "nauc_map_at_20_std": 0.1772952989977677,
        "nauc_map_at_3_diff1": -0.12335564885605624,
        "nauc_map_at_3_max": 0.16873470403665497,
        "nauc_map_at_3_std": 0.08396953826632864,
        "nauc_map_at_5_diff1": -0.020035579633617615,
        "nauc_map_at_5_max": 0.09033518631785448,
        "nauc_map_at_5_std": 0.18013863988419945,
        "nauc_mrr_at_1000_diff1": 0.03329267966270149,
        "nauc_mrr_at_1000_max": -0.0010057782178394576,
        "nauc_mrr_at_1000_std": 0.13997014801486785,
        "nauc_mrr_at_100_diff1": 0.029397172347752912,
        "nauc_mrr_at_100_max": 0.0011877862887098001,
        "nauc_mrr_at_100_std": 0.13990781812331224,
        "nauc_mrr_at_10_diff1": 0.05835820390083144,
        "nauc_mrr_at_10_max": 0.0082279259927387,
        "nauc_mrr_at_10_std": 0.1680256232995536,
        "nauc_mrr_at_1_diff1": 0.16775624333883754,
        "nauc_mrr_at_1_max": 0.12789193688294337,
        "nauc_mrr_at_1_std": 0.231742705928133,
        "nauc_mrr_at_20_diff1": 0.04845862061985025,
        "nauc_mrr_at_20_max": -0.00313906119636496,
        "nauc_mrr_at_20_std": 0.16578718886678923,
        "nauc_mrr_at_3_diff1": 0.1623694199117091,
        "nauc_mrr_at_3_max": 0.14833938779226735,
        "nauc_mrr_at_3_std": 0.24090719281010792,
        "nauc_mrr_at_5_diff1": 0.14567627503235647,
        "nauc_mrr_at_5_max": 0.07336307024243242,
        "nauc_mrr_at_5_std": 0.2193231551978828,
        "nauc_ndcg_at_1000_diff1": -0.03952687296078506,
        "nauc_ndcg_at_1000_max": -0.10452948568454627,
        "nauc_ndcg_at_1000_std": 0.09934804530814079,
        "nauc_ndcg_at_100_diff1": -0.08454011207613309,
        "nauc_ndcg_at_100_max": -0.04915675502031806,
        "nauc_ndcg_at_100_std": 0.09169350184424163,
        "nauc_ndcg_at_10_diff1": 0.026416887665320382,
        "nauc_ndcg_at_10_max": -0.1068494682239351,
        "nauc_ndcg_at_10_std": 0.15501117873335027,
        "nauc_ndcg_at_1_diff1": 0.1918783994722388,
        "nauc_ndcg_at_1_max": -0.04116030828849426,
        "nauc_ndcg_at_1_std": 0.2937046892342348,
        "nauc_ndcg_at_20_diff1": -0.04044168344087014,
        "nauc_ndcg_at_20_max": -0.09473851230909021,
        "nauc_ndcg_at_20_std": 0.1554377177522029,
        "nauc_ndcg_at_3_diff1": 0.13046999893696015,
        "nauc_ndcg_at_3_max": -0.1352029805253361,
        "nauc_ndcg_at_3_std": 0.3246727951063963,
        "nauc_ndcg_at_5_diff1": 0.10490751858236058,
        "nauc_ndcg_at_5_max": -0.12776472141218143,
        "nauc_ndcg_at_5_std": 0.3306418366854111,
        "nauc_precision_at_1000_diff1": -0.10672450223250281,
        "nauc_precision_at_1000_max": -0.07592188658443402,
        "nauc_precision_at_1000_std": -0.01091404360114908,
        "nauc_precision_at_100_diff1": -0.14279163196455724,
        "nauc_precision_at_100_max": -0.05683307279847056,
        "nauc_precision_at_100_std": 0.0022171263254875118,
        "nauc_precision_at_10_diff1": 0.013065263859916737,
        "nauc_precision_at_10_max": -0.13590386622810305,
        "nauc_precision_at_10_std": 0.13169028382741688,
        "nauc_precision_at_1_diff1": 0.1918783994722388,
        "nauc_precision_at_1_max": -0.04116030828849426,
        "nauc_precision_at_1_std": 0.2937046892342348,
        "nauc_precision_at_20_diff1": -0.07905036520355155,
        "nauc_precision_at_20_max": -0.1110868098158035,
        "nauc_precision_at_20_std": 0.12197675395218614,
        "nauc_precision_at_3_diff1": 0.10035184562167768,
        "nauc_precision_at_3_max": -0.12861361732625404,
        "nauc_precision_at_3_std": 0.3508729377281716,
        "nauc_precision_at_5_diff1": 0.08041101665168537,
        "nauc_precision_at_5_max": -0.12277155040282763,
        "nauc_precision_at_5_std": 0.36599874030263146,
        "nauc_recall_at_1000_diff1": 0.05166764735804848,
        "nauc_recall_at_1000_max": -0.08335292863521253,
        "nauc_recall_at_1000_std": 0.1666369182126019,
        "nauc_recall_at_100_diff1": -0.08537209077468468,
        "nauc_recall_at_100_max": -0.03921340487428255,
        "nauc_recall_at_100_std": 0.046047966388467684,
        "nauc_recall_at_10_diff1": -0.011877808422516267,
        "nauc_recall_at_10_max": -0.16963931021165668,
        "nauc_recall_at_10_std": 0.2430836546097557,
        "nauc_recall_at_1_diff1": -0.30224026700985857,
        "nauc_recall_at_1_max": 0.31460092826612257,
        "nauc_recall_at_1_std": -0.06080479318166299,
        "nauc_recall_at_20_diff1": -0.048072705838603604,
        "nauc_recall_at_20_max": -0.12346134535048327,
        "nauc_recall_at_20_std": 0.19694535329379953,
        "nauc_recall_at_3_diff1": 0.007668441818133359,
        "nauc_recall_at_3_max": 0.07544951654190914,
        "nauc_recall_at_3_std": 0.18362069904804615,
        "nauc_recall_at_5_diff1": 0.14902875180843303,
        "nauc_recall_at_5_max": -0.04707525722360602,
        "nauc_recall_at_5_std": 0.3364540329071378,
        "ndcg_at_1": 0.01238,
        "ndcg_at_10": 0.01124,
        "ndcg_at_100": 0.02137,
        "ndcg_at_1000": 0.10463,
        "ndcg_at_20": 0.01233,
        "ndcg_at_3": 0.01038,
        "ndcg_at_5": 0.01007,
        "precision_at_1": 0.01238,
        "precision_at_10": 0.01146,
        "precision_at_100": 0.01204,
        "precision_at_1000": 0.01163,
        "precision_at_20": 0.01146,
        "precision_at_3": 0.01032,
        "precision_at_5": 0.00991,
        "recall_at_1": 0.00105,
        "recall_at_10": 0.0041,
        "recall_at_100": 0.03198,
        "recall_at_1000": 0.3262,
        "recall_at_20": 0.00646,
        "recall_at_3": 0.00152,
        "recall_at_5": 0.00212
      }
    ]
  },
  "task_name": "NFCorpus"
}