{
  "dataset_revision": "ec0fa4fe99da2ff19ca1214b7966684033a58814",
  "evaluation_time": 3.01537823677063,
  "kg_co2_emissions": null,
  "mteb_version": "1.14.12",
  "scores": {
    "test": [
      {
        "hf_subset": "default",
        "languages": [
          "eng-Latn"
        ],
        "main_score": 0.09238,
        "map_at_1": 0.00621,
        "map_at_10": 0.01866,
        "map_at_100": 0.02729,
        "map_at_1000": 0.03588,
        "map_at_20": 0.02184,
        "map_at_3": 0.01198,
        "map_at_5": 0.01455,
        "mrr_at_1": 0.14241486068111456,
        "mrr_at_10": 0.20573738267236724,
        "mrr_at_100": 0.21676787591399005,
        "mrr_at_1000": 0.21781498308902011,
        "mrr_at_20": 0.212606946754092,
        "mrr_at_3": 0.18111455108359137,
        "mrr_at_5": 0.19349845201238394,
        "nauc_map_at_1000_diff1": 0.12921714617829141,
        "nauc_map_at_1000_max": 0.4122726436525763,
        "nauc_map_at_1000_std": 0.13572753152746397,
        "nauc_map_at_100_diff1": 0.1401163674956485,
        "nauc_map_at_100_max": 0.43178962181061786,
        "nauc_map_at_100_std": 0.14998745744706393,
        "nauc_map_at_10_diff1": 0.18428500664391936,
        "nauc_map_at_10_max": 0.45146274083746385,
        "nauc_map_at_10_std": 0.1305316531218761,
        "nauc_map_at_1_diff1": 0.2114273861421632,
        "nauc_map_at_1_max": 0.4399833675398497,
        "nauc_map_at_1_std": -0.02509963433706204,
        "nauc_map_at_20_diff1": 0.17194341758912216,
        "nauc_map_at_20_max": 0.44376544514975363,
        "nauc_map_at_20_std": 0.13871227347121806,
        "nauc_map_at_3_diff1": 0.15349288817729909,
        "nauc_map_at_3_max": 0.45386369565815543,
        "nauc_map_at_3_std": 0.07778821900655836,
        "nauc_map_at_5_diff1": 0.15908384708630416,
        "nauc_map_at_5_max": 0.43539983094555157,
        "nauc_map_at_5_std": 0.13531045900942124,
        "nauc_mrr_at_1000_diff1": 0.10511533660173918,
        "nauc_mrr_at_1000_max": 0.3617873249013821,
        "nauc_mrr_at_1000_std": -0.0480504520904996,
        "nauc_mrr_at_100_diff1": 0.10522179796030329,
        "nauc_mrr_at_100_max": 0.36211170289712225,
        "nauc_mrr_at_100_std": -0.047427193139989006,
        "nauc_mrr_at_10_diff1": 0.10860808065915269,
        "nauc_mrr_at_10_max": 0.35373786055414985,
        "nauc_mrr_at_10_std": -0.04465525685817019,
        "nauc_mrr_at_1_diff1": 0.13864743681870842,
        "nauc_mrr_at_1_max": 0.3818905387728676,
        "nauc_mrr_at_1_std": -0.09139294493242414,
        "nauc_mrr_at_20_diff1": 0.10846498859567373,
        "nauc_mrr_at_20_max": 0.3577983089026857,
        "nauc_mrr_at_20_std": -0.046020664657957434,
        "nauc_mrr_at_3_diff1": 0.09987220845227252,
        "nauc_mrr_at_3_max": 0.37232129414818793,
        "nauc_mrr_at_3_std": -0.052535311270619146,
        "nauc_mrr_at_5_diff1": 0.10260046912995112,
        "nauc_mrr_at_5_max": 0.3631853801852274,
        "nauc_mrr_at_5_std": -0.04103093859844622,
        "nauc_ndcg_at_1000_diff1": 0.07701822271395856,
        "nauc_ndcg_at_1000_max": 0.37848547200118016,
        "nauc_ndcg_at_1000_std": 0.057696522169968484,
        "nauc_ndcg_at_100_diff1": 0.10749202753383458,
        "nauc_ndcg_at_100_max": 0.3955765611749716,
        "nauc_ndcg_at_100_std": 0.07408681998119608,
        "nauc_ndcg_at_10_diff1": 0.1259061654722364,
        "nauc_ndcg_at_10_max": 0.3553183486950316,
        "nauc_ndcg_at_10_std": 0.04418859019614747,
        "nauc_ndcg_at_1_diff1": 0.16800397645837586,
        "nauc_ndcg_at_1_max": 0.3817525727089245,
        "nauc_ndcg_at_1_std": -0.051594088091533284,
        "nauc_ndcg_at_20_diff1": 0.12948918252709413,
        "nauc_ndcg_at_20_max": 0.3611638547491454,
        "nauc_ndcg_at_20_std": 0.063104549526919,
        "nauc_ndcg_at_3_diff1": 0.11779196845399063,
        "nauc_ndcg_at_3_max": 0.37968835292411146,
        "nauc_ndcg_at_3_std": 0.02725851204930966,
        "nauc_ndcg_at_5_diff1": 0.10856426058503321,
        "nauc_ndcg_at_5_max": 0.36435149042704434,
        "nauc_ndcg_at_5_std": 0.04888242010067454,
        "nauc_precision_at_1000_diff1": 0.10771901484802669,
        "nauc_precision_at_1000_max": 0.0959777007513557,
        "nauc_precision_at_1000_std": -0.10467054649483483,
        "nauc_precision_at_100_diff1": 0.08085037210602079,
        "nauc_precision_at_100_max": 0.23744969631119578,
        "nauc_precision_at_100_std": 0.009974128938056114,
        "nauc_precision_at_10_diff1": 0.05434532560217614,
        "nauc_precision_at_10_max": 0.2957883978494569,
        "nauc_precision_at_10_std": 0.035668946170530846,
        "nauc_precision_at_1_diff1": 0.13864743681870842,
        "nauc_precision_at_1_max": 0.3818905387728676,
        "nauc_precision_at_1_std": -0.09139294493242414,
        "nauc_precision_at_20_diff1": 0.07826289112330814,
        "nauc_precision_at_20_max": 0.2795062025458343,
        "nauc_precision_at_20_std": 0.06077248067937396,
        "nauc_precision_at_3_diff1": 0.06624930419601989,
        "nauc_precision_at_3_max": 0.371281485642792,
        "nauc_precision_at_3_std": 0.039655186164850094,
        "nauc_precision_at_5_diff1": 0.03979036845417844,
        "nauc_precision_at_5_max": 0.3418457959711315,
        "nauc_precision_at_5_std": 0.051433571653507995,
        "nauc_recall_at_1000_diff1": 0.045171130456940614,
        "nauc_recall_at_1000_max": 0.19002432440663886,
        "nauc_recall_at_1000_std": 0.07328899060909319,
        "nauc_recall_at_100_diff1": 0.02317661456971033,
        "nauc_recall_at_100_max": 0.3035723083467358,
        "nauc_recall_at_100_std": 0.05937739328716594,
        "nauc_recall_at_10_diff1": 0.2168644588031683,
        "nauc_recall_at_10_max": 0.3583863515723043,
        "nauc_recall_at_10_std": 0.09290743132228245,
        "nauc_recall_at_1_diff1": 0.2114273861421632,
        "nauc_recall_at_1_max": 0.4399833675398497,
        "nauc_recall_at_1_std": -0.02509963433706204,
        "nauc_recall_at_20_diff1": 0.14085327515722235,
        "nauc_recall_at_20_max": 0.3314135383550864,
        "nauc_recall_at_20_std": 0.08733161624650984,
        "nauc_recall_at_3_diff1": 0.10576808489685882,
        "nauc_recall_at_3_max": 0.40894040050077773,
        "nauc_recall_at_3_std": 0.1109820076109661,
        "nauc_recall_at_5_diff1": 0.13313763790439515,
        "nauc_recall_at_5_max": 0.35510461508551505,
        "nauc_recall_at_5_std": 0.2011938671452666,
        "ndcg_at_1": 0.12693,
        "ndcg_at_10": 0.09238,
        "ndcg_at_100": 0.10056,
        "ndcg_at_1000": 0.20175,
        "ndcg_at_20": 0.08783,
        "ndcg_at_3": 0.10024,
        "ndcg_at_5": 0.09541,
        "precision_at_1": 0.14241,
        "precision_at_10": 0.07709,
        "precision_at_100": 0.03269,
        "precision_at_1000": 0.01563,
        "precision_at_20": 0.05929,
        "precision_at_3": 0.09804,
        "precision_at_5": 0.08793,
        "recall_at_1": 0.00621,
        "recall_at_10": 0.04191,
        "recall_at_100": 0.13151,
        "recall_at_1000": 0.47799,
        "recall_at_20": 0.06095,
        "recall_at_3": 0.01723,
        "recall_at_5": 0.02411
      }
    ]
  },
  "task_name": "NFCorpus"
}