{
  "dataset_revision": "ec0fa4fe99da2ff19ca1214b7966684033a58814",
  "evaluation_time": 3.015321731567383,
  "kg_co2_emissions": null,
  "mteb_version": "1.14.12",
  "scores": {
    "test": [
      {
        "hf_subset": "default",
        "languages": [
          "eng-Latn"
        ],
        "main_score": 0.30655,
        "map_at_1": 0.04107,
        "map_at_10": 0.10814,
        "map_at_100": 0.1397,
        "map_at_1000": 0.15404,
        "map_at_20": 0.12074,
        "map_at_3": 0.07785,
        "map_at_5": 0.09211,
        "mrr_at_1": 0.4179566563467492,
        "mrr_at_10": 0.503340458990614,
        "mrr_at_100": 0.5097852513227201,
        "mrr_at_1000": 0.5102800271176451,
        "mrr_at_20": 0.5070877201313133,
        "mrr_at_3": 0.4809081527347783,
        "mrr_at_5": 0.49468524251806,
        "nauc_map_at_1000_diff1": 0.1284988986604842,
        "nauc_map_at_1000_max": 0.27959744964388494,
        "nauc_map_at_1000_std": 0.17933656436756926,
        "nauc_map_at_100_diff1": 0.15066077106745887,
        "nauc_map_at_100_max": 0.2690369111553023,
        "nauc_map_at_100_std": 0.14091006132145342,
        "nauc_map_at_10_diff1": 0.20772018129912406,
        "nauc_map_at_10_max": 0.22006403920560558,
        "nauc_map_at_10_std": 0.016282258060631462,
        "nauc_map_at_1_diff1": 0.37398598545441286,
        "nauc_map_at_1_max": 0.10750333230724328,
        "nauc_map_at_1_std": -0.10418132707057104,
        "nauc_map_at_20_diff1": 0.18267090818375536,
        "nauc_map_at_20_max": 0.24405063090442916,
        "nauc_map_at_20_std": 0.068937378047173,
        "nauc_map_at_3_diff1": 0.25507856050345556,
        "nauc_map_at_3_max": 0.13905313247036544,
        "nauc_map_at_3_std": -0.06067206944414987,
        "nauc_map_at_5_diff1": 0.23386342183717548,
        "nauc_map_at_5_max": 0.1757436156771204,
        "nauc_map_at_5_std": -0.03804807528058022,
        "nauc_mrr_at_1000_diff1": 0.2537814371233276,
        "nauc_mrr_at_1000_max": 0.42532408121147475,
        "nauc_mrr_at_1000_std": 0.22202176105740254,
        "nauc_mrr_at_100_diff1": 0.25377424150252464,
        "nauc_mrr_at_100_max": 0.42572980906240804,
        "nauc_mrr_at_100_std": 0.22254724511516338,
        "nauc_mrr_at_10_diff1": 0.25533220463858125,
        "nauc_mrr_at_10_max": 0.4227888826384337,
        "nauc_mrr_at_10_std": 0.21480236903845584,
        "nauc_mrr_at_1_diff1": 0.27314950363653206,
        "nauc_mrr_at_1_max": 0.3666106230594144,
        "nauc_mrr_at_1_std": 0.15075141507441225,
        "nauc_mrr_at_20_diff1": 0.2541708491239848,
        "nauc_mrr_at_20_max": 0.4239135802535562,
        "nauc_mrr_at_20_std": 0.2213651244359874,
        "nauc_mrr_at_3_diff1": 0.2468464978763141,
        "nauc_mrr_at_3_max": 0.41328514133017735,
        "nauc_mrr_at_3_std": 0.20711659927673245,
        "nauc_mrr_at_5_diff1": 0.25394504436192705,
        "nauc_mrr_at_5_max": 0.42814061031075595,
        "nauc_mrr_at_5_std": 0.21383159880764285,
        "nauc_ndcg_at_1000_diff1": 0.11983164561339875,
        "nauc_ndcg_at_1000_max": 0.44107755396186543,
        "nauc_ndcg_at_1000_std": 0.3634318077186306,
        "nauc_ndcg_at_100_diff1": 0.1206027343701252,
        "nauc_ndcg_at_100_max": 0.3648382578146576,
        "nauc_ndcg_at_100_std": 0.2782271112514184,
        "nauc_ndcg_at_10_diff1": 0.09806030419229801,
        "nauc_ndcg_at_10_max": 0.33018389651368807,
        "nauc_ndcg_at_10_std": 0.23796814097661229,
        "nauc_ndcg_at_1_diff1": 0.27817670180132475,
        "nauc_ndcg_at_1_max": 0.3355894459624927,
        "nauc_ndcg_at_1_std": 0.14096285797823524,
        "nauc_ndcg_at_20_diff1": 0.07374417647892681,
        "nauc_ndcg_at_20_max": 0.32186220590504006,
        "nauc_ndcg_at_20_std": 0.26202423847427814,
        "nauc_ndcg_at_3_diff1": 0.1545047406406807,
        "nauc_ndcg_at_3_max": 0.3245957310004456,
        "nauc_ndcg_at_3_std": 0.19574998298925628,
        "nauc_ndcg_at_5_diff1": 0.13185970170538194,
        "nauc_ndcg_at_5_max": 0.33743721880014066,
        "nauc_ndcg_at_5_std": 0.2154736818361761,
        "nauc_precision_at_1000_diff1": -0.21700398721554004,
        "nauc_precision_at_1000_max": 0.07730926169376759,
        "nauc_precision_at_1000_std": 0.31969319813428193,
        "nauc_precision_at_100_diff1": -0.2033687297946919,
        "nauc_precision_at_100_max": 0.18279443924704541,
        "nauc_precision_at_100_std": 0.43732512493285747,
        "nauc_precision_at_10_diff1": -0.05707810662736686,
        "nauc_precision_at_10_max": 0.3387100648222255,
        "nauc_precision_at_10_std": 0.3480495659384655,
        "nauc_precision_at_1_diff1": 0.2814369568448132,
        "nauc_precision_at_1_max": 0.3672735847137368,
        "nauc_precision_at_1_std": 0.14074407962562502,
        "nauc_precision_at_20_diff1": -0.13320200353763403,
        "nauc_precision_at_20_max": 0.28945253762681566,
        "nauc_precision_at_20_std": 0.4175670124411293,
        "nauc_precision_at_3_diff1": 0.07815403024177991,
        "nauc_precision_at_3_max": 0.3558506417174793,
        "nauc_precision_at_3_std": 0.2577206112444517,
        "nauc_precision_at_5_diff1": 0.02790148366972722,
        "nauc_precision_at_5_max": 0.37672330759780737,
        "nauc_precision_at_5_std": 0.29804993503957194,
        "nauc_recall_at_1000_diff1": 0.039234902073605846,
        "nauc_recall_at_1000_max": 0.30573216665898567,
        "nauc_recall_at_1000_std": 0.3114893650362181,
        "nauc_recall_at_100_diff1": 0.09061986067269619,
        "nauc_recall_at_100_max": 0.24500437626842292,
        "nauc_recall_at_100_std": 0.18980364391331625,
        "nauc_recall_at_10_diff1": 0.16831629247890925,
        "nauc_recall_at_10_max": 0.1775785433195393,
        "nauc_recall_at_10_std": 0.007883521216845182,
        "nauc_recall_at_1_diff1": 0.37398598545441286,
        "nauc_recall_at_1_max": 0.10750333230724328,
        "nauc_recall_at_1_std": -0.10418132707057104,
        "nauc_recall_at_20_diff1": 0.11762836933879924,
        "nauc_recall_at_20_max": 0.1872091914033557,
        "nauc_recall_at_20_std": 0.07556554728682308,
        "nauc_recall_at_3_diff1": 0.19162904436577805,
        "nauc_recall_at_3_max": 0.1178998491014194,
        "nauc_recall_at_3_std": -0.05930508801242496,
        "nauc_recall_at_5_diff1": 0.17991727444458744,
        "nauc_recall_at_5_max": 0.14325446333291933,
        "nauc_recall_at_5_std": -0.045126844446514554,
        "ndcg_at_1": 0.39628,
        "ndcg_at_10": 0.30655,
        "ndcg_at_100": 0.28788,
        "ndcg_at_1000": 0.37792,
        "ndcg_at_20": 0.28752,
        "ndcg_at_3": 0.35673,
        "ndcg_at_5": 0.33346,
        "precision_at_1": 0.41486,
        "precision_at_10": 0.23189,
        "precision_at_100": 0.07709,
        "precision_at_1000": 0.0207,
        "precision_at_20": 0.17322,
        "precision_at_3": 0.33643,
        "precision_at_5": 0.2904,
        "recall_at_1": 0.04107,
        "recall_at_10": 0.14819,
        "recall_at_100": 0.30279,
        "recall_at_1000": 0.62452,
        "recall_at_20": 0.18709,
        "recall_at_3": 0.09132,
        "recall_at_5": 0.11569
      }
    ]
  },
  "task_name": "NFCorpus"
}