{
  "dataset_revision": "ec0fa4fe99da2ff19ca1214b7966684033a58814",
  "evaluation_time": 2.984050989151001,
  "kg_co2_emissions": null,
  "mteb_version": "1.14.12",
  "scores": {
    "test": [
      {
        "hf_subset": "default",
        "languages": [
          "eng-Latn"
        ],
        "main_score": 0.19675,
        "map_at_1": 0.02794,
        "map_at_10": 0.06077,
        "map_at_100": 0.07815,
        "map_at_1000": 0.08954,
        "map_at_20": 0.06771,
        "map_at_3": 0.04393,
        "map_at_5": 0.05115,
        "mrr_at_1": 0.2786377708978328,
        "mrr_at_10": 0.36004471964224277,
        "mrr_at_100": 0.3677292395096116,
        "mrr_at_1000": 0.3683966356210955,
        "mrr_at_20": 0.3637105792873843,
        "mrr_at_3": 0.3364293085655314,
        "mrr_at_5": 0.34927760577915373,
        "nauc_map_at_1000_diff1": 0.128561660448502,
        "nauc_map_at_1000_max": 0.37332900086102627,
        "nauc_map_at_1000_std": 0.1969401142696169,
        "nauc_map_at_100_diff1": 0.14051561298201526,
        "nauc_map_at_100_max": 0.3650887841483447,
        "nauc_map_at_100_std": 0.16258433309748727,
        "nauc_map_at_10_diff1": 0.1583116519909814,
        "nauc_map_at_10_max": 0.3255797720706059,
        "nauc_map_at_10_std": 0.08006905309626348,
        "nauc_map_at_1_diff1": 0.2119082434746835,
        "nauc_map_at_1_max": 0.21200747020163427,
        "nauc_map_at_1_std": -0.11539079511216944,
        "nauc_map_at_20_diff1": 0.14981345060278783,
        "nauc_map_at_20_max": 0.3438685125455291,
        "nauc_map_at_20_std": 0.11598644557242478,
        "nauc_map_at_3_diff1": 0.19108869466649328,
        "nauc_map_at_3_max": 0.2869885038329138,
        "nauc_map_at_3_std": -0.02580672004271781,
        "nauc_map_at_5_diff1": 0.1593922247753462,
        "nauc_map_at_5_max": 0.2918875329820734,
        "nauc_map_at_5_std": 0.013629829059145235,
        "nauc_mrr_at_1000_diff1": 0.22599566578738245,
        "nauc_mrr_at_1000_max": 0.36840319866818877,
        "nauc_mrr_at_1000_std": 0.13829233573722022,
        "nauc_mrr_at_100_diff1": 0.22593937596242314,
        "nauc_mrr_at_100_max": 0.368935258157397,
        "nauc_mrr_at_100_std": 0.13852924783615106,
        "nauc_mrr_at_10_diff1": 0.2281544465027132,
        "nauc_mrr_at_10_max": 0.36690468347083116,
        "nauc_mrr_at_10_std": 0.13787607435228183,
        "nauc_mrr_at_1_diff1": 0.2822752261985655,
        "nauc_mrr_at_1_max": 0.3478991402156551,
        "nauc_mrr_at_1_std": 0.09986435362672509,
        "nauc_mrr_at_20_diff1": 0.22449072083398472,
        "nauc_mrr_at_20_max": 0.367727949851346,
        "nauc_mrr_at_20_std": 0.13877188298010684,
        "nauc_mrr_at_3_diff1": 0.23520378464734842,
        "nauc_mrr_at_3_max": 0.3497291964009873,
        "nauc_mrr_at_3_std": 0.12814543112429844,
        "nauc_mrr_at_5_diff1": 0.22278570552241406,
        "nauc_mrr_at_5_max": 0.3584412969370413,
        "nauc_mrr_at_5_std": 0.13029873342206622,
        "nauc_ndcg_at_1000_diff1": 0.13584184724514906,
        "nauc_ndcg_at_1000_max": 0.47504895832771055,
        "nauc_ndcg_at_1000_std": 0.3114769909673485,
        "nauc_ndcg_at_100_diff1": 0.13842389055761933,
        "nauc_ndcg_at_100_max": 0.4090676174030802,
        "nauc_ndcg_at_100_std": 0.23193803861658022,
        "nauc_ndcg_at_10_diff1": 0.14280008668918548,
        "nauc_ndcg_at_10_max": 0.37348347918509356,
        "nauc_ndcg_at_10_std": 0.22312941232444308,
        "nauc_ndcg_at_1_diff1": 0.2771275588207986,
        "nauc_ndcg_at_1_max": 0.3294573515096514,
        "nauc_ndcg_at_1_std": 0.10555897224397616,
        "nauc_ndcg_at_20_diff1": 0.1508340110058297,
        "nauc_ndcg_at_20_max": 0.3802506805573108,
        "nauc_ndcg_at_20_std": 0.22337530882549136,
        "nauc_ndcg_at_3_diff1": 0.14975766635740523,
        "nauc_ndcg_at_3_max": 0.3270348319923113,
        "nauc_ndcg_at_3_std": 0.1588283200819622,
        "nauc_ndcg_at_5_diff1": 0.12516227996009183,
        "nauc_ndcg_at_5_max": 0.3484155098123254,
        "nauc_ndcg_at_5_std": 0.1849837561621579,
        "nauc_precision_at_1000_diff1": -0.07665193843499145,
        "nauc_precision_at_1000_max": 0.08720668639279282,
        "nauc_precision_at_1000_std": 0.2044599158601501,
        "nauc_precision_at_100_diff1": -0.023333726944944472,
        "nauc_precision_at_100_max": 0.25173408495510785,
        "nauc_precision_at_100_std": 0.36611746912612064,
        "nauc_precision_at_10_diff1": 0.05276111654802532,
        "nauc_precision_at_10_max": 0.3763282720029747,
        "nauc_precision_at_10_std": 0.34155148140380853,
        "nauc_precision_at_1_diff1": 0.2822752261985655,
        "nauc_precision_at_1_max": 0.3478991402156551,
        "nauc_precision_at_1_std": 0.09986435362672509,
        "nauc_precision_at_20_diff1": 0.035905180425870785,
        "nauc_precision_at_20_max": 0.3624662548650214,
        "nauc_precision_at_20_std": 0.36122129314631335,
        "nauc_precision_at_3_diff1": 0.09331728337290299,
        "nauc_precision_at_3_max": 0.3423721393787727,
        "nauc_precision_at_3_std": 0.21124349361002176,
        "nauc_precision_at_5_diff1": 0.03521617173342907,
        "nauc_precision_at_5_max": 0.3648420830415192,
        "nauc_precision_at_5_std": 0.2673824393008108,
        "nauc_recall_at_1000_diff1": 0.049369079525479094,
        "nauc_recall_at_1000_max": 0.25872558429477455,
        "nauc_recall_at_1000_std": 0.25439661399986246,
        "nauc_recall_at_100_diff1": 0.06548720945295297,
        "nauc_recall_at_100_max": 0.24502843442991148,
        "nauc_recall_at_100_std": 0.16735825587805447,
        "nauc_recall_at_10_diff1": 0.11835699184535281,
        "nauc_recall_at_10_max": 0.2644970606277389,
        "nauc_recall_at_10_std": 0.09383820095051879,
        "nauc_recall_at_1_diff1": 0.2119082434746835,
        "nauc_recall_at_1_max": 0.21200747020163427,
        "nauc_recall_at_1_std": -0.11539079511216944,
        "nauc_recall_at_20_diff1": 0.10149898294658867,
        "nauc_recall_at_20_max": 0.23549103833783777,
        "nauc_recall_at_20_std": 0.12047927995655837,
        "nauc_recall_at_3_diff1": 0.17307054436501565,
        "nauc_recall_at_3_max": 0.2607148848283797,
        "nauc_recall_at_3_std": -0.02864841718360316,
        "nauc_recall_at_5_diff1": 0.09688660862018891,
        "nauc_recall_at_5_max": 0.23249166905576094,
        "nauc_recall_at_5_std": 0.01204020860690564,
        "ndcg_at_1": 0.26161,
        "ndcg_at_10": 0.19675,
        "ndcg_at_100": 0.19012,
        "ndcg_at_1000": 0.28837,
        "ndcg_at_20": 0.18315,
        "ndcg_at_3": 0.2336,
        "ndcg_at_5": 0.21355,
        "precision_at_1": 0.27864,
        "precision_at_10": 0.15108,
        "precision_at_100": 0.0513,
        "precision_at_1000": 0.01801,
        "precision_at_20": 0.11022,
        "precision_at_3": 0.22291,
        "precision_at_5": 0.18514,
        "recall_at_1": 0.02794,
        "recall_at_10": 0.0922,
        "recall_at_100": 0.21573,
        "recall_at_1000": 0.55809,
        "recall_at_20": 0.1204,
        "recall_at_3": 0.05166,
        "recall_at_5": 0.068
      }
    ]
  },
  "task_name": "NFCorpus"
}