{
  "dataset_revision": "ec0fa4fe99da2ff19ca1214b7966684033a58814",
  "evaluation_time": 2.988137722015381,
  "kg_co2_emissions": null,
  "mteb_version": "1.14.12",
  "scores": {
    "test": [
      {
        "hf_subset": "default",
        "languages": [
          "eng-Latn"
        ],
        "main_score": 0.12931,
        "map_at_1": 0.01593,
        "map_at_10": 0.03781,
        "map_at_100": 0.04957,
        "map_at_1000": 0.05974,
        "map_at_20": 0.04208,
        "map_at_3": 0.02879,
        "map_at_5": 0.03306,
        "mrr_at_1": 0.19814241486068113,
        "mrr_at_10": 0.2727959604894588,
        "mrr_at_100": 0.2826288026640255,
        "mrr_at_1000": 0.28353597613975523,
        "mrr_at_20": 0.27817907003296494,
        "mrr_at_3": 0.2549019607843136,
        "mrr_at_5": 0.2663570691434468,
        "nauc_map_at_1000_diff1": 0.23119458762262304,
        "nauc_map_at_1000_max": 0.35432923993268906,
        "nauc_map_at_1000_std": 0.04261947882337326,
        "nauc_map_at_100_diff1": 0.2523472765533406,
        "nauc_map_at_100_max": 0.36095584262448704,
        "nauc_map_at_100_std": 0.04563552231300849,
        "nauc_map_at_10_diff1": 0.26407499047545546,
        "nauc_map_at_10_max": 0.3515722270655342,
        "nauc_map_at_10_std": 0.039126440608002216,
        "nauc_map_at_1_diff1": 0.3895901386083852,
        "nauc_map_at_1_max": 0.28961246643345956,
        "nauc_map_at_1_std": -0.04748740070752589,
        "nauc_map_at_20_diff1": 0.26274374796693606,
        "nauc_map_at_20_max": 0.3555753071373831,
        "nauc_map_at_20_std": 0.039208170994978024,
        "nauc_map_at_3_diff1": 0.29363157379651766,
        "nauc_map_at_3_max": 0.29755735715313997,
        "nauc_map_at_3_std": -0.004064852550728714,
        "nauc_map_at_5_diff1": 0.2765722919286701,
        "nauc_map_at_5_max": 0.32674569797317377,
        "nauc_map_at_5_std": 0.026505368993658646,
        "nauc_mrr_at_1000_diff1": 0.25125255566065474,
        "nauc_mrr_at_1000_max": 0.38413329388551787,
        "nauc_mrr_at_1000_std": -0.02704105464770192,
        "nauc_mrr_at_100_diff1": 0.25129400648217437,
        "nauc_mrr_at_100_max": 0.3840946499726354,
        "nauc_mrr_at_100_std": -0.026447073193646923,
        "nauc_mrr_at_10_diff1": 0.2525837247717736,
        "nauc_mrr_at_10_max": 0.3825001810427495,
        "nauc_mrr_at_10_std": -0.0180415111974625,
        "nauc_mrr_at_1_diff1": 0.3024817346670224,
        "nauc_mrr_at_1_max": 0.39048751169182205,
        "nauc_mrr_at_1_std": -0.03097309712998082,
        "nauc_mrr_at_20_diff1": 0.25109245826805043,
        "nauc_mrr_at_20_max": 0.3822653981415055,
        "nauc_mrr_at_20_std": -0.026805453501085298,
        "nauc_mrr_at_3_diff1": 0.24856973720946218,
        "nauc_mrr_at_3_max": 0.38320949618633465,
        "nauc_mrr_at_3_std": -0.008464295505582305,
        "nauc_mrr_at_5_diff1": 0.2433347149866754,
        "nauc_mrr_at_5_max": 0.3836289048677117,
        "nauc_mrr_at_5_std": -0.0182662694346331,
        "nauc_ndcg_at_1000_diff1": 0.23710197001734998,
        "nauc_ndcg_at_1000_max": 0.4097916601149507,
        "nauc_ndcg_at_1000_std": -0.020686170797111905,
        "nauc_ndcg_at_100_diff1": 0.25006725922494444,
        "nauc_ndcg_at_100_max": 0.3893307558264902,
        "nauc_ndcg_at_100_std": -0.008272961009757053,
        "nauc_ndcg_at_10_diff1": 0.24665983754894827,
        "nauc_ndcg_at_10_max": 0.401217180954436,
        "nauc_ndcg_at_10_std": 0.04820639448558106,
        "nauc_ndcg_at_1_diff1": 0.3226503388765897,
        "nauc_ndcg_at_1_max": 0.3715275242408876,
        "nauc_ndcg_at_1_std": 0.016295353849701797,
        "nauc_ndcg_at_20_diff1": 0.2417749836964174,
        "nauc_ndcg_at_20_max": 0.37718108650066123,
        "nauc_ndcg_at_20_std": 0.01720757804897298,
        "nauc_ndcg_at_3_diff1": 0.24032481565991048,
        "nauc_ndcg_at_3_max": 0.39037973242923846,
        "nauc_ndcg_at_3_std": 0.036672497192018864,
        "nauc_ndcg_at_5_diff1": 0.23856833193268193,
        "nauc_ndcg_at_5_max": 0.4043899511430019,
        "nauc_ndcg_at_5_std": 0.04613558089094671,
        "nauc_precision_at_1000_diff1": -0.07268993159160897,
        "nauc_precision_at_1000_max": 0.047153198182374886,
        "nauc_precision_at_1000_std": -0.07959104769127749,
        "nauc_precision_at_100_diff1": 0.03739425887048522,
        "nauc_precision_at_100_max": 0.19408537192183403,
        "nauc_precision_at_100_std": -0.010473515580563291,
        "nauc_precision_at_10_diff1": 0.1539010015050447,
        "nauc_precision_at_10_max": 0.38569853694410394,
        "nauc_precision_at_10_std": 0.07546236681191153,
        "nauc_precision_at_1_diff1": 0.28809690239290603,
        "nauc_precision_at_1_max": 0.3779896714573796,
        "nauc_precision_at_1_std": -0.011990683332705355,
        "nauc_precision_at_20_diff1": 0.11609977569326405,
        "nauc_precision_at_20_max": 0.299833947590685,
        "nauc_precision_at_20_std": 0.023519927291853364,
        "nauc_precision_at_3_diff1": 0.18490952013494433,
        "nauc_precision_at_3_max": 0.4142101654382134,
        "nauc_precision_at_3_std": 0.04303042994846567,
        "nauc_precision_at_5_diff1": 0.1563074114538435,
        "nauc_precision_at_5_max": 0.40505589979684,
        "nauc_precision_at_5_std": 0.0659941162544877,
        "nauc_recall_at_1000_diff1": 0.1899001651477616,
        "nauc_recall_at_1000_max": 0.23623843598010602,
        "nauc_recall_at_1000_std": -0.07800654042447866,
        "nauc_recall_at_100_diff1": 0.18315505256176398,
        "nauc_recall_at_100_max": 0.2140479668276805,
        "nauc_recall_at_100_std": -0.06331985292219498,
        "nauc_recall_at_10_diff1": 0.20182786536223293,
        "nauc_recall_at_10_max": 0.31834774296408763,
        "nauc_recall_at_10_std": 0.025043068851845804,
        "nauc_recall_at_1_diff1": 0.3895901386083852,
        "nauc_recall_at_1_max": 0.28961246643345956,
        "nauc_recall_at_1_std": -0.04748740070752589,
        "nauc_recall_at_20_diff1": 0.20505545477289852,
        "nauc_recall_at_20_max": 0.3035657519056218,
        "nauc_recall_at_20_std": -0.008304393045380538,
        "nauc_recall_at_3_diff1": 0.2291334367115027,
        "nauc_recall_at_3_max": 0.28060861628826805,
        "nauc_recall_at_3_std": 0.005006900622240184,
        "nauc_recall_at_5_diff1": 0.2178424548330629,
        "nauc_recall_at_5_max": 0.31851346605514025,
        "nauc_recall_at_5_std": 0.03978318458820403,
        "ndcg_at_1": 0.18731,
        "ndcg_at_10": 0.12931,
        "ndcg_at_100": 0.13943,
        "ndcg_at_1000": 0.23797,
        "ndcg_at_20": 0.12418,
        "ndcg_at_3": 0.15977,
        "ndcg_at_5": 0.14726,
        "precision_at_1": 0.20124,
        "precision_at_10": 0.0969,
        "precision_at_100": 0.0409,
        "precision_at_1000": 0.0167,
        "precision_at_20": 0.07601,
        "precision_at_3": 0.1548,
        "precision_at_5": 0.13065,
        "recall_at_1": 0.01593,
        "recall_at_10": 0.05824,
        "recall_at_100": 0.16927,
        "recall_at_1000": 0.50705,
        "recall_at_20": 0.07839,
        "recall_at_3": 0.03667,
        "recall_at_5": 0.04484
      }
    ]
  },
  "task_name": "NFCorpus"
}