{
  "dataset_revision": "ec0fa4fe99da2ff19ca1214b7966684033a58814",
  "evaluation_time": 3.0381557941436768,
  "kg_co2_emissions": null,
  "mteb_version": "1.14.12",
  "scores": {
    "test": [
      {
        "hf_subset": "default",
        "languages": [
          "eng-Latn"
        ],
        "main_score": 0.18868,
        "map_at_1": 0.0251,
        "map_at_10": 0.05786,
        "map_at_100": 0.0749,
        "map_at_1000": 0.08535,
        "map_at_20": 0.065,
        "map_at_3": 0.04065,
        "map_at_5": 0.04815,
        "mrr_at_1": 0.2631578947368421,
        "mrr_at_10": 0.3412157845594379,
        "mrr_at_100": 0.35070634780670834,
        "mrr_at_1000": 0.3515087784822067,
        "mrr_at_20": 0.3464823571925864,
        "mrr_at_3": 0.31372549019607837,
        "mrr_at_5": 0.33214654282765743,
        "nauc_map_at_1000_diff1": 0.1634141064426381,
        "nauc_map_at_1000_max": 0.2743922571597772,
        "nauc_map_at_1000_std": 0.1285170791794303,
        "nauc_map_at_100_diff1": 0.17021598217791728,
        "nauc_map_at_100_max": 0.2562615203106263,
        "nauc_map_at_100_std": 0.11429108966698004,
        "nauc_map_at_10_diff1": 0.1914786054869759,
        "nauc_map_at_10_max": 0.23056427018857426,
        "nauc_map_at_10_std": 0.05978990316529761,
        "nauc_map_at_1_diff1": 0.29304326284342425,
        "nauc_map_at_1_max": 0.20350488843048103,
        "nauc_map_at_1_std": -0.13807719708554694,
        "nauc_map_at_20_diff1": 0.17638900302616609,
        "nauc_map_at_20_max": 0.24530026128741186,
        "nauc_map_at_20_std": 0.07941568294389428,
        "nauc_map_at_3_diff1": 0.23104794149689425,
        "nauc_map_at_3_max": 0.18855094029866457,
        "nauc_map_at_3_std": -0.01007658850918652,
        "nauc_map_at_5_diff1": 0.21070274838898279,
        "nauc_map_at_5_max": 0.18781319322450624,
        "nauc_map_at_5_std": 0.021661366540908264,
        "nauc_mrr_at_1000_diff1": 0.24337554740769718,
        "nauc_mrr_at_1000_max": 0.3127635556892873,
        "nauc_mrr_at_1000_std": 0.020946649438173197,
        "nauc_mrr_at_100_diff1": 0.24282359742763138,
        "nauc_mrr_at_100_max": 0.31333130996289627,
        "nauc_mrr_at_100_std": 0.020981704229397928,
        "nauc_mrr_at_10_diff1": 0.2469833951783669,
        "nauc_mrr_at_10_max": 0.3073799637348834,
        "nauc_mrr_at_10_std": 0.021983199702904358,
        "nauc_mrr_at_1_diff1": 0.31358448285337365,
        "nauc_mrr_at_1_max": 0.2922486364329414,
        "nauc_mrr_at_1_std": 0.006099463567551496,
        "nauc_mrr_at_20_diff1": 0.24330710399664054,
        "nauc_mrr_at_20_max": 0.31069004829178715,
        "nauc_mrr_at_20_std": 0.020865853216890117,
        "nauc_mrr_at_3_diff1": 0.269596106334701,
        "nauc_mrr_at_3_max": 0.2925007313720608,
        "nauc_mrr_at_3_std": 0.02950617659121351,
        "nauc_mrr_at_5_diff1": 0.25251893537771525,
        "nauc_mrr_at_5_max": 0.30350652582180176,
        "nauc_mrr_at_5_std": 0.021895572139350495,
        "nauc_ndcg_at_1000_diff1": 0.13498012303852247,
        "nauc_ndcg_at_1000_max": 0.39709359307136444,
        "nauc_ndcg_at_1000_std": 0.1394023996538061,
        "nauc_ndcg_at_100_diff1": 0.1346555451720243,
        "nauc_ndcg_at_100_max": 0.32086667566084087,
        "nauc_ndcg_at_100_std": 0.12691477770327408,
        "nauc_ndcg_at_10_diff1": 0.1675956715345513,
        "nauc_ndcg_at_10_max": 0.2844965519092462,
        "nauc_ndcg_at_10_std": 0.1223978856859214,
        "nauc_ndcg_at_1_diff1": 0.3186710276517044,
        "nauc_ndcg_at_1_max": 0.2718430942535258,
        "nauc_ndcg_at_1_std": 0.012379058056133315,
        "nauc_ndcg_at_20_diff1": 0.15748498808224015,
        "nauc_ndcg_at_20_max": 0.2967652270058459,
        "nauc_ndcg_at_20_std": 0.11748982833363329,
        "nauc_ndcg_at_3_diff1": 0.20972064090878595,
        "nauc_ndcg_at_3_max": 0.2409487810052398,
        "nauc_ndcg_at_3_std": 0.09803155735797364,
        "nauc_ndcg_at_5_diff1": 0.19000657861840972,
        "nauc_ndcg_at_5_max": 0.24716075808608093,
        "nauc_ndcg_at_5_std": 0.11083874851643716,
        "nauc_precision_at_1000_diff1": -0.028025920980541786,
        "nauc_precision_at_1000_max": 0.13131604833161206,
        "nauc_precision_at_1000_std": 0.0784212339444823,
        "nauc_precision_at_100_diff1": 0.034563771874510485,
        "nauc_precision_at_100_max": 0.23093684414897103,
        "nauc_precision_at_100_std": 0.20655619137068715,
        "nauc_precision_at_10_diff1": 0.0786364106958481,
        "nauc_precision_at_10_max": 0.2932796125032338,
        "nauc_precision_at_10_std": 0.18724302532627476,
        "nauc_precision_at_1_diff1": 0.31358448285337365,
        "nauc_precision_at_1_max": 0.2922486364329414,
        "nauc_precision_at_1_std": 0.006099463567551496,
        "nauc_precision_at_20_diff1": 0.05653530218111776,
        "nauc_precision_at_20_max": 0.28980860360304894,
        "nauc_precision_at_20_std": 0.20372984224761703,
        "nauc_precision_at_3_diff1": 0.14042226608524525,
        "nauc_precision_at_3_max": 0.2600008210477823,
        "nauc_precision_at_3_std": 0.13350652018657125,
        "nauc_precision_at_5_diff1": 0.11328888473409092,
        "nauc_precision_at_5_max": 0.2615774148625329,
        "nauc_precision_at_5_std": 0.15598470014726773,
        "nauc_recall_at_1000_diff1": 0.008590205502945326,
        "nauc_recall_at_1000_max": 0.22187510419882678,
        "nauc_recall_at_1000_std": 0.1206718551846265,
        "nauc_recall_at_100_diff1": 0.006678266391741468,
        "nauc_recall_at_100_max": 0.19460278651745413,
        "nauc_recall_at_100_std": 0.14255709837387595,
        "nauc_recall_at_10_diff1": 0.09540362494075615,
        "nauc_recall_at_10_max": 0.2047096590281729,
        "nauc_recall_at_10_std": 0.08065364379208159,
        "nauc_recall_at_1_diff1": 0.29304326284342425,
        "nauc_recall_at_1_max": 0.20350488843048103,
        "nauc_recall_at_1_std": -0.13807719708554694,
        "nauc_recall_at_20_diff1": 0.05382925032965552,
        "nauc_recall_at_20_max": 0.2055119182214624,
        "nauc_recall_at_20_std": 0.07227759882896151,
        "nauc_recall_at_3_diff1": 0.17224185149356158,
        "nauc_recall_at_3_max": 0.144538091919784,
        "nauc_recall_at_3_std": 0.015158111020393892,
        "nauc_recall_at_5_diff1": 0.12643964339339314,
        "nauc_recall_at_5_max": 0.1420241352063317,
        "nauc_recall_at_5_std": 0.04087745780683276,
        "ndcg_at_1": 0.24613,
        "ndcg_at_10": 0.18868,
        "ndcg_at_100": 0.18342,
        "ndcg_at_1000": 0.28029,
        "ndcg_at_20": 0.17692,
        "ndcg_at_3": 0.21381,
        "ndcg_at_5": 0.20339,
        "precision_at_1": 0.26316,
        "precision_at_10": 0.14644,
        "precision_at_100": 0.04988,
        "precision_at_1000": 0.01761,
        "precision_at_20": 0.10759,
        "precision_at_3": 0.20124,
        "precision_at_5": 0.17895,
        "recall_at_1": 0.0251,
        "recall_at_10": 0.08808,
        "recall_at_100": 0.2092,
        "recall_at_1000": 0.54897,
        "recall_at_20": 0.11852,
        "recall_at_3": 0.04843,
        "recall_at_5": 0.06356
      }
    ]
  },
  "task_name": "NFCorpus"
}