{
  "dataset_revision": "ec0fa4fe99da2ff19ca1214b7966684033a58814",
  "evaluation_time": 3.027184247970581,
  "kg_co2_emissions": null,
  "mteb_version": "1.14.12",
  "scores": {
    "test": [
      {
        "hf_subset": "default",
        "languages": [
          "eng-Latn"
        ],
        "main_score": 0.12863,
        "map_at_1": 0.01739,
        "map_at_10": 0.0373,
        "map_at_100": 0.05063,
        "map_at_1000": 0.06105,
        "map_at_20": 0.04199,
        "map_at_3": 0.02645,
        "map_at_5": 0.0321,
        "mrr_at_1": 0.17956656346749225,
        "mrr_at_10": 0.2584414467541403,
        "mrr_at_100": 0.2683323160527865,
        "mrr_at_1000": 0.2693725354923675,
        "mrr_at_20": 0.26410655016507667,
        "mrr_at_3": 0.23477812177502583,
        "mrr_at_5": 0.24824561403508777,
        "nauc_map_at_1000_diff1": 0.17186236265404223,
        "nauc_map_at_1000_max": 0.2893893713276671,
        "nauc_map_at_1000_std": 0.12673493061686475,
        "nauc_map_at_100_diff1": 0.1888099646629003,
        "nauc_map_at_100_max": 0.27707694909738556,
        "nauc_map_at_100_std": 0.10178276566250585,
        "nauc_map_at_10_diff1": 0.23143595366054837,
        "nauc_map_at_10_max": 0.25588093313681826,
        "nauc_map_at_10_std": 0.037469794038200006,
        "nauc_map_at_1_diff1": 0.35337761185795485,
        "nauc_map_at_1_max": 0.180539226698617,
        "nauc_map_at_1_std": -0.05177749423864284,
        "nauc_map_at_20_diff1": 0.21632140411758463,
        "nauc_map_at_20_max": 0.2613708214980429,
        "nauc_map_at_20_std": 0.060129407178401116,
        "nauc_map_at_3_diff1": 0.2707427887876777,
        "nauc_map_at_3_max": 0.21572757021875527,
        "nauc_map_at_3_std": -0.0032611442347012277,
        "nauc_map_at_5_diff1": 0.23992003826341718,
        "nauc_map_at_5_max": 0.23513881257332922,
        "nauc_map_at_5_std": 0.016551251640812732,
        "nauc_mrr_at_1000_diff1": 0.04966180580503385,
        "nauc_mrr_at_1000_max": 0.2848450502450106,
        "nauc_mrr_at_1000_std": 0.14831214061814932,
        "nauc_mrr_at_100_diff1": 0.049851159215917276,
        "nauc_mrr_at_100_max": 0.2851748963332926,
        "nauc_mrr_at_100_std": 0.14885994218830118,
        "nauc_mrr_at_10_diff1": 0.05251304051187394,
        "nauc_mrr_at_10_max": 0.27390500914781657,
        "nauc_mrr_at_10_std": 0.14841482502575018,
        "nauc_mrr_at_1_diff1": 0.05860621060873901,
        "nauc_mrr_at_1_max": 0.2761092465421748,
        "nauc_mrr_at_1_std": 0.20333394951255085,
        "nauc_mrr_at_20_diff1": 0.05020809547080135,
        "nauc_mrr_at_20_max": 0.28361958350164174,
        "nauc_mrr_at_20_std": 0.14939277478099877,
        "nauc_mrr_at_3_diff1": 0.0507917044851374,
        "nauc_mrr_at_3_max": 0.2641144919897959,
        "nauc_mrr_at_3_std": 0.15057787250558963,
        "nauc_mrr_at_5_diff1": 0.04456273571263946,
        "nauc_mrr_at_5_max": 0.2697951664396903,
        "nauc_mrr_at_5_std": 0.14295790943823786,
        "nauc_ndcg_at_1000_diff1": 0.08235027696151458,
        "nauc_ndcg_at_1000_max": 0.37172885763371355,
        "nauc_ndcg_at_1000_std": 0.15430495928250196,
        "nauc_ndcg_at_100_diff1": 0.1073521754641999,
        "nauc_ndcg_at_100_max": 0.32402415912742905,
        "nauc_ndcg_at_100_std": 0.15513085091306378,
        "nauc_ndcg_at_10_diff1": 0.07972904380963979,
        "nauc_ndcg_at_10_max": 0.32658165641279685,
        "nauc_ndcg_at_10_std": 0.17080785725662345,
        "nauc_ndcg_at_1_diff1": 0.07944513020953764,
        "nauc_ndcg_at_1_max": 0.28370007714676115,
        "nauc_ndcg_at_1_std": 0.2124166773224765,
        "nauc_ndcg_at_20_diff1": 0.10885619870136458,
        "nauc_ndcg_at_20_max": 0.320918390134091,
        "nauc_ndcg_at_20_std": 0.15724455401996495,
        "nauc_ndcg_at_3_diff1": 0.054412554793355696,
        "nauc_ndcg_at_3_max": 0.286573609609567,
        "nauc_ndcg_at_3_std": 0.20030402496680394,
        "nauc_ndcg_at_5_diff1": 0.05484663430585455,
        "nauc_ndcg_at_5_max": 0.30206412027269375,
        "nauc_ndcg_at_5_std": 0.18108172380961893,
        "nauc_precision_at_1000_diff1": -0.04370025644773166,
        "nauc_precision_at_1000_max": 0.11195254292147298,
        "nauc_precision_at_1000_std": 0.12182433048952918,
        "nauc_precision_at_100_diff1": -0.0037122150883743973,
        "nauc_precision_at_100_max": 0.24897965068220346,
        "nauc_precision_at_100_std": 0.2522955244740964,
        "nauc_precision_at_10_diff1": -0.019895908071189586,
        "nauc_precision_at_10_max": 0.3550532779459078,
        "nauc_precision_at_10_std": 0.22109684176432082,
        "nauc_precision_at_1_diff1": 0.05860621060873901,
        "nauc_precision_at_1_max": 0.2761092465421748,
        "nauc_precision_at_1_std": 0.20333394951255085,
        "nauc_precision_at_20_diff1": -0.004913418154194465,
        "nauc_precision_at_20_max": 0.32615095553668366,
        "nauc_precision_at_20_std": 0.24177783161039593,
        "nauc_precision_at_3_diff1": 0.03407875890440206,
        "nauc_precision_at_3_max": 0.32117889525026766,
        "nauc_precision_at_3_std": 0.2180553878387175,
        "nauc_precision_at_5_diff1": 0.0015699858538416591,
        "nauc_precision_at_5_max": 0.3253074784484983,
        "nauc_precision_at_5_std": 0.2042970266087336,
        "nauc_recall_at_1000_diff1": 0.08070806573773921,
        "nauc_recall_at_1000_max": 0.2367192144346297,
        "nauc_recall_at_1000_std": 0.048020902506491464,
        "nauc_recall_at_100_diff1": 0.060767540614916085,
        "nauc_recall_at_100_max": 0.1962369312051965,
        "nauc_recall_at_100_std": 0.08453869876114191,
        "nauc_recall_at_10_diff1": 0.2273626956670256,
        "nauc_recall_at_10_max": 0.22592740688082621,
        "nauc_recall_at_10_std": 0.01639519612604583,
        "nauc_recall_at_1_diff1": 0.35337761185795485,
        "nauc_recall_at_1_max": 0.180539226698617,
        "nauc_recall_at_1_std": -0.05177749423864284,
        "nauc_recall_at_20_diff1": 0.19644287948310715,
        "nauc_recall_at_20_max": 0.22072086586200249,
        "nauc_recall_at_20_std": 0.04474589656868544,
        "nauc_recall_at_3_diff1": 0.2448386437942629,
        "nauc_recall_at_3_max": 0.20841541096976,
        "nauc_recall_at_3_std": -0.01574518107359832,
        "nauc_recall_at_5_diff1": 0.2060518545171039,
        "nauc_recall_at_5_max": 0.2337190608789901,
        "nauc_recall_at_5_std": -0.023653502689147947,
        "ndcg_at_1": 0.17028,
        "ndcg_at_10": 0.12863,
        "ndcg_at_100": 0.14314,
        "ndcg_at_1000": 0.24531,
        "ndcg_at_20": 0.12533,
        "ndcg_at_3": 0.15021,
        "ndcg_at_5": 0.14298,
        "precision_at_1": 0.17957,
        "precision_at_10": 0.09845,
        "precision_at_100": 0.04105,
        "precision_at_1000": 0.01707,
        "precision_at_20": 0.07802,
        "precision_at_3": 0.14654,
        "precision_at_5": 0.13003,
        "recall_at_1": 0.01739,
        "recall_at_10": 0.06243,
        "recall_at_100": 0.18262,
        "recall_at_1000": 0.52923,
        "recall_at_20": 0.08865,
        "recall_at_3": 0.03176,
        "recall_at_5": 0.04487
      }
    ]
  },
  "task_name": "NFCorpus"
}