{
  "dataset_revision": "ec0fa4fe99da2ff19ca1214b7966684033a58814",
  "evaluation_time": 3.0317323207855225,
  "kg_co2_emissions": null,
  "mteb_version": "1.14.12",
  "scores": {
    "test": [
      {
        "hf_subset": "default",
        "languages": [
          "eng-Latn"
        ],
        "main_score": 0.25996,
        "map_at_1": 0.03721,
        "map_at_10": 0.08843,
        "map_at_100": 0.11167,
        "map_at_1000": 0.12413,
        "map_at_20": 0.09782,
        "map_at_3": 0.06628,
        "map_at_5": 0.0755,
        "mrr_at_1": 0.3684210526315789,
        "mrr_at_10": 0.4498882008943927,
        "mrr_at_100": 0.45620268436017003,
        "mrr_at_1000": 0.456863040528765,
        "mrr_at_20": 0.4531170823854305,
        "mrr_at_3": 0.43085655314757487,
        "mrr_at_5": 0.4385964912280702,
        "nauc_map_at_1000_diff1": 0.2738128789443347,
        "nauc_map_at_1000_max": 0.3484924676747385,
        "nauc_map_at_1000_std": 0.25155300812848175,
        "nauc_map_at_100_diff1": 0.2897399191447886,
        "nauc_map_at_100_max": 0.33864465518882036,
        "nauc_map_at_100_std": 0.22241801520927057,
        "nauc_map_at_10_diff1": 0.3044468712327111,
        "nauc_map_at_10_max": 0.29430128068721245,
        "nauc_map_at_10_std": 0.11834512301044968,
        "nauc_map_at_1_diff1": 0.4093334371314442,
        "nauc_map_at_1_max": 0.1411353579279575,
        "nauc_map_at_1_std": -0.04346493912051085,
        "nauc_map_at_20_diff1": 0.30565289641250554,
        "nauc_map_at_20_max": 0.3180831662803731,
        "nauc_map_at_20_std": 0.16910381372643668,
        "nauc_map_at_3_diff1": 0.3656906817794457,
        "nauc_map_at_3_max": 0.2415866696184438,
        "nauc_map_at_3_std": 0.029589538225873808,
        "nauc_map_at_5_diff1": 0.33103298605994336,
        "nauc_map_at_5_max": 0.25590301967091605,
        "nauc_map_at_5_std": 0.07044478180302481,
        "nauc_mrr_at_1000_diff1": 0.31716893728048623,
        "nauc_mrr_at_1000_max": 0.39410126239722737,
        "nauc_mrr_at_1000_std": 0.20280282161472532,
        "nauc_mrr_at_100_diff1": 0.3169947157276518,
        "nauc_mrr_at_100_max": 0.39452332946914653,
        "nauc_mrr_at_100_std": 0.2034255531451385,
        "nauc_mrr_at_10_diff1": 0.31769058631674585,
        "nauc_mrr_at_10_max": 0.3908568263604113,
        "nauc_mrr_at_10_std": 0.2000476042390604,
        "nauc_mrr_at_1_diff1": 0.3395297682482629,
        "nauc_mrr_at_1_max": 0.32714846559374194,
        "nauc_mrr_at_1_std": 0.11045571162439848,
        "nauc_mrr_at_20_diff1": 0.316482128870073,
        "nauc_mrr_at_20_max": 0.39438074600991774,
        "nauc_mrr_at_20_std": 0.20194207587257465,
        "nauc_mrr_at_3_diff1": 0.3159539450169513,
        "nauc_mrr_at_3_max": 0.37811978167235966,
        "nauc_mrr_at_3_std": 0.18691890373485862,
        "nauc_mrr_at_5_diff1": 0.3143142535521369,
        "nauc_mrr_at_5_max": 0.3848256867877815,
        "nauc_mrr_at_5_std": 0.19436215163699697,
        "nauc_ndcg_at_1000_diff1": 0.25569269880294593,
        "nauc_ndcg_at_1000_max": 0.47572871923275906,
        "nauc_ndcg_at_1000_std": 0.3872693403930904,
        "nauc_ndcg_at_100_diff1": 0.2525410107809503,
        "nauc_ndcg_at_100_max": 0.4059897963083864,
        "nauc_ndcg_at_100_std": 0.3156730074262161,
        "nauc_ndcg_at_10_diff1": 0.20375384103766392,
        "nauc_ndcg_at_10_max": 0.37447850101175695,
        "nauc_ndcg_at_10_std": 0.26821574748149907,
        "nauc_ndcg_at_1_diff1": 0.32797405123910034,
        "nauc_ndcg_at_1_max": 0.3034644062328304,
        "nauc_ndcg_at_1_std": 0.10513384420206577,
        "nauc_ndcg_at_20_diff1": 0.21779685014394187,
        "nauc_ndcg_at_20_max": 0.37840065400279116,
        "nauc_ndcg_at_20_std": 0.2834859987266257,
        "nauc_ndcg_at_3_diff1": 0.24236502688840675,
        "nauc_ndcg_at_3_max": 0.3676574000437361,
        "nauc_ndcg_at_3_std": 0.20002204896704098,
        "nauc_ndcg_at_5_diff1": 0.21759551013099254,
        "nauc_ndcg_at_5_max": 0.37062653997236267,
        "nauc_ndcg_at_5_std": 0.2499376084892924,
        "nauc_precision_at_1000_diff1": -0.13498076242211676,
        "nauc_precision_at_1000_max": 0.05680001692986423,
        "nauc_precision_at_1000_std": 0.20266054127555816,
        "nauc_precision_at_100_diff1": -0.06611044710880393,
        "nauc_precision_at_100_max": 0.21282214919655823,
        "nauc_precision_at_100_std": 0.373138798867955,
        "nauc_precision_at_10_diff1": 0.037679505675809556,
        "nauc_precision_at_10_max": 0.37948445463566527,
        "nauc_precision_at_10_std": 0.38349049248724565,
        "nauc_precision_at_1_diff1": 0.3395297682482629,
        "nauc_precision_at_1_max": 0.32714846559374194,
        "nauc_precision_at_1_std": 0.11045571162439848,
        "nauc_precision_at_20_diff1": 0.0048284345809514705,
        "nauc_precision_at_20_max": 0.3374456844436757,
        "nauc_precision_at_20_std": 0.41185197672860063,
        "nauc_precision_at_3_diff1": 0.169493635116196,
        "nauc_precision_at_3_max": 0.40061192783455885,
        "nauc_precision_at_3_std": 0.27068289392817024,
        "nauc_precision_at_5_diff1": 0.09362713581232938,
        "nauc_precision_at_5_max": 0.3900571453261417,
        "nauc_precision_at_5_std": 0.33982066186338467,
        "nauc_recall_at_1000_diff1": 0.13020964877835625,
        "nauc_recall_at_1000_max": 0.27641756593088984,
        "nauc_recall_at_1000_std": 0.2966903968172784,
        "nauc_recall_at_100_diff1": 0.2105622496744035,
        "nauc_recall_at_100_max": 0.30510397773726555,
        "nauc_recall_at_100_std": 0.2699401082722807,
        "nauc_recall_at_10_diff1": 0.23513361508684993,
        "nauc_recall_at_10_max": 0.2400822791867698,
        "nauc_recall_at_10_std": 0.10308638576623866,
        "nauc_recall_at_1_diff1": 0.4093334371314442,
        "nauc_recall_at_1_max": 0.1411353579279575,
        "nauc_recall_at_1_std": -0.04346493912051085,
        "nauc_recall_at_20_diff1": 0.2526632728712001,
        "nauc_recall_at_20_max": 0.28910824796098145,
        "nauc_recall_at_20_std": 0.16436325092086107,
        "nauc_recall_at_3_diff1": 0.3455391964741735,
        "nauc_recall_at_3_max": 0.23346501536158376,
        "nauc_recall_at_3_std": 0.03534530919009922,
        "nauc_recall_at_5_diff1": 0.2887258721773125,
        "nauc_recall_at_5_max": 0.2243050616565581,
        "nauc_recall_at_5_std": 0.08435625132334987,
        "ndcg_at_1": 0.35294,
        "ndcg_at_10": 0.25996,
        "ndcg_at_100": 0.24311,
        "ndcg_at_1000": 0.336,
        "ndcg_at_20": 0.24141,
        "ndcg_at_3": 0.31032,
        "ndcg_at_5": 0.28538,
        "precision_at_1": 0.36842,
        "precision_at_10": 0.19071,
        "precision_at_100": 0.06464,
        "precision_at_1000": 0.0192,
        "precision_at_20": 0.14056,
        "precision_at_3": 0.29309,
        "precision_at_5": 0.24458,
        "recall_at_1": 0.03721,
        "recall_at_10": 0.12266,
        "recall_at_100": 0.25009,
        "recall_at_1000": 0.57945,
        "recall_at_20": 0.15288,
        "recall_at_3": 0.07522,
        "recall_at_5": 0.09115
      }
    ]
  },
  "task_name": "NFCorpus"
}