{
  "dataset_revision": "ec0fa4fe99da2ff19ca1214b7966684033a58814",
  "evaluation_time": 2.990410566329956,
  "kg_co2_emissions": null,
  "mteb_version": "1.14.12",
  "scores": {
    "test": [
      {
        "hf_subset": "default",
        "languages": [
          "eng-Latn"
        ],
        "main_score": 0.26996,
        "map_at_1": 0.04218,
        "map_at_10": 0.09227,
        "map_at_100": 0.11172,
        "map_at_1000": 0.12091,
        "map_at_20": 0.10057,
        "map_at_3": 0.06949,
        "map_at_5": 0.08067,
        "mrr_at_1": 0.37770897832817335,
        "mrr_at_10": 0.46023883237505514,
        "mrr_at_100": 0.46565787101103273,
        "mrr_at_1000": 0.4664536837045754,
        "mrr_at_20": 0.46279766957826257,
        "mrr_at_3": 0.4416924664602683,
        "mrr_at_5": 0.4519091847265222,
        "nauc_map_at_1000_diff1": 0.21019077548148207,
        "nauc_map_at_1000_max": 0.18306550506302874,
        "nauc_map_at_1000_std": 0.1374501434877038,
        "nauc_map_at_100_diff1": 0.22541781461556232,
        "nauc_map_at_100_max": 0.16834830010422017,
        "nauc_map_at_100_std": 0.12217886873629685,
        "nauc_map_at_10_diff1": 0.27343026084459077,
        "nauc_map_at_10_max": 0.14676303436050414,
        "nauc_map_at_10_std": 0.048069162833532963,
        "nauc_map_at_1_diff1": 0.39196146122517544,
        "nauc_map_at_1_max": 0.10470405356587134,
        "nauc_map_at_1_std": -0.10269928388176547,
        "nauc_map_at_20_diff1": 0.25079515051312573,
        "nauc_map_at_20_max": 0.15281109268124016,
        "nauc_map_at_20_std": 0.07999698606481612,
        "nauc_map_at_3_diff1": 0.29833472615317974,
        "nauc_map_at_3_max": 0.12484841536686313,
        "nauc_map_at_3_std": -0.015377627987103343,
        "nauc_map_at_5_diff1": 0.2843251548556204,
        "nauc_map_at_5_max": 0.13950574295349347,
        "nauc_map_at_5_std": 0.0007515219849365413,
        "nauc_mrr_at_1000_diff1": 0.2753147198805443,
        "nauc_mrr_at_1000_max": 0.27760902611076815,
        "nauc_mrr_at_1000_std": 0.12781964363650497,
        "nauc_mrr_at_100_diff1": 0.275355542432385,
        "nauc_mrr_at_100_max": 0.2779252170147185,
        "nauc_mrr_at_100_std": 0.12817474625195807,
        "nauc_mrr_at_10_diff1": 0.27610895066282554,
        "nauc_mrr_at_10_max": 0.2740584849564648,
        "nauc_mrr_at_10_std": 0.12699203064248027,
        "nauc_mrr_at_1_diff1": 0.29810427870270695,
        "nauc_mrr_at_1_max": 0.2329760982308766,
        "nauc_mrr_at_1_std": 0.10324965392202506,
        "nauc_mrr_at_20_diff1": 0.2769645462165402,
        "nauc_mrr_at_20_max": 0.27646889899873567,
        "nauc_mrr_at_20_std": 0.12783581451575965,
        "nauc_mrr_at_3_diff1": 0.2736928525617941,
        "nauc_mrr_at_3_max": 0.2627081232648118,
        "nauc_mrr_at_3_std": 0.11800185084701882,
        "nauc_mrr_at_5_diff1": 0.27935815203343933,
        "nauc_mrr_at_5_max": 0.27146430647385034,
        "nauc_mrr_at_5_std": 0.12278071756494852,
        "nauc_ndcg_at_1000_diff1": 0.19663871551063344,
        "nauc_ndcg_at_1000_max": 0.30236688374723114,
        "nauc_ndcg_at_1000_std": 0.22462527828435036,
        "nauc_ndcg_at_100_diff1": 0.19777930573534244,
        "nauc_ndcg_at_100_max": 0.23933718977889282,
        "nauc_ndcg_at_100_std": 0.21119657934888966,
        "nauc_ndcg_at_10_diff1": 0.1963262926545925,
        "nauc_ndcg_at_10_max": 0.2049757843921285,
        "nauc_ndcg_at_10_std": 0.21191381551108476,
        "nauc_ndcg_at_1_diff1": 0.31769651118078784,
        "nauc_ndcg_at_1_max": 0.20580250251136833,
        "nauc_ndcg_at_1_std": 0.11523027650465506,
        "nauc_ndcg_at_20_diff1": 0.17906839185834927,
        "nauc_ndcg_at_20_max": 0.20453190318076567,
        "nauc_ndcg_at_20_std": 0.215964962691844,
        "nauc_ndcg_at_3_diff1": 0.21940595543835872,
        "nauc_ndcg_at_3_max": 0.1836658828629877,
        "nauc_ndcg_at_3_std": 0.1617604837559841,
        "nauc_ndcg_at_5_diff1": 0.21032744879033782,
        "nauc_ndcg_at_5_max": 0.19714743055173223,
        "nauc_ndcg_at_5_std": 0.18852974433719788,
        "nauc_precision_at_1000_diff1": -0.1730050884375483,
        "nauc_precision_at_1000_max": 0.17187233116199413,
        "nauc_precision_at_1000_std": 0.16477860589060664,
        "nauc_precision_at_100_diff1": -0.130438713441156,
        "nauc_precision_at_100_max": 0.1985739061769646,
        "nauc_precision_at_100_std": 0.3427448914405334,
        "nauc_precision_at_10_diff1": 0.05853201648278047,
        "nauc_precision_at_10_max": 0.20284323801957793,
        "nauc_precision_at_10_std": 0.2954277663330801,
        "nauc_precision_at_1_diff1": 0.3162794383427234,
        "nauc_precision_at_1_max": 0.22683623080200196,
        "nauc_precision_at_1_std": 0.10346889583261026,
        "nauc_precision_at_20_diff1": -0.018033029584687853,
        "nauc_precision_at_20_max": 0.1824662417460191,
        "nauc_precision_at_20_std": 0.3256376476874045,
        "nauc_precision_at_3_diff1": 0.13121535737077245,
        "nauc_precision_at_3_max": 0.20464643119710385,
        "nauc_precision_at_3_std": 0.17786226903664681,
        "nauc_precision_at_5_diff1": 0.10498559724887523,
        "nauc_precision_at_5_max": 0.21669648167694971,
        "nauc_precision_at_5_std": 0.2174241851377942,
        "nauc_recall_at_1000_diff1": 0.09896265444028263,
        "nauc_recall_at_1000_max": 0.1717852799141763,
        "nauc_recall_at_1000_std": 0.1403430376523876,
        "nauc_recall_at_100_diff1": 0.11212393044346305,
        "nauc_recall_at_100_max": 0.15569130489633398,
        "nauc_recall_at_100_std": 0.16357636498459252,
        "nauc_recall_at_10_diff1": 0.20520204610761184,
        "nauc_recall_at_10_max": 0.13264341908772992,
        "nauc_recall_at_10_std": 0.06064823028492022,
        "nauc_recall_at_1_diff1": 0.39196146122517544,
        "nauc_recall_at_1_max": 0.10470405356587134,
        "nauc_recall_at_1_std": -0.10269928388176547,
        "nauc_recall_at_20_diff1": 0.15062970682399318,
        "nauc_recall_at_20_max": 0.13649206605189088,
        "nauc_recall_at_20_std": 0.09629920826426977,
        "nauc_recall_at_3_diff1": 0.2523198462770328,
        "nauc_recall_at_3_max": 0.12007423390321764,
        "nauc_recall_at_3_std": 0.010360295617241331,
        "nauc_recall_at_5_diff1": 0.24321889824302018,
        "nauc_recall_at_5_max": 0.13817740213476645,
        "nauc_recall_at_5_std": 0.02349114495727275,
        "ndcg_at_1": 0.35913,
        "ndcg_at_10": 0.26996,
        "ndcg_at_100": 0.23438,
        "ndcg_at_1000": 0.31485,
        "ndcg_at_20": 0.24482,
        "ndcg_at_3": 0.32338,
        "ndcg_at_5": 0.30241,
        "precision_at_1": 0.37152,
        "precision_at_10": 0.19845,
        "precision_at_100": 0.05777,
        "precision_at_1000": 0.01683,
        "precision_at_20": 0.1418,
        "precision_at_3": 0.3065,
        "precision_at_5": 0.26378,
        "recall_at_1": 0.04218,
        "recall_at_10": 0.12538,
        "recall_at_100": 0.23775,
        "recall_at_1000": 0.53003,
        "recall_at_20": 0.15234,
        "recall_at_3": 0.08118,
        "recall_at_5": 0.09809
      }
    ]
  },
  "task_name": "NFCorpus"
}