{
  "dataset_revision": "ec0fa4fe99da2ff19ca1214b7966684033a58814",
  "evaluation_time": 3.0398263931274414,
  "kg_co2_emissions": null,
  "mteb_version": "1.14.12",
  "scores": {
    "test": [
      {
        "hf_subset": "default",
        "languages": [
          "eng-Latn"
        ],
        "main_score": 0.30619,
        "map_at_1": 0.04423,
        "map_at_10": 0.10868,
        "map_at_100": 0.13959,
        "map_at_1000": 0.15391,
        "map_at_20": 0.12057,
        "map_at_3": 0.0793,
        "map_at_5": 0.09246,
        "mrr_at_1": 0.42724458204334365,
        "mrr_at_10": 0.5073701410388718,
        "mrr_at_100": 0.5133168763392005,
        "mrr_at_1000": 0.513737155944422,
        "mrr_at_20": 0.5105466852179178,
        "mrr_at_3": 0.48503611971104243,
        "mrr_at_5": 0.49742002063983504,
        "nauc_map_at_1000_diff1": 0.11913224645980082,
        "nauc_map_at_1000_max": 0.2747002518869011,
        "nauc_map_at_1000_std": 0.18647388909637,
        "nauc_map_at_100_diff1": 0.14182944257465824,
        "nauc_map_at_100_max": 0.2645352148354262,
        "nauc_map_at_100_std": 0.1471534131885371,
        "nauc_map_at_10_diff1": 0.19503852417371434,
        "nauc_map_at_10_max": 0.2121109993155149,
        "nauc_map_at_10_std": 0.02078091049150354,
        "nauc_map_at_1_diff1": 0.320937573404134,
        "nauc_map_at_1_max": 0.05877645883700318,
        "nauc_map_at_1_std": -0.1240354755084252,
        "nauc_map_at_20_diff1": 0.1787051283407305,
        "nauc_map_at_20_max": 0.24246319641689687,
        "nauc_map_at_20_std": 0.07858676223557538,
        "nauc_map_at_3_diff1": 0.23743752799401446,
        "nauc_map_at_3_max": 0.13759484214729711,
        "nauc_map_at_3_std": -0.05251484539559603,
        "nauc_map_at_5_diff1": 0.22166870358336377,
        "nauc_map_at_5_max": 0.169311138976109,
        "nauc_map_at_5_std": -0.032789507593022245,
        "nauc_mrr_at_1000_diff1": 0.22706227217575645,
        "nauc_mrr_at_1000_max": 0.4230191600083809,
        "nauc_mrr_at_1000_std": 0.24227141410225342,
        "nauc_mrr_at_100_diff1": 0.22695885153190073,
        "nauc_mrr_at_100_max": 0.4233252621089239,
        "nauc_mrr_at_100_std": 0.24270755928370089,
        "nauc_mrr_at_10_diff1": 0.22869073326383324,
        "nauc_mrr_at_10_max": 0.4193512253726282,
        "nauc_mrr_at_10_std": 0.2351495547562452,
        "nauc_mrr_at_1_diff1": 0.24161283687597535,
        "nauc_mrr_at_1_max": 0.35981861744912896,
        "nauc_mrr_at_1_std": 0.17312220864666752,
        "nauc_mrr_at_20_diff1": 0.22777087536612012,
        "nauc_mrr_at_20_max": 0.42230919722909016,
        "nauc_mrr_at_20_std": 0.24227865557990289,
        "nauc_mrr_at_3_diff1": 0.21788795718349727,
        "nauc_mrr_at_3_max": 0.4127223694478228,
        "nauc_mrr_at_3_std": 0.2320319219696412,
        "nauc_mrr_at_5_diff1": 0.2267055273397251,
        "nauc_mrr_at_5_max": 0.42621780361984013,
        "nauc_mrr_at_5_std": 0.23846733769973735,
        "nauc_ndcg_at_1000_diff1": 0.11316690384259503,
        "nauc_ndcg_at_1000_max": 0.438039436824885,
        "nauc_ndcg_at_1000_std": 0.3658037320204686,
        "nauc_ndcg_at_100_diff1": 0.10563464198798336,
        "nauc_ndcg_at_100_max": 0.36330108473034817,
        "nauc_ndcg_at_100_std": 0.2854506069961982,
        "nauc_ndcg_at_10_diff1": 0.084269167612437,
        "nauc_ndcg_at_10_max": 0.32230755987277193,
        "nauc_ndcg_at_10_std": 0.24779043360408912,
        "nauc_ndcg_at_1_diff1": 0.25338573186569235,
        "nauc_ndcg_at_1_max": 0.32805839554305255,
        "nauc_ndcg_at_1_std": 0.16667026095030288,
        "nauc_ndcg_at_20_diff1": 0.06922504232110178,
        "nauc_ndcg_at_20_max": 0.3244996317428117,
        "nauc_ndcg_at_20_std": 0.2785148930136357,
        "nauc_ndcg_at_3_diff1": 0.13745088617912873,
        "nauc_ndcg_at_3_max": 0.3277730848184197,
        "nauc_ndcg_at_3_std": 0.2166563563257871,
        "nauc_ndcg_at_5_diff1": 0.11919385344659178,
        "nauc_ndcg_at_5_max": 0.3326699109607981,
        "nauc_ndcg_at_5_std": 0.232508765427808,
        "nauc_precision_at_1000_diff1": -0.23651769190755112,
        "nauc_precision_at_1000_max": 0.0746891499029724,
        "nauc_precision_at_1000_std": 0.32699620666279366,
        "nauc_precision_at_100_diff1": -0.22148270776404969,
        "nauc_precision_at_100_max": 0.18506127494183222,
        "nauc_precision_at_100_std": 0.44957304121327063,
        "nauc_precision_at_10_diff1": -0.06692922665610329,
        "nauc_precision_at_10_max": 0.3362325383823934,
        "nauc_precision_at_10_std": 0.35970878089419217,
        "nauc_precision_at_1_diff1": 0.2582886702737202,
        "nauc_precision_at_1_max": 0.36065855762302457,
        "nauc_precision_at_1_std": 0.1659654850109776,
        "nauc_precision_at_20_diff1": -0.13673402362040976,
        "nauc_precision_at_20_max": 0.29297867845621495,
        "nauc_precision_at_20_std": 0.4297207802478356,
        "nauc_precision_at_3_diff1": 0.06589161014415769,
        "nauc_precision_at_3_max": 0.36812539698086544,
        "nauc_precision_at_3_std": 0.2829633145740851,
        "nauc_precision_at_5_diff1": 0.02139337014789265,
        "nauc_precision_at_5_max": 0.37430131761171426,
        "nauc_precision_at_5_std": 0.315018119893917,
        "nauc_recall_at_1000_diff1": 0.043801624311669354,
        "nauc_recall_at_1000_max": 0.30183138956991595,
        "nauc_recall_at_1000_std": 0.3094142799300751,
        "nauc_recall_at_100_diff1": 0.08004804924885707,
        "nauc_recall_at_100_max": 0.24119798781949717,
        "nauc_recall_at_100_std": 0.1865925465700172,
        "nauc_recall_at_10_diff1": 0.14951915771372545,
        "nauc_recall_at_10_max": 0.15725776536072195,
        "nauc_recall_at_10_std": 0.005411328452952857,
        "nauc_recall_at_1_diff1": 0.320937573404134,
        "nauc_recall_at_1_max": 0.05877645883700318,
        "nauc_recall_at_1_std": -0.1240354755084252,
        "nauc_recall_at_20_diff1": 0.1400389844244616,
        "nauc_recall_at_20_max": 0.2126839386908475,
        "nauc_recall_at_20_std": 0.10574418402201577,
        "nauc_recall_at_3_diff1": 0.20004629992275466,
        "nauc_recall_at_3_max": 0.1300333928877222,
        "nauc_recall_at_3_std": -0.036050463788730225,
        "nauc_recall_at_5_diff1": 0.18102313426014213,
        "nauc_recall_at_5_max": 0.14489970041627684,
        "nauc_recall_at_5_std": -0.025820232598578012,
        "ndcg_at_1": 0.40248,
        "ndcg_at_10": 0.30619,
        "ndcg_at_100": 0.28777,
        "ndcg_at_1000": 0.37736,
        "ndcg_at_20": 0.28612,
        "ndcg_at_3": 0.35724,
        "ndcg_at_5": 0.33334,
        "precision_at_1": 0.42105,
        "precision_at_10": 0.2291,
        "precision_at_100": 0.07647,
        "precision_at_1000": 0.02067,
        "precision_at_20": 0.17167,
        "precision_at_3": 0.33437,
        "precision_at_5": 0.28793,
        "recall_at_1": 0.04423,
        "recall_at_10": 0.15027,
        "recall_at_100": 0.30419,
        "recall_at_1000": 0.62354,
        "recall_at_20": 0.1822,
        "recall_at_3": 0.09126,
        "recall_at_5": 0.11459
      }
    ]
  },
  "task_name": "NFCorpus"
}