{
  "dataset_revision": "ec0fa4fe99da2ff19ca1214b7966684033a58814",
  "evaluation_time": 2.9972031116485596,
  "kg_co2_emissions": null,
  "mteb_version": "1.14.12",
  "scores": {
    "test": [
      {
        "hf_subset": "default",
        "languages": [
          "eng-Latn"
        ],
        "main_score": 0.02624,
        "map_at_1": 0.00066,
        "map_at_10": 0.00276,
        "map_at_100": 0.00533,
        "map_at_1000": 0.01146,
        "map_at_20": 0.00342,
        "map_at_3": 0.00158,
        "map_at_5": 0.00197,
        "mrr_at_1": 0.034055727554179564,
        "mrr_at_10": 0.06739274657231312,
        "mrr_at_100": 0.07746084977578581,
        "mrr_at_1000": 0.07932674074055912,
        "mrr_at_20": 0.07122955145808331,
        "mrr_at_3": 0.053147574819401446,
        "mrr_at_5": 0.06026831785345717,
        "nauc_map_at_1000_diff1": 0.014457185314962397,
        "nauc_map_at_1000_max": 0.023172648713358612,
        "nauc_map_at_1000_std": 0.14557164434363518,
        "nauc_map_at_100_diff1": 0.08867403610937515,
        "nauc_map_at_100_max": 0.007825867958195367,
        "nauc_map_at_100_std": 0.18580756430107845,
        "nauc_map_at_10_diff1": 0.17054224474236893,
        "nauc_map_at_10_max": -0.02710467269266454,
        "nauc_map_at_10_std": 0.21289610229818828,
        "nauc_map_at_1_diff1": 0.24219939030654083,
        "nauc_map_at_1_max": -0.03277857301025781,
        "nauc_map_at_1_std": 0.16872558965648315,
        "nauc_map_at_20_diff1": 0.14412507713083084,
        "nauc_map_at_20_max": -0.027212463955313248,
        "nauc_map_at_20_std": 0.20423207411326197,
        "nauc_map_at_3_diff1": 0.31990076107446125,
        "nauc_map_at_3_max": -0.1276484038944015,
        "nauc_map_at_3_std": 0.323384669074948,
        "nauc_map_at_5_diff1": 0.2354290533283416,
        "nauc_map_at_5_max": -0.10338076343273575,
        "nauc_map_at_5_std": 0.26667941105862025,
        "nauc_mrr_at_1000_diff1": 0.004645409109016052,
        "nauc_mrr_at_1000_max": -0.008021520112985991,
        "nauc_mrr_at_1000_std": 0.12047845032136799,
        "nauc_mrr_at_100_diff1": 0.00395437771412982,
        "nauc_mrr_at_100_max": -0.007861625948082583,
        "nauc_mrr_at_100_std": 0.12020720777851589,
        "nauc_mrr_at_10_diff1": 0.01876376993129718,
        "nauc_mrr_at_10_max": -0.017328067151470346,
        "nauc_mrr_at_10_std": 0.13686284497205703,
        "nauc_mrr_at_1_diff1": -0.0035042547153764482,
        "nauc_mrr_at_1_max": 0.02394210378311537,
        "nauc_mrr_at_1_std": 0.1141699743381387,
        "nauc_mrr_at_20_diff1": 0.01623833221277485,
        "nauc_mrr_at_20_max": -0.01599363509994818,
        "nauc_mrr_at_20_std": 0.13150103267911864,
        "nauc_mrr_at_3_diff1": 0.028014277431380418,
        "nauc_mrr_at_3_max": -0.03354862186221585,
        "nauc_mrr_at_3_std": 0.1871554351665826,
        "nauc_mrr_at_5_diff1": 0.03524416911127843,
        "nauc_mrr_at_5_max": -0.014813807600099567,
        "nauc_mrr_at_5_std": 0.16218294984786769,
        "nauc_ndcg_at_1000_diff1": -0.07306463760349408,
        "nauc_ndcg_at_1000_max": 0.06439945237108585,
        "nauc_ndcg_at_1000_std": 0.019189288318816913,
        "nauc_ndcg_at_100_diff1": 0.005545732554580546,
        "nauc_ndcg_at_100_max": 0.018159937216673843,
        "nauc_ndcg_at_100_std": 0.10109384794239396,
        "nauc_ndcg_at_10_diff1": 0.02061798697920595,
        "nauc_ndcg_at_10_max": -0.012062390914543265,
        "nauc_ndcg_at_10_std": 0.1401327777931567,
        "nauc_ndcg_at_1_diff1": -0.04176753098929106,
        "nauc_ndcg_at_1_max": 0.050079860516933784,
        "nauc_ndcg_at_1_std": 0.0876741209695757,
        "nauc_ndcg_at_20_diff1": 0.03663715745237455,
        "nauc_ndcg_at_20_max": -0.02839595669654293,
        "nauc_ndcg_at_20_std": 0.14588679617269718,
        "nauc_ndcg_at_3_diff1": 0.045355327763653835,
        "nauc_ndcg_at_3_max": -0.005998189090574267,
        "nauc_ndcg_at_3_std": 0.1910344170176591,
        "nauc_ndcg_at_5_diff1": 0.0372108699639996,
        "nauc_ndcg_at_5_max": -0.00596112900989746,
        "nauc_ndcg_at_5_std": 0.1555580890142484,
        "nauc_precision_at_1000_diff1": -0.08725855134908461,
        "nauc_precision_at_1000_max": 0.0077148195024939305,
        "nauc_precision_at_1000_std": 0.03439420184647893,
        "nauc_precision_at_100_diff1": -0.028951063715508683,
        "nauc_precision_at_100_max": -0.0035522780906947324,
        "nauc_precision_at_100_std": 0.10509394433361784,
        "nauc_precision_at_10_diff1": 0.010573179060282299,
        "nauc_precision_at_10_max": -0.03101483894623775,
        "nauc_precision_at_10_std": 0.13238972789412562,
        "nauc_precision_at_1_diff1": -0.0035042547153764482,
        "nauc_precision_at_1_max": 0.02394210378311537,
        "nauc_precision_at_1_std": 0.1141699743381387,
        "nauc_precision_at_20_diff1": 0.035502783522640365,
        "nauc_precision_at_20_max": -0.037467729909952376,
        "nauc_precision_at_20_std": 0.1396629535299224,
        "nauc_precision_at_3_diff1": 0.07438994784672559,
        "nauc_precision_at_3_max": -0.034248625013556286,
        "nauc_precision_at_3_std": 0.22705881134658837,
        "nauc_precision_at_5_diff1": 0.04349344170971987,
        "nauc_precision_at_5_max": -0.005902076401830514,
        "nauc_precision_at_5_std": 0.15596940393409495,
        "nauc_recall_at_1000_diff1": -0.11855075398771148,
        "nauc_recall_at_1000_max": 0.08898352976371561,
        "nauc_recall_at_1000_std": -0.06758641015585728,
        "nauc_recall_at_100_diff1": -0.05629736747760047,
        "nauc_recall_at_100_max": 0.0969243807839204,
        "nauc_recall_at_100_std": 0.013211875690904918,
        "nauc_recall_at_10_diff1": 0.03843614244915785,
        "nauc_recall_at_10_max": 0.07937704894468868,
        "nauc_recall_at_10_std": 0.08802124499611429,
        "nauc_recall_at_1_diff1": 0.24219939030654083,
        "nauc_recall_at_1_max": -0.03277857301025781,
        "nauc_recall_at_1_std": 0.16872558965648315,
        "nauc_recall_at_20_diff1": -0.021804817019054394,
        "nauc_recall_at_20_max": 0.025129417667458843,
        "nauc_recall_at_20_std": 0.07336032145385557,
        "nauc_recall_at_3_diff1": 0.31125379580481577,
        "nauc_recall_at_3_max": -0.12525428095451202,
        "nauc_recall_at_3_std": 0.3533458628838506,
        "nauc_recall_at_5_diff1": 0.1766095500607313,
        "nauc_recall_at_5_max": -0.09868486896423015,
        "nauc_recall_at_5_std": 0.23974360518755586,
        "ndcg_at_1": 0.03096,
        "ndcg_at_10": 0.02624,
        "ndcg_at_100": 0.03574,
        "ndcg_at_1000": 0.13408,
        "ndcg_at_20": 0.02565,
        "ndcg_at_3": 0.03006,
        "ndcg_at_5": 0.02742,
        "precision_at_1": 0.03406,
        "precision_at_10": 0.0257,
        "precision_at_100": 0.01724,
        "precision_at_1000": 0.0132,
        "precision_at_20": 0.02245,
        "precision_at_3": 0.03406,
        "precision_at_5": 0.02972,
        "recall_at_1": 0.00066,
        "recall_at_10": 0.00788,
        "recall_at_100": 0.05025,
        "recall_at_1000": 0.38955,
        "recall_at_20": 0.01318,
        "recall_at_3": 0.00239,
        "recall_at_5": 0.00374
      }
    ]
  },
  "task_name": "NFCorpus"
}