{
  "dataset_revision": "ec0fa4fe99da2ff19ca1214b7966684033a58814",
  "evaluation_time": 3.0240695476531982,
  "kg_co2_emissions": null,
  "mteb_version": "1.14.12",
  "scores": {
    "test": [
      {
        "hf_subset": "default",
        "languages": [
          "eng-Latn"
        ],
        "main_score": 0.01741,
        "map_at_1": 0.00037,
        "map_at_10": 0.00158,
        "map_at_100": 0.00306,
        "map_at_1000": 0.00753,
        "map_at_20": 0.00191,
        "map_at_3": 0.00071,
        "map_at_5": 0.00125,
        "mrr_at_1": 0.02476780185758514,
        "mrr_at_10": 0.051489016659295284,
        "mrr_at_100": 0.062270587073989345,
        "mrr_at_1000": 0.06388484727892442,
        "mrr_at_20": 0.055752760532352,
        "mrr_at_3": 0.03663570691434468,
        "mrr_at_5": 0.04530443756449947,
        "nauc_map_at_1000_diff1": -0.02484530371653597,
        "nauc_map_at_1000_max": -0.06287650764328766,
        "nauc_map_at_1000_std": -0.0029069938735626502,
        "nauc_map_at_100_diff1": 0.07739390763727903,
        "nauc_map_at_100_max": -0.14915251909071386,
        "nauc_map_at_100_std": 0.06934526758871684,
        "nauc_map_at_10_diff1": 0.006201205106045771,
        "nauc_map_at_10_max": -0.12941632409803294,
        "nauc_map_at_10_std": -0.10055745702867233,
        "nauc_map_at_1_diff1": -0.01672267555854581,
        "nauc_map_at_1_max": -0.19363786737074817,
        "nauc_map_at_1_std": -0.035662088514816524,
        "nauc_map_at_20_diff1": 0.05994961287834876,
        "nauc_map_at_20_max": -0.1489191778949661,
        "nauc_map_at_20_std": 0.0056672603921084416,
        "nauc_map_at_3_diff1": -0.08024545998819677,
        "nauc_map_at_3_max": -0.1355168513129,
        "nauc_map_at_3_std": -0.10389738360351088,
        "nauc_map_at_5_diff1": -0.025713632654360365,
        "nauc_map_at_5_max": -0.11604917634438935,
        "nauc_map_at_5_std": -0.17072151748419476,
        "nauc_mrr_at_1000_diff1": -0.10482258244925258,
        "nauc_mrr_at_1000_max": -0.07553163082597537,
        "nauc_mrr_at_1000_std": -0.08311294962690541,
        "nauc_mrr_at_100_diff1": -0.10256872832775352,
        "nauc_mrr_at_100_max": -0.07494432751653618,
        "nauc_mrr_at_100_std": -0.08039678528702121,
        "nauc_mrr_at_10_diff1": -0.09944608046001174,
        "nauc_mrr_at_10_max": -0.09056037403945706,
        "nauc_mrr_at_10_std": -0.08938637140931158,
        "nauc_mrr_at_1_diff1": -0.2909481318637949,
        "nauc_mrr_at_1_max": -0.0796970946505942,
        "nauc_mrr_at_1_std": -0.23295526042642212,
        "nauc_mrr_at_20_diff1": -0.10109796143255681,
        "nauc_mrr_at_20_max": -0.07647386164590676,
        "nauc_mrr_at_20_std": -0.08144072828813541,
        "nauc_mrr_at_3_diff1": -0.21599330288745344,
        "nauc_mrr_at_3_max": -0.07880725091222854,
        "nauc_mrr_at_3_std": -0.16927605476077678,
        "nauc_mrr_at_5_diff1": -0.10486199130767475,
        "nauc_mrr_at_5_max": -0.08106698851594986,
        "nauc_mrr_at_5_std": -0.10425148856473693,
        "nauc_ndcg_at_1000_diff1": -0.07891736239382488,
        "nauc_ndcg_at_1000_max": -0.00714618900463361,
        "nauc_ndcg_at_1000_std": -0.035498308840429454,
        "nauc_ndcg_at_100_diff1": 0.01467589490394475,
        "nauc_ndcg_at_100_max": -0.06706652643194379,
        "nauc_ndcg_at_100_std": 0.05046175042584378,
        "nauc_ndcg_at_10_diff1": -0.018975808256593625,
        "nauc_ndcg_at_10_max": -0.06768731944657226,
        "nauc_ndcg_at_10_std": -0.07521373002544124,
        "nauc_ndcg_at_1_diff1": -0.2505330937669132,
        "nauc_ndcg_at_1_max": -0.0810738774634823,
        "nauc_ndcg_at_1_std": -0.22081921931808468,
        "nauc_ndcg_at_20_diff1": -0.0011731336127973285,
        "nauc_ndcg_at_20_max": -0.06372474770230761,
        "nauc_ndcg_at_20_std": -0.01773556385678078,
        "nauc_ndcg_at_3_diff1": -0.19518763085210958,
        "nauc_ndcg_at_3_max": -0.08370260397665706,
        "nauc_ndcg_at_3_std": -0.17826181710187813,
        "nauc_ndcg_at_5_diff1": -0.04128457879744331,
        "nauc_ndcg_at_5_max": -0.08588803226507562,
        "nauc_ndcg_at_5_std": -0.09680884496115895,
        "nauc_precision_at_1000_diff1": -0.1992886047064377,
        "nauc_precision_at_1000_max": 0.0683777698984194,
        "nauc_precision_at_1000_std": -0.16681485495635887,
        "nauc_precision_at_100_diff1": -0.08865806371715583,
        "nauc_precision_at_100_max": -0.008984838999552148,
        "nauc_precision_at_100_std": -0.028030321225738113,
        "nauc_precision_at_10_diff1": 0.009550770956107232,
        "nauc_precision_at_10_max": -0.05279741668124734,
        "nauc_precision_at_10_std": -0.02775993247625285,
        "nauc_precision_at_1_diff1": -0.2505330937669132,
        "nauc_precision_at_1_max": -0.0810738774634823,
        "nauc_precision_at_1_std": -0.22081921931808468,
        "nauc_precision_at_20_diff1": -0.006083764839559253,
        "nauc_precision_at_20_max": -0.031527760278109974,
        "nauc_precision_at_20_std": 0.0329768949701901,
        "nauc_precision_at_3_diff1": -0.18650971096227567,
        "nauc_precision_at_3_max": -0.0979575034562652,
        "nauc_precision_at_3_std": -0.15096674177490516,
        "nauc_precision_at_5_diff1": 0.04476337699714286,
        "nauc_precision_at_5_max": -0.07290531285040079,
        "nauc_precision_at_5_std": -0.020101426765078406,
        "nauc_recall_at_1000_diff1": -0.08742828973461103,
        "nauc_recall_at_1000_max": 0.039252486374262416,
        "nauc_recall_at_1000_std": -0.022745635699928827,
        "nauc_recall_at_100_diff1": 0.02258911579035478,
        "nauc_recall_at_100_max": -0.019085927569832614,
        "nauc_recall_at_100_std": 0.0641131914508737,
        "nauc_recall_at_10_diff1": 0.07910405855506043,
        "nauc_recall_at_10_max": -0.14306231564712055,
        "nauc_recall_at_10_std": -0.03119252704299309,
        "nauc_recall_at_1_diff1": -0.01672267555854581,
        "nauc_recall_at_1_max": -0.19363786737074817,
        "nauc_recall_at_1_std": -0.035662088514816524,
        "nauc_recall_at_20_diff1": 0.15066958852618764,
        "nauc_recall_at_20_max": -0.1489056778886547,
        "nauc_recall_at_20_std": 0.14538270722482835,
        "nauc_recall_at_3_diff1": -0.09869209511703869,
        "nauc_recall_at_3_max": -0.10572778273407377,
        "nauc_recall_at_3_std": -0.12698344280957408,
        "nauc_recall_at_5_diff1": 0.005236219959655631,
        "nauc_recall_at_5_max": -0.09798643308810588,
        "nauc_recall_at_5_std": -0.22306457073791278,
        "ndcg_at_1": 0.02167,
        "ndcg_at_10": 0.01741,
        "ndcg_at_100": 0.02752,
        "ndcg_at_1000": 0.11393,
        "ndcg_at_20": 0.01692,
        "ndcg_at_3": 0.01722,
        "ndcg_at_5": 0.01791,
        "precision_at_1": 0.02167,
        "precision_at_10": 0.01734,
        "precision_at_100": 0.01424,
        "precision_at_1000": 0.01173,
        "precision_at_20": 0.01533,
        "precision_at_3": 0.01754,
        "precision_at_5": 0.0192,
        "recall_at_1": 0.00037,
        "recall_at_10": 0.00592,
        "recall_at_100": 0.04389,
        "recall_at_1000": 0.34523,
        "recall_at_20": 0.00936,
        "recall_at_3": 0.00106,
        "recall_at_5": 0.00367
      }
    ]
  },
  "task_name": "NFCorpus"
}