{
  "dataset_revision": "ec0fa4fe99da2ff19ca1214b7966684033a58814",
  "evaluation_time": 2.9998676776885986,
  "kg_co2_emissions": null,
  "mteb_version": "1.14.12",
  "scores": {
    "test": [
      {
        "hf_subset": "default",
        "languages": [
          "eng-Latn"
        ],
        "main_score": 0.20309,
        "map_at_1": 0.02796,
        "map_at_10": 0.06258,
        "map_at_100": 0.08115,
        "map_at_1000": 0.09283,
        "map_at_20": 0.06982,
        "map_at_3": 0.0436,
        "map_at_5": 0.05306,
        "mrr_at_1": 0.29102167182662536,
        "mrr_at_10": 0.37431323406555594,
        "mrr_at_100": 0.3820128311528713,
        "mrr_at_1000": 0.38276972712694163,
        "mrr_at_20": 0.3786552108655742,
        "mrr_at_3": 0.3472652218782249,
        "mrr_at_5": 0.36630546955624355,
        "nauc_map_at_1000_diff1": 0.1485644314145342,
        "nauc_map_at_1000_max": 0.373499476684968,
        "nauc_map_at_1000_std": 0.23577374933052853,
        "nauc_map_at_100_diff1": 0.1576643585351417,
        "nauc_map_at_100_max": 0.3569409849651986,
        "nauc_map_at_100_std": 0.19167308855083268,
        "nauc_map_at_10_diff1": 0.18489231703526304,
        "nauc_map_at_10_max": 0.3116511809847853,
        "nauc_map_at_10_std": 0.10805557930086547,
        "nauc_map_at_1_diff1": 0.3021463963922125,
        "nauc_map_at_1_max": 0.18341318555822572,
        "nauc_map_at_1_std": -0.06909039189650965,
        "nauc_map_at_20_diff1": 0.1744234490344616,
        "nauc_map_at_20_max": 0.3348767852705644,
        "nauc_map_at_20_std": 0.14065548122631155,
        "nauc_map_at_3_diff1": 0.2526713579038055,
        "nauc_map_at_3_max": 0.2562202725808547,
        "nauc_map_at_3_std": 0.05720017278451316,
        "nauc_map_at_5_diff1": 0.21175107255240858,
        "nauc_map_at_5_max": 0.271702503941435,
        "nauc_map_at_5_std": 0.061190555125268845,
        "nauc_mrr_at_1000_diff1": 0.23871552355064488,
        "nauc_mrr_at_1000_max": 0.33879791422221966,
        "nauc_mrr_at_1000_std": 0.1873041167529736,
        "nauc_mrr_at_100_diff1": 0.23879211010260837,
        "nauc_mrr_at_100_max": 0.339187963321941,
        "nauc_mrr_at_100_std": 0.18799413051510497,
        "nauc_mrr_at_10_diff1": 0.2362343214811582,
        "nauc_mrr_at_10_max": 0.33249380376390203,
        "nauc_mrr_at_10_std": 0.17915007257466864,
        "nauc_mrr_at_1_diff1": 0.26577993317834264,
        "nauc_mrr_at_1_max": 0.30302425926052223,
        "nauc_mrr_at_1_std": 0.171882220933453,
        "nauc_mrr_at_20_diff1": 0.2395161060242929,
        "nauc_mrr_at_20_max": 0.3375971701413638,
        "nauc_mrr_at_20_std": 0.1851947344786844,
        "nauc_mrr_at_3_diff1": 0.24607501380287466,
        "nauc_mrr_at_3_max": 0.3070599126852528,
        "nauc_mrr_at_3_std": 0.17732730981090028,
        "nauc_mrr_at_5_diff1": 0.24035381658461688,
        "nauc_mrr_at_5_max": 0.3327712846790453,
        "nauc_mrr_at_5_std": 0.1799722346224775,
        "nauc_ndcg_at_1000_diff1": 0.15490331052038875,
        "nauc_ndcg_at_1000_max": 0.49236791008247,
        "nauc_ndcg_at_1000_std": 0.3567056945866645,
        "nauc_ndcg_at_100_diff1": 0.12662442069289223,
        "nauc_ndcg_at_100_max": 0.40255736281762217,
        "nauc_ndcg_at_100_std": 0.261818727083287,
        "nauc_ndcg_at_10_diff1": 0.1470811379258259,
        "nauc_ndcg_at_10_max": 0.3558516564231334,
        "nauc_ndcg_at_10_std": 0.23588229410484698,
        "nauc_ndcg_at_1_diff1": 0.26120458730136825,
        "nauc_ndcg_at_1_max": 0.2851442636531605,
        "nauc_ndcg_at_1_std": 0.17001014472817488,
        "nauc_ndcg_at_20_diff1": 0.14751432489610752,
        "nauc_ndcg_at_20_max": 0.36296456968546725,
        "nauc_ndcg_at_20_std": 0.2282886209876188,
        "nauc_ndcg_at_3_diff1": 0.17696745288898158,
        "nauc_ndcg_at_3_max": 0.29907553705566203,
        "nauc_ndcg_at_3_std": 0.21798914100723996,
        "nauc_ndcg_at_5_diff1": 0.15702822985651826,
        "nauc_ndcg_at_5_max": 0.33352088527858315,
        "nauc_ndcg_at_5_std": 0.22252993132786622,
        "nauc_precision_at_1000_diff1": -0.04676873327572352,
        "nauc_precision_at_1000_max": 0.1320558354601692,
        "nauc_precision_at_1000_std": 0.2825494330444915,
        "nauc_precision_at_100_diff1": -0.020219185665871872,
        "nauc_precision_at_100_max": 0.2705830779843798,
        "nauc_precision_at_100_std": 0.3944464391626224,
        "nauc_precision_at_10_diff1": 0.0438722176678292,
        "nauc_precision_at_10_max": 0.37520877557233145,
        "nauc_precision_at_10_std": 0.3294253804135941,
        "nauc_precision_at_1_diff1": 0.26577993317834264,
        "nauc_precision_at_1_max": 0.30302425926052223,
        "nauc_precision_at_1_std": 0.171882220933453,
        "nauc_precision_at_20_diff1": 0.025201844634696526,
        "nauc_precision_at_20_max": 0.3540834327038287,
        "nauc_precision_at_20_std": 0.3530237487995549,
        "nauc_precision_at_3_diff1": 0.11533402625625479,
        "nauc_precision_at_3_max": 0.3140566774659335,
        "nauc_precision_at_3_std": 0.2670015787914235,
        "nauc_precision_at_5_diff1": 0.07167089003936845,
        "nauc_precision_at_5_max": 0.3634031856182525,
        "nauc_precision_at_5_std": 0.2854882786066097,
        "nauc_recall_at_1000_diff1": 0.013442736212756106,
        "nauc_recall_at_1000_max": 0.3029785088533758,
        "nauc_recall_at_1000_std": 0.2496719695649216,
        "nauc_recall_at_100_diff1": 0.035255067689917305,
        "nauc_recall_at_100_max": 0.2621286797742296,
        "nauc_recall_at_100_std": 0.1919673910559762,
        "nauc_recall_at_10_diff1": 0.08490157051177151,
        "nauc_recall_at_10_max": 0.2347547116044516,
        "nauc_recall_at_10_std": 0.048222983952959264,
        "nauc_recall_at_1_diff1": 0.3021463963922125,
        "nauc_recall_at_1_max": 0.18341318555822572,
        "nauc_recall_at_1_std": -0.06909039189650965,
        "nauc_recall_at_20_diff1": 0.07605644753877544,
        "nauc_recall_at_20_max": 0.24580941620642713,
        "nauc_recall_at_20_std": 0.09345349258645468,
        "nauc_recall_at_3_diff1": 0.18978940497481536,
        "nauc_recall_at_3_max": 0.2230646058397686,
        "nauc_recall_at_3_std": 0.04748734856584821,
        "nauc_recall_at_5_diff1": 0.11651480291094791,
        "nauc_recall_at_5_max": 0.21563346635953504,
        "nauc_recall_at_5_std": 0.014437770378416995,
        "ndcg_at_1": 0.27399,
        "ndcg_at_10": 0.20309,
        "ndcg_at_100": 0.19718,
        "ndcg_at_1000": 0.29444,
        "ndcg_at_20": 0.19061,
        "ndcg_at_3": 0.23902,
        "ndcg_at_5": 0.22752,
        "precision_at_1": 0.29102,
        "precision_at_10": 0.15263,
        "precision_at_100": 0.05362,
        "precision_at_1000": 0.01818,
        "precision_at_20": 0.113,
        "precision_at_3": 0.22807,
        "precision_at_5": 0.2031,
        "recall_at_1": 0.02796,
        "recall_at_10": 0.09775,
        "recall_at_100": 0.21938,
        "recall_at_1000": 0.56215,
        "recall_at_20": 0.12572,
        "recall_at_3": 0.05121,
        "recall_at_5": 0.07343
      }
    ]
  },
  "task_name": "NFCorpus"
}