{
  "dataset_revision": "ec0fa4fe99da2ff19ca1214b7966684033a58814",
  "evaluation_time": 3.0083839893341064,
  "kg_co2_emissions": null,
  "mteb_version": "1.14.12",
  "scores": {
    "test": [
      {
        "hf_subset": "default",
        "languages": [
          "eng-Latn"
        ],
        "main_score": 0.01925,
        "map_at_1": 0.00035,
        "map_at_10": 0.00207,
        "map_at_100": 0.00503,
        "map_at_1000": 0.01077,
        "map_at_20": 0.00287,
        "map_at_3": 0.00079,
        "map_at_5": 0.00142,
        "mrr_at_1": 0.021671826625386997,
        "mrr_at_10": 0.04717185119661899,
        "mrr_at_100": 0.05891652058167653,
        "mrr_at_1000": 0.0606462427561444,
        "mrr_at_20": 0.05288520704332702,
        "mrr_at_3": 0.032507739938080496,
        "mrr_at_5": 0.038235294117647055,
        "nauc_map_at_1000_diff1": 0.12384474374759194,
        "nauc_map_at_1000_max": -0.0834692345433191,
        "nauc_map_at_1000_std": 0.1739428856306619,
        "nauc_map_at_100_diff1": 0.28856555517864324,
        "nauc_map_at_100_max": -0.13423652207811676,
        "nauc_map_at_100_std": 0.30615265763465593,
        "nauc_map_at_10_diff1": 0.28172256427897985,
        "nauc_map_at_10_max": -0.20278486102991145,
        "nauc_map_at_10_std": 0.41287472091878213,
        "nauc_map_at_1_diff1": 0.6574976053403323,
        "nauc_map_at_1_max": -0.31119101124085163,
        "nauc_map_at_1_std": 0.577646774830412,
        "nauc_map_at_20_diff1": 0.2905634570301412,
        "nauc_map_at_20_max": -0.16013254366267538,
        "nauc_map_at_20_std": 0.36842343784758247,
        "nauc_map_at_3_diff1": 0.6691305342896343,
        "nauc_map_at_3_max": -0.2749102647326143,
        "nauc_map_at_3_std": 0.4697874825805157,
        "nauc_map_at_5_diff1": 0.3164543783115775,
        "nauc_map_at_5_max": -0.1909718224290168,
        "nauc_map_at_5_std": 0.4812013187653692,
        "nauc_mrr_at_1000_diff1": 0.10533555184862832,
        "nauc_mrr_at_1000_max": -0.13730740763767038,
        "nauc_mrr_at_1000_std": 0.08091885511329713,
        "nauc_mrr_at_100_diff1": 0.10618315049114593,
        "nauc_mrr_at_100_max": -0.13601405041629014,
        "nauc_mrr_at_100_std": 0.08219226885759956,
        "nauc_mrr_at_10_diff1": 0.10463623169219675,
        "nauc_mrr_at_10_max": -0.14482403748828038,
        "nauc_mrr_at_10_std": 0.08280327737464549,
        "nauc_mrr_at_1_diff1": 0.22703897891539493,
        "nauc_mrr_at_1_max": -0.36349558141903093,
        "nauc_mrr_at_1_std": 0.13110378328887848,
        "nauc_mrr_at_20_diff1": 0.10446562254688356,
        "nauc_mrr_at_20_max": -0.14608408831876057,
        "nauc_mrr_at_20_std": 0.08694029256666633,
        "nauc_mrr_at_3_diff1": 0.22315263864801252,
        "nauc_mrr_at_3_max": -0.23406981093490947,
        "nauc_mrr_at_3_std": 0.109550141081362,
        "nauc_mrr_at_5_diff1": 0.1296819187184141,
        "nauc_mrr_at_5_max": -0.17557071950006484,
        "nauc_mrr_at_5_std": 0.0825818278515333,
        "nauc_ndcg_at_1000_diff1": 0.0031293187997202,
        "nauc_ndcg_at_1000_max": 0.02176912726193746,
        "nauc_ndcg_at_1000_std": 0.021537867710501306,
        "nauc_ndcg_at_100_diff1": 0.14653606596289823,
        "nauc_ndcg_at_100_max": -0.05928005188674654,
        "nauc_ndcg_at_100_std": 0.13120150536258043,
        "nauc_ndcg_at_10_diff1": 0.09236272975263501,
        "nauc_ndcg_at_10_max": -0.12177224527285964,
        "nauc_ndcg_at_10_std": 0.144858024615063,
        "nauc_ndcg_at_1_diff1": 0.22703897891539493,
        "nauc_ndcg_at_1_max": -0.36349558141903093,
        "nauc_ndcg_at_1_std": 0.13110378328887848,
        "nauc_ndcg_at_20_diff1": 0.12008889008175877,
        "nauc_ndcg_at_20_max": -0.10135887101237646,
        "nauc_ndcg_at_20_std": 0.13251645139375579,
        "nauc_ndcg_at_3_diff1": 0.23438322860375047,
        "nauc_ndcg_at_3_max": -0.19158909800466065,
        "nauc_ndcg_at_3_std": 0.14630368747354125,
        "nauc_ndcg_at_5_diff1": 0.15180625644793622,
        "nauc_ndcg_at_5_max": -0.14128707040187444,
        "nauc_ndcg_at_5_std": 0.14195242515638645,
        "nauc_precision_at_1000_diff1": -0.12039144088569922,
        "nauc_precision_at_1000_max": -0.04816826605900245,
        "nauc_precision_at_1000_std": -0.060253644380393635,
        "nauc_precision_at_100_diff1": 0.00031146727627977353,
        "nauc_precision_at_100_max": -0.03819699273545246,
        "nauc_precision_at_100_std": 0.026458059966411006,
        "nauc_precision_at_10_diff1": 0.06379826455948266,
        "nauc_precision_at_10_max": -0.07429232540251905,
        "nauc_precision_at_10_std": 0.13562516154429693,
        "nauc_precision_at_1_diff1": 0.22703897891539493,
        "nauc_precision_at_1_max": -0.36349558141903093,
        "nauc_precision_at_1_std": 0.13110378328887848,
        "nauc_precision_at_20_diff1": 0.10758129802045938,
        "nauc_precision_at_20_max": -0.09295471269145254,
        "nauc_precision_at_20_std": 0.12177646182819915,
        "nauc_precision_at_3_diff1": 0.27524326099887436,
        "nauc_precision_at_3_max": -0.16651695799644528,
        "nauc_precision_at_3_std": 0.18734610774762894,
        "nauc_precision_at_5_diff1": 0.14913306373852236,
        "nauc_precision_at_5_max": -0.09228795123495107,
        "nauc_precision_at_5_std": 0.15327677615055374,
        "nauc_recall_at_1000_diff1": -0.014294656243051608,
        "nauc_recall_at_1000_max": 0.03378804352669038,
        "nauc_recall_at_1000_std": 0.04478745906244167,
        "nauc_recall_at_100_diff1": 0.1945595514861419,
        "nauc_recall_at_100_max": -0.05038724664970666,
        "nauc_recall_at_100_std": 0.1373647343535645,
        "nauc_recall_at_10_diff1": 0.07594348274468327,
        "nauc_recall_at_10_max": -0.1612339380928596,
        "nauc_recall_at_10_std": 0.3072341822209732,
        "nauc_recall_at_1_diff1": 0.6574976053403323,
        "nauc_recall_at_1_max": -0.31119101124085163,
        "nauc_recall_at_1_std": 0.577646774830412,
        "nauc_recall_at_20_diff1": 0.1786973425714759,
        "nauc_recall_at_20_max": -0.05516726921148387,
        "nauc_recall_at_20_std": 0.21298579375363438,
        "nauc_recall_at_3_diff1": 0.6653105391241975,
        "nauc_recall_at_3_max": -0.28073139122150914,
        "nauc_recall_at_3_std": 0.4411019125558767,
        "nauc_recall_at_5_diff1": 0.03959795781018929,
        "nauc_recall_at_5_max": -0.1525873068870839,
        "nauc_recall_at_5_std": 0.4289978833144029,
        "ndcg_at_1": 0.02167,
        "ndcg_at_10": 0.01925,
        "ndcg_at_100": 0.03541,
        "ndcg_at_1000": 0.12913,
        "ndcg_at_20": 0.02241,
        "ndcg_at_3": 0.01797,
        "ndcg_at_5": 0.01871,
        "precision_at_1": 0.02167,
        "precision_at_10": 0.01858,
        "precision_at_100": 0.0169,
        "precision_at_1000": 0.01311,
        "precision_at_20": 0.02012,
        "precision_at_3": 0.01858,
        "precision_at_5": 0.0192,
        "recall_at_1": 0.00035,
        "recall_at_10": 0.00685,
        "recall_at_100": 0.05616,
        "recall_at_1000": 0.38134,
        "recall_at_20": 0.0136,
        "recall_at_3": 0.00129,
        "recall_at_5": 0.00348
      }
    ]
  },
  "task_name": "NFCorpus"
}