{
  "dataset_revision": "ec0fa4fe99da2ff19ca1214b7966684033a58814",
  "evaluation_time": 2.9776499271392822,
  "kg_co2_emissions": null,
  "mteb_version": "1.14.12",
  "scores": {
    "test": [
      {
        "hf_subset": "default",
        "languages": [
          "eng-Latn"
        ],
        "main_score": 0.2144,
        "map_at_1": 0.03311,
        "map_at_10": 0.07027,
        "map_at_100": 0.0923,
        "map_at_1000": 0.10538,
        "map_at_20": 0.07899,
        "map_at_3": 0.05191,
        "map_at_5": 0.06108,
        "mrr_at_1": 0.29721362229102166,
        "mrr_at_10": 0.37594844955526063,
        "mrr_at_100": 0.38493745211441094,
        "mrr_at_1000": 0.38561808978605683,
        "mrr_at_20": 0.38096190287000115,
        "mrr_at_3": 0.3555211558307533,
        "mrr_at_5": 0.3663570691434468,
        "nauc_map_at_1000_diff1": 0.0739813216892784,
        "nauc_map_at_1000_max": 0.3197658987588917,
        "nauc_map_at_1000_std": 0.14248391042992822,
        "nauc_map_at_100_diff1": 0.0866245749425283,
        "nauc_map_at_100_max": 0.30989904562852827,
        "nauc_map_at_100_std": 0.10650763445726057,
        "nauc_map_at_10_diff1": 0.10575742764646417,
        "nauc_map_at_10_max": 0.265018724154648,
        "nauc_map_at_10_std": 0.0225846598941029,
        "nauc_map_at_1_diff1": 0.11839769853922258,
        "nauc_map_at_1_max": 0.15459095109020737,
        "nauc_map_at_1_std": -0.1074253115894539,
        "nauc_map_at_20_diff1": 0.10059911041993251,
        "nauc_map_at_20_max": 0.28255350558776543,
        "nauc_map_at_20_std": 0.05195414646683182,
        "nauc_map_at_3_diff1": 0.09948978376406928,
        "nauc_map_at_3_max": 0.1782853223402684,
        "nauc_map_at_3_std": -0.07461655993363234,
        "nauc_map_at_5_diff1": 0.10791076437158077,
        "nauc_map_at_5_max": 0.21686661680088193,
        "nauc_map_at_5_std": -0.0266142892708431,
        "nauc_mrr_at_1000_diff1": 0.254558615626918,
        "nauc_mrr_at_1000_max": 0.41479416093372456,
        "nauc_mrr_at_1000_std": 0.15039207906605984,
        "nauc_mrr_at_100_diff1": 0.25442527916785274,
        "nauc_mrr_at_100_max": 0.41501453546498257,
        "nauc_mrr_at_100_std": 0.15085693003704448,
        "nauc_mrr_at_10_diff1": 0.25132839558319975,
        "nauc_mrr_at_10_max": 0.409511616114366,
        "nauc_mrr_at_10_std": 0.14724967963168326,
        "nauc_mrr_at_1_diff1": 0.2981480757740007,
        "nauc_mrr_at_1_max": 0.39074093777083047,
        "nauc_mrr_at_1_std": 0.1011634812810247,
        "nauc_mrr_at_20_diff1": 0.2546728143085616,
        "nauc_mrr_at_20_max": 0.41478267320405854,
        "nauc_mrr_at_20_std": 0.15072083215674914,
        "nauc_mrr_at_3_diff1": 0.26576830775774707,
        "nauc_mrr_at_3_max": 0.40045327759103955,
        "nauc_mrr_at_3_std": 0.12944324745249342,
        "nauc_mrr_at_5_diff1": 0.2554630934756027,
        "nauc_mrr_at_5_max": 0.402122653377931,
        "nauc_mrr_at_5_std": 0.1396721822835186,
        "nauc_ndcg_at_1000_diff1": 0.0837930810585654,
        "nauc_ndcg_at_1000_max": 0.456722522433138,
        "nauc_ndcg_at_1000_std": 0.2637179610652113,
        "nauc_ndcg_at_100_diff1": 0.09740655875983724,
        "nauc_ndcg_at_100_max": 0.3979985507821402,
        "nauc_ndcg_at_100_std": 0.2059026582944759,
        "nauc_ndcg_at_10_diff1": 0.10587999491182884,
        "nauc_ndcg_at_10_max": 0.35648733943538763,
        "nauc_ndcg_at_10_std": 0.19421613498724574,
        "nauc_ndcg_at_1_diff1": 0.29887063034572625,
        "nauc_ndcg_at_1_max": 0.36420163799809224,
        "nauc_ndcg_at_1_std": 0.11592270983004094,
        "nauc_ndcg_at_20_diff1": 0.09491476941585933,
        "nauc_ndcg_at_20_max": 0.3498718337895454,
        "nauc_ndcg_at_20_std": 0.19014330815535577,
        "nauc_ndcg_at_3_diff1": 0.1923425538742523,
        "nauc_ndcg_at_3_max": 0.34245151675628144,
        "nauc_ndcg_at_3_std": 0.13342848168267776,
        "nauc_ndcg_at_5_diff1": 0.15775628972224595,
        "nauc_ndcg_at_5_max": 0.3563287260421981,
        "nauc_ndcg_at_5_std": 0.17503931370002623,
        "nauc_precision_at_1000_diff1": -0.09922705142143465,
        "nauc_precision_at_1000_max": 0.09251165919789578,
        "nauc_precision_at_1000_std": 0.2339893184944681,
        "nauc_precision_at_100_diff1": -0.05605662636085773,
        "nauc_precision_at_100_max": 0.24457794141666456,
        "nauc_precision_at_100_std": 0.35479569912251513,
        "nauc_precision_at_10_diff1": 0.02290359263785745,
        "nauc_precision_at_10_max": 0.3659612593151838,
        "nauc_precision_at_10_std": 0.3012092722682417,
        "nauc_precision_at_1_diff1": 0.2981480757740007,
        "nauc_precision_at_1_max": 0.39074093777083047,
        "nauc_precision_at_1_std": 0.1011634812810247,
        "nauc_precision_at_20_diff1": -0.0038732482396996834,
        "nauc_precision_at_20_max": 0.3414509487169839,
        "nauc_precision_at_20_std": 0.33657082130237675,
        "nauc_precision_at_3_diff1": 0.15125643612126646,
        "nauc_precision_at_3_max": 0.3869954421157565,
        "nauc_precision_at_3_std": 0.19654166605544648,
        "nauc_precision_at_5_diff1": 0.09865712363495008,
        "nauc_precision_at_5_max": 0.38880362554370795,
        "nauc_precision_at_5_std": 0.2544008912539903,
        "nauc_recall_at_1000_diff1": -0.002598274008950569,
        "nauc_recall_at_1000_max": 0.31139629612461744,
        "nauc_recall_at_1000_std": 0.17197141052921897,
        "nauc_recall_at_100_diff1": 0.036386834768984154,
        "nauc_recall_at_100_max": 0.24159661626194398,
        "nauc_recall_at_100_std": 0.11610772657065041,
        "nauc_recall_at_10_diff1": 0.058485088537579014,
        "nauc_recall_at_10_max": 0.23856226097917424,
        "nauc_recall_at_10_std": 0.043795524652836024,
        "nauc_recall_at_1_diff1": 0.11839769853922258,
        "nauc_recall_at_1_max": 0.15459095109020737,
        "nauc_recall_at_1_std": -0.1074253115894539,
        "nauc_recall_at_20_diff1": 0.056571606694811004,
        "nauc_recall_at_20_max": 0.20927479482868291,
        "nauc_recall_at_20_std": 0.03871588591757239,
        "nauc_recall_at_3_diff1": 0.06334935122946474,
        "nauc_recall_at_3_max": 0.14130015635245277,
        "nauc_recall_at_3_std": -0.07047023184804024,
        "nauc_recall_at_5_diff1": 0.06872485506555126,
        "nauc_recall_at_5_max": 0.18301252199959236,
        "nauc_recall_at_5_std": -0.006317962714517019,
        "ndcg_at_1": 0.28019,
        "ndcg_at_10": 0.2144,
        "ndcg_at_100": 0.21673,
        "ndcg_at_1000": 0.31417,
        "ndcg_at_20": 0.20529,
        "ndcg_at_3": 0.24564,
        "ndcg_at_5": 0.23321,
        "precision_at_1": 0.29721,
        "precision_at_10": 0.16192,
        "precision_at_100": 0.05991,
        "precision_at_1000": 0.01937,
        "precision_at_20": 0.12477,
        "precision_at_3": 0.23426,
        "precision_at_5": 0.20619,
        "recall_at_1": 0.03311,
        "recall_at_10": 0.1001,
        "recall_at_100": 0.25159,
        "recall_at_1000": 0.57934,
        "recall_at_20": 0.13467,
        "recall_at_3": 0.06135,
        "recall_at_5": 0.08028
      }
    ]
  },
  "task_name": "NFCorpus"
}