{
  "dataset_revision": "ec0fa4fe99da2ff19ca1214b7966684033a58814",
  "evaluation_time": 3.037317991256714,
  "kg_co2_emissions": null,
  "mteb_version": "1.14.12",
  "scores": {
    "test": [
      {
        "hf_subset": "default",
        "languages": [
          "eng-Latn"
        ],
        "main_score": 0.01112,
        "map_at_1": 2e-05,
        "map_at_10": 0.00051,
        "map_at_100": 0.00212,
        "map_at_1000": 0.00669,
        "map_at_20": 0.00088,
        "map_at_3": 0.00022,
        "map_at_5": 0.00033,
        "mrr_at_1": 0.006191950464396285,
        "mrr_at_10": 0.025303454715219425,
        "mrr_at_100": 0.038302591854043756,
        "mrr_at_1000": 0.039760027042090265,
        "mrr_at_20": 0.03126049551192608,
        "mrr_at_3": 0.013931888544891639,
        "mrr_at_5": 0.018885448916408667,
        "nauc_map_at_1000_diff1": -0.08964135933092647,
        "nauc_map_at_1000_max": 0.09806849039708954,
        "nauc_map_at_1000_std": -0.008906893332915368,
        "nauc_map_at_100_diff1": 0.08897045190076315,
        "nauc_map_at_100_max": 0.014213285080001359,
        "nauc_map_at_100_std": 0.14210987467595923,
        "nauc_map_at_10_diff1": 0.24926664356716183,
        "nauc_map_at_10_max": -0.07021685461728543,
        "nauc_map_at_10_std": 0.3702658446510331,
        "nauc_map_at_1_diff1": -0.2664191388310693,
        "nauc_map_at_1_max": 1.0,
        "nauc_map_at_1_std": -0.5008117015518123,
        "nauc_map_at_20_diff1": 0.28333407712978753,
        "nauc_map_at_20_max": -0.09853759739975515,
        "nauc_map_at_20_std": 0.3501810551951673,
        "nauc_map_at_3_diff1": 0.5042105608241326,
        "nauc_map_at_3_max": -0.20726510358185818,
        "nauc_map_at_3_std": 0.4819108395357851,
        "nauc_map_at_5_diff1": 0.31360646057343056,
        "nauc_map_at_5_max": -0.16316437924411395,
        "nauc_map_at_5_std": 0.4659717712141205,
        "nauc_mrr_at_1000_diff1": -0.05437464918583477,
        "nauc_mrr_at_1000_max": 0.12765924669730208,
        "nauc_mrr_at_1000_std": 0.022522399226265446,
        "nauc_mrr_at_100_diff1": -0.05423107077678392,
        "nauc_mrr_at_100_max": 0.12399092125889523,
        "nauc_mrr_at_100_std": 0.024649079540036468,
        "nauc_mrr_at_10_diff1": -0.07228503430007395,
        "nauc_mrr_at_10_max": 0.18691687879434313,
        "nauc_mrr_at_10_std": 0.026681639080557776,
        "nauc_mrr_at_1_diff1": -0.26170541121417984,
        "nauc_mrr_at_1_max": 1.0,
        "nauc_mrr_at_1_std": -0.4941247856301785,
        "nauc_mrr_at_20_diff1": -0.043615819105632087,
        "nauc_mrr_at_20_max": 0.11914022819488514,
        "nauc_mrr_at_20_std": 0.04748544561039376,
        "nauc_mrr_at_3_diff1": 0.01472862379611267,
        "nauc_mrr_at_3_max": 0.25365709531787567,
        "nauc_mrr_at_3_std": -0.02001141516656603,
        "nauc_mrr_at_5_diff1": -0.032022055592347665,
        "nauc_mrr_at_5_max": 0.17907509999550855,
        "nauc_mrr_at_5_std": 0.04239573321984923,
        "nauc_ndcg_at_1000_diff1": -0.11933426267115294,
        "nauc_ndcg_at_1000_max": 0.07042724172338315,
        "nauc_ndcg_at_1000_std": -0.060964309977103545,
        "nauc_ndcg_at_100_diff1": -0.05422713053093934,
        "nauc_ndcg_at_100_max": 0.09316731155043369,
        "nauc_ndcg_at_100_std": 0.01666432831131275,
        "nauc_ndcg_at_10_diff1": -0.12479773083897859,
        "nauc_ndcg_at_10_max": 0.23138776362487645,
        "nauc_ndcg_at_10_std": 0.007414064553361214,
        "nauc_ndcg_at_1_diff1": -0.26170541121417984,
        "nauc_ndcg_at_1_max": 1.0,
        "nauc_ndcg_at_1_std": -0.4941247856301785,
        "nauc_ndcg_at_20_diff1": -0.057565327228337744,
        "nauc_ndcg_at_20_max": 0.1396737363946347,
        "nauc_ndcg_at_20_std": 0.04015369176870154,
        "nauc_ndcg_at_3_diff1": 0.011960205369273932,
        "nauc_ndcg_at_3_max": 0.3630762776205334,
        "nauc_ndcg_at_3_std": -0.04089790476319862,
        "nauc_ndcg_at_5_diff1": -0.08253553782813527,
        "nauc_ndcg_at_5_max": 0.283902257900157,
        "nauc_ndcg_at_5_std": 0.004784747416461062,
        "nauc_precision_at_1000_diff1": -0.22843510617350177,
        "nauc_precision_at_1000_max": 0.16334530452625923,
        "nauc_precision_at_1000_std": -0.15041079685505857,
        "nauc_precision_at_100_diff1": -0.17667250915035984,
        "nauc_precision_at_100_max": 0.14104968667350046,
        "nauc_precision_at_100_std": -0.04523376134397547,
        "nauc_precision_at_10_diff1": -0.11385780062628668,
        "nauc_precision_at_10_max": 0.1923926594831735,
        "nauc_precision_at_10_std": 0.022187373705264194,
        "nauc_precision_at_1_diff1": -0.26170541121417984,
        "nauc_precision_at_1_max": 1.0,
        "nauc_precision_at_1_std": -0.4941247856301785,
        "nauc_precision_at_20_diff1": -0.045908512065671946,
        "nauc_precision_at_20_max": 0.08773086307704435,
        "nauc_precision_at_20_std": 0.04449233682499759,
        "nauc_precision_at_3_diff1": 0.11313867363114606,
        "nauc_precision_at_3_max": 0.2033253992813477,
        "nauc_precision_at_3_std": 0.05775200645766252,
        "nauc_precision_at_5_diff1": -0.031422798208378885,
        "nauc_precision_at_5_max": 0.19336802808115308,
        "nauc_precision_at_5_std": 0.06119093138507505,
        "nauc_recall_at_1000_diff1": -0.08920644908540347,
        "nauc_recall_at_1000_max": 0.04991200301904486,
        "nauc_recall_at_1000_std": -0.078574036037058,
        "nauc_recall_at_100_diff1": -0.008298453600576884,
        "nauc_recall_at_100_max": 0.049392066362880585,
        "nauc_recall_at_100_std": -0.01539117458508072,
        "nauc_recall_at_10_diff1": 0.19784890922892512,
        "nauc_recall_at_10_max": -0.02506441234220527,
        "nauc_recall_at_10_std": 0.3313423447754173,
        "nauc_recall_at_1_diff1": -0.2664191388310693,
        "nauc_recall_at_1_max": 1.0,
        "nauc_recall_at_1_std": -0.5008117015518123,
        "nauc_recall_at_20_diff1": 0.2109569688505263,
        "nauc_recall_at_20_max": -0.10123330306737038,
        "nauc_recall_at_20_std": 0.25997097278396936,
        "nauc_recall_at_3_diff1": 0.6194298190832798,
        "nauc_recall_at_3_max": -0.3173295337191012,
        "nauc_recall_at_3_std": 0.5786322652829503,
        "nauc_recall_at_5_diff1": 0.31477755130818874,
        "nauc_recall_at_5_max": -0.25086310164140163,
        "nauc_recall_at_5_std": 0.5485873724464088,
        "ndcg_at_1": 0.00619,
        "ndcg_at_10": 0.01112,
        "ndcg_at_100": 0.02501,
        "ndcg_at_1000": 0.11179,
        "ndcg_at_20": 0.0128,
        "ndcg_at_3": 0.00856,
        "ndcg_at_5": 0.00962,
        "precision_at_1": 0.00619,
        "precision_at_10": 0.013,
        "precision_at_100": 0.01406,
        "precision_at_1000": 0.01186,
        "precision_at_20": 0.01424,
        "precision_at_3": 0.01032,
        "precision_at_5": 0.01176,
        "recall_at_1": 2e-05,
        "recall_at_10": 0.00214,
        "recall_at_100": 0.04175,
        "recall_at_1000": 0.34101,
        "recall_at_20": 0.0064,
        "recall_at_3": 0.00057,
        "recall_at_5": 0.00102
      }
    ]
  },
  "task_name": "NFCorpus"
}