{
  "dataset_revision": "ec0fa4fe99da2ff19ca1214b7966684033a58814",
  "evaluation_time": 3.008425235748291,
  "kg_co2_emissions": null,
  "mteb_version": "1.14.12",
  "scores": {
    "test": [
      {
        "hf_subset": "default",
        "languages": [
          "eng-Latn"
        ],
        "main_score": 0.06491,
        "map_at_1": 0.00584,
        "map_at_10": 0.01379,
        "map_at_100": 0.02189,
        "map_at_1000": 0.03085,
        "map_at_20": 0.01588,
        "map_at_3": 0.009,
        "map_at_5": 0.01132,
        "mrr_at_1": 0.08978328173374613,
        "mrr_at_10": 0.13903385915769823,
        "mrr_at_100": 0.1512679788579735,
        "mrr_at_1000": 0.15245104730180178,
        "mrr_at_20": 0.14448773430420442,
        "mrr_at_3": 0.11403508771929825,
        "mrr_at_5": 0.1276573787409701,
        "nauc_map_at_1000_diff1": -0.07522675722705488,
        "nauc_map_at_1000_max": 0.3339997858792312,
        "nauc_map_at_1000_std": 0.2744004229260036,
        "nauc_map_at_100_diff1": -0.09944633945647188,
        "nauc_map_at_100_max": 0.35568499461444475,
        "nauc_map_at_100_std": 0.27116365715446783,
        "nauc_map_at_10_diff1": -0.09576667323739749,
        "nauc_map_at_10_max": 0.3830815453276465,
        "nauc_map_at_10_std": 0.23819990687559758,
        "nauc_map_at_1_diff1": 0.008622414218747914,
        "nauc_map_at_1_max": 0.4701884848950866,
        "nauc_map_at_1_std": 0.1679873776200834,
        "nauc_map_at_20_diff1": -0.08906733773551213,
        "nauc_map_at_20_max": 0.367134336468991,
        "nauc_map_at_20_std": 0.2584604644317811,
        "nauc_map_at_3_diff1": -0.058058288549236454,
        "nauc_map_at_3_max": 0.3559899298076272,
        "nauc_map_at_3_std": 0.2384895777345056,
        "nauc_map_at_5_diff1": -0.08231163518513905,
        "nauc_map_at_5_max": 0.37639659124325864,
        "nauc_map_at_5_std": 0.24342902654591214,
        "nauc_mrr_at_1000_diff1": 0.12535330141494014,
        "nauc_mrr_at_1000_max": 0.2949287670899236,
        "nauc_mrr_at_1000_std": 0.23961359207891145,
        "nauc_mrr_at_100_diff1": 0.124101512972689,
        "nauc_mrr_at_100_max": 0.29472433131145964,
        "nauc_mrr_at_100_std": 0.2394402244577511,
        "nauc_mrr_at_10_diff1": 0.12213568719584003,
        "nauc_mrr_at_10_max": 0.2844263570362552,
        "nauc_mrr_at_10_std": 0.23825991549996825,
        "nauc_mrr_at_1_diff1": 0.1615030169616682,
        "nauc_mrr_at_1_max": 0.36064184081135825,
        "nauc_mrr_at_1_std": 0.2726498642784432,
        "nauc_mrr_at_20_diff1": 0.12786963410039986,
        "nauc_mrr_at_20_max": 0.28841255005680233,
        "nauc_mrr_at_20_std": 0.24248788788416767,
        "nauc_mrr_at_3_diff1": 0.1642263550935908,
        "nauc_mrr_at_3_max": 0.3106864948900848,
        "nauc_mrr_at_3_std": 0.2776361881504062,
        "nauc_mrr_at_5_diff1": 0.12450659359227491,
        "nauc_mrr_at_5_max": 0.29122327805117515,
        "nauc_mrr_at_5_std": 0.258246887931681,
        "nauc_ndcg_at_1000_diff1": 0.009451126810445252,
        "nauc_ndcg_at_1000_max": 0.3336595837184984,
        "nauc_ndcg_at_1000_std": 0.20736984257053756,
        "nauc_ndcg_at_100_diff1": -0.04727386037726676,
        "nauc_ndcg_at_100_max": 0.29766854926620945,
        "nauc_ndcg_at_100_std": 0.22461252304095866,
        "nauc_ndcg_at_10_diff1": 0.018930175573036653,
        "nauc_ndcg_at_10_max": 0.32672918131444667,
        "nauc_ndcg_at_10_std": 0.2841273427424914,
        "nauc_ndcg_at_1_diff1": 0.1540276621251383,
        "nauc_ndcg_at_1_max": 0.3939608791048986,
        "nauc_ndcg_at_1_std": 0.27274282748273265,
        "nauc_ndcg_at_20_diff1": 0.0001554592031399079,
        "nauc_ndcg_at_20_max": 0.2937863097657155,
        "nauc_ndcg_at_20_std": 0.2924720322293315,
        "nauc_ndcg_at_3_diff1": 0.12192968204090367,
        "nauc_ndcg_at_3_max": 0.3541253940010981,
        "nauc_ndcg_at_3_std": 0.3367237469880012,
        "nauc_ndcg_at_5_diff1": 0.05062818584193589,
        "nauc_ndcg_at_5_max": 0.34463504337454465,
        "nauc_ndcg_at_5_std": 0.32857278906644155,
        "nauc_precision_at_1000_diff1": 0.06663919525608679,
        "nauc_precision_at_1000_max": 0.14673383952669464,
        "nauc_precision_at_1000_std": 0.11537040706039471,
        "nauc_precision_at_100_diff1": -0.007035643520905337,
        "nauc_precision_at_100_max": 0.19930494685860078,
        "nauc_precision_at_100_std": 0.22459274535480825,
        "nauc_precision_at_10_diff1": -0.02326947303570084,
        "nauc_precision_at_10_max": 0.26777497310827686,
        "nauc_precision_at_10_std": 0.24781228001057548,
        "nauc_precision_at_1_diff1": 0.1615030169616682,
        "nauc_precision_at_1_max": 0.36064184081135825,
        "nauc_precision_at_1_std": 0.2726498642784432,
        "nauc_precision_at_20_diff1": -0.023574296199785776,
        "nauc_precision_at_20_max": 0.23303468577002112,
        "nauc_precision_at_20_std": 0.2895579057295968,
        "nauc_precision_at_3_diff1": 0.09855204896200839,
        "nauc_precision_at_3_max": 0.3080268563507646,
        "nauc_precision_at_3_std": 0.34855526026483175,
        "nauc_precision_at_5_diff1": -0.001211307145744245,
        "nauc_precision_at_5_max": 0.2899154839764308,
        "nauc_precision_at_5_std": 0.31178572291410894,
        "nauc_recall_at_1000_diff1": 0.024234976662207957,
        "nauc_recall_at_1000_max": 0.24150734808520777,
        "nauc_recall_at_1000_std": 0.04470228703427669,
        "nauc_recall_at_100_diff1": -0.12627655103415902,
        "nauc_recall_at_100_max": 0.19317248329537468,
        "nauc_recall_at_100_std": 0.0726795240528331,
        "nauc_recall_at_10_diff1": -0.11412714091852968,
        "nauc_recall_at_10_max": 0.2580180616468788,
        "nauc_recall_at_10_std": 0.10438248393600576,
        "nauc_recall_at_1_diff1": 0.008622414218747914,
        "nauc_recall_at_1_max": 0.4701884848950866,
        "nauc_recall_at_1_std": 0.1679873776200834,
        "nauc_recall_at_20_diff1": -0.07744764114115872,
        "nauc_recall_at_20_max": 0.19045866588730104,
        "nauc_recall_at_20_std": 0.18092993571441948,
        "nauc_recall_at_3_diff1": -0.10187200825200463,
        "nauc_recall_at_3_max": 0.24545101599106459,
        "nauc_recall_at_3_std": 0.2599153387156084,
        "nauc_recall_at_5_diff1": -0.1409399476392495,
        "nauc_recall_at_5_max": 0.28074839038868704,
        "nauc_recall_at_5_std": 0.20880383284937018,
        "ndcg_at_1": 0.08204,
        "ndcg_at_10": 0.06491,
        "ndcg_at_100": 0.08676,
        "ndcg_at_1000": 0.18806,
        "ndcg_at_20": 0.06367,
        "ndcg_at_3": 0.06859,
        "ndcg_at_5": 0.07001,
        "precision_at_1": 0.08978,
        "precision_at_10": 0.05604,
        "precision_at_100": 0.03201,
        "precision_at_1000": 0.01589,
        "precision_at_20": 0.04659,
        "precision_at_3": 0.06811,
        "precision_at_5": 0.06873,
        "recall_at_1": 0.00584,
        "recall_at_10": 0.02679,
        "recall_at_100": 0.12473,
        "recall_at_1000": 0.46392,
        "recall_at_20": 0.03988,
        "recall_at_3": 0.01127,
        "recall_at_5": 0.01731
      }
    ]
  },
  "task_name": "NFCorpus"
}