{
  "dataset_revision": "ec0fa4fe99da2ff19ca1214b7966684033a58814",
  "evaluation_time": 3.0564069747924805,
  "kg_co2_emissions": null,
  "mteb_version": "1.14.12",
  "scores": {
    "test": [
      {
        "hf_subset": "default",
        "languages": [
          "eng-Latn"
        ],
        "main_score": 0.0257,
        "map_at_1": 0.00066,
        "map_at_10": 0.00277,
        "map_at_100": 0.00536,
        "map_at_1000": 0.0115,
        "map_at_20": 0.00352,
        "map_at_3": 0.00166,
        "map_at_5": 0.00201,
        "mrr_at_1": 0.034055727554179564,
        "mrr_at_10": 0.06746154602191752,
        "mrr_at_100": 0.07807771665314746,
        "mrr_at_1000": 0.07994127947818701,
        "mrr_at_20": 0.07168978491956761,
        "mrr_at_3": 0.05469556243550052,
        "mrr_at_5": 0.061042311661506705,
        "nauc_map_at_1000_diff1": 0.005898056172526633,
        "nauc_map_at_1000_max": 0.02725603966863495,
        "nauc_map_at_1000_std": 0.1481339911674117,
        "nauc_map_at_100_diff1": 0.07746398079625605,
        "nauc_map_at_100_max": 0.005858596828093544,
        "nauc_map_at_100_std": 0.19306135949578185,
        "nauc_map_at_10_diff1": 0.15734000948441831,
        "nauc_map_at_10_max": -0.03401795133766565,
        "nauc_map_at_10_std": 0.22025233352951903,
        "nauc_map_at_1_diff1": 0.2470696007503142,
        "nauc_map_at_1_max": -0.03277857301025781,
        "nauc_map_at_1_std": 0.16872558965648315,
        "nauc_map_at_20_diff1": 0.12569113400574738,
        "nauc_map_at_20_max": -0.02561306982076757,
        "nauc_map_at_20_std": 0.20935695954945108,
        "nauc_map_at_3_diff1": 0.32536410840000834,
        "nauc_map_at_3_max": -0.16517292114308788,
        "nauc_map_at_3_std": 0.35148717838978827,
        "nauc_map_at_5_diff1": 0.22676319350509902,
        "nauc_map_at_5_max": -0.1184336509055728,
        "nauc_map_at_5_std": 0.2774667166877523,
        "nauc_mrr_at_1000_diff1": 0.017130834024750758,
        "nauc_mrr_at_1000_max": -0.011705291952448899,
        "nauc_mrr_at_1000_std": 0.1270306340013122,
        "nauc_mrr_at_100_diff1": 0.0166113262755765,
        "nauc_mrr_at_100_max": -0.01147154544395423,
        "nauc_mrr_at_100_std": 0.12679528476223098,
        "nauc_mrr_at_10_diff1": 0.032038798655840285,
        "nauc_mrr_at_10_max": -0.021023733773517534,
        "nauc_mrr_at_10_std": 0.14500770498580118,
        "nauc_mrr_at_1_diff1": 0.01403913156346097,
        "nauc_mrr_at_1_max": 0.02394210378311537,
        "nauc_mrr_at_1_std": 0.1141699743381387,
        "nauc_mrr_at_20_diff1": 0.02934444874581894,
        "nauc_mrr_at_20_max": -0.01962237858984424,
        "nauc_mrr_at_20_std": 0.13889381591041602,
        "nauc_mrr_at_3_diff1": 0.051099785616228466,
        "nauc_mrr_at_3_max": -0.04884026648522771,
        "nauc_mrr_at_3_std": 0.20051729675476507,
        "nauc_mrr_at_5_diff1": 0.05010750647960519,
        "nauc_mrr_at_5_max": -0.018584238280473876,
        "nauc_mrr_at_5_std": 0.1685742452144635,
        "nauc_ndcg_at_1000_diff1": -0.07301412232547706,
        "nauc_ndcg_at_1000_max": 0.06946098831756363,
        "nauc_ndcg_at_1000_std": 0.017103036478695873,
        "nauc_ndcg_at_100_diff1": 0.0020354742340010367,
        "nauc_ndcg_at_100_max": 0.025433245107902236,
        "nauc_ndcg_at_100_std": 0.10747911102439624,
        "nauc_ndcg_at_10_diff1": 0.017106839995847826,
        "nauc_ndcg_at_10_max": -0.006905426336370428,
        "nauc_ndcg_at_10_std": 0.14280357449128048,
        "nauc_ndcg_at_1_diff1": -0.02246980608257005,
        "nauc_ndcg_at_1_max": 0.050079860516933784,
        "nauc_ndcg_at_1_std": 0.0876741209695757,
        "nauc_ndcg_at_20_diff1": 0.03619251538502736,
        "nauc_ndcg_at_20_max": -0.017966180488988556,
        "nauc_ndcg_at_20_std": 0.14948949309373621,
        "nauc_ndcg_at_3_diff1": 0.07448403458533338,
        "nauc_ndcg_at_3_max": -0.040352774396623325,
        "nauc_ndcg_at_3_std": 0.217789694792678,
        "nauc_ndcg_at_5_diff1": 0.04639816852394338,
        "nauc_ndcg_at_5_max": -0.006617564602139313,
        "nauc_ndcg_at_5_std": 0.16001999317651863,
        "nauc_precision_at_1000_diff1": -0.09393452155631281,
        "nauc_precision_at_1000_max": 0.021478116354193333,
        "nauc_precision_at_1000_std": 0.03332402090140242,
        "nauc_precision_at_100_diff1": -0.031597229724910476,
        "nauc_precision_at_100_max": 0.01098707807715227,
        "nauc_precision_at_100_std": 0.1108303295933123,
        "nauc_precision_at_10_diff1": -0.004692517953599692,
        "nauc_precision_at_10_max": -0.019269636063628914,
        "nauc_precision_at_10_std": 0.13231123265652805,
        "nauc_precision_at_1_diff1": 0.01403913156346097,
        "nauc_precision_at_1_max": 0.02394210378311537,
        "nauc_precision_at_1_std": 0.1141699743381387,
        "nauc_precision_at_20_diff1": 0.030466973528368607,
        "nauc_precision_at_20_max": -0.020944875112458378,
        "nauc_precision_at_20_std": 0.14150704379546405,
        "nauc_precision_at_3_diff1": 0.10666634654209511,
        "nauc_precision_at_3_max": -0.08194115224210075,
        "nauc_precision_at_3_std": 0.2644263247756087,
        "nauc_precision_at_5_diff1": 0.044538568405301945,
        "nauc_precision_at_5_max": -0.00020298097913193773,
        "nauc_precision_at_5_std": 0.15596940393409495,
        "nauc_recall_at_1000_diff1": -0.11769677473134844,
        "nauc_recall_at_1000_max": 0.08718140491209504,
        "nauc_recall_at_1000_std": -0.07400337609312745,
        "nauc_recall_at_100_diff1": -0.05381191292512191,
        "nauc_recall_at_100_max": 0.1039243496728501,
        "nauc_recall_at_100_std": 0.018255354134398168,
        "nauc_recall_at_10_diff1": 0.010305707663311294,
        "nauc_recall_at_10_max": 0.09722125309195362,
        "nauc_recall_at_10_std": 0.0855256999957312,
        "nauc_recall_at_1_diff1": 0.2470696007503142,
        "nauc_recall_at_1_max": -0.03277857301025781,
        "nauc_recall_at_1_std": 0.16872558965648315,
        "nauc_recall_at_20_diff1": -0.028761713500102367,
        "nauc_recall_at_20_max": 0.046670669298739746,
        "nauc_recall_at_20_std": 0.0768659285992188,
        "nauc_recall_at_3_diff1": 0.31718380893898995,
        "nauc_recall_at_3_max": -0.17032196899520682,
        "nauc_recall_at_3_std": 0.3849731305884638,
        "nauc_recall_at_5_diff1": 0.15676211055590422,
        "nauc_recall_at_5_max": -0.10201517762701587,
        "nauc_recall_at_5_std": 0.23974360518755586,
        "ndcg_at_1": 0.03096,
        "ndcg_at_10": 0.0257,
        "ndcg_at_100": 0.03559,
        "ndcg_at_1000": 0.13408,
        "ndcg_at_20": 0.02559,
        "ndcg_at_3": 0.02985,
        "ndcg_at_5": 0.02748,
        "precision_at_1": 0.03406,
        "precision_at_10": 0.02477,
        "precision_at_100": 0.01709,
        "precision_at_1000": 0.0132,
        "precision_at_20": 0.02229,
        "precision_at_3": 0.03406,
        "precision_at_5": 0.02972,
        "recall_at_1": 0.00066,
        "recall_at_10": 0.00756,
        "recall_at_100": 0.05004,
        "recall_at_1000": 0.38939,
        "recall_at_20": 0.01329,
        "recall_at_3": 0.00254,
        "recall_at_5": 0.00374
      }
    ]
  },
  "task_name": "NFCorpus"
}