{
  "dataset_revision": "ec0fa4fe99da2ff19ca1214b7966684033a58814",
  "evaluation_time": 2.980144500732422,
  "kg_co2_emissions": null,
  "mteb_version": "1.14.12",
  "scores": {
    "test": [
      {
        "hf_subset": "default",
        "languages": [
          "eng-Latn"
        ],
        "main_score": 0.01571,
        "map_at_1": 0.00063,
        "map_at_10": 0.00174,
        "map_at_100": 0.00319,
        "map_at_1000": 0.00789,
        "map_at_20": 0.00205,
        "map_at_3": 0.00088,
        "map_at_5": 0.0015,
        "mrr_at_1": 0.015479876160990712,
        "mrr_at_10": 0.04153889626025848,
        "mrr_at_100": 0.05126237596053211,
        "mrr_at_1000": 0.05302838316319244,
        "mrr_at_20": 0.04554910571753922,
        "mrr_at_3": 0.02631578947368421,
        "mrr_at_5": 0.03560371517027863,
        "nauc_map_at_1000_diff1": 0.06697085454834305,
        "nauc_map_at_1000_max": -0.042151363866440826,
        "nauc_map_at_1000_std": 0.1645070442735823,
        "nauc_map_at_100_diff1": 0.12670377661638874,
        "nauc_map_at_100_max": -0.07947161476518176,
        "nauc_map_at_100_std": 0.23121776568487987,
        "nauc_map_at_10_diff1": 0.18091627540603583,
        "nauc_map_at_10_max": -0.041452821352338666,
        "nauc_map_at_10_std": 0.24485083953935557,
        "nauc_map_at_1_diff1": 0.3586088334758481,
        "nauc_map_at_1_max": -0.21684804407024846,
        "nauc_map_at_1_std": 0.7506483798252459,
        "nauc_map_at_20_diff1": 0.13695178773509048,
        "nauc_map_at_20_max": -0.06473105895232319,
        "nauc_map_at_20_std": 0.22317609070352648,
        "nauc_map_at_3_diff1": 0.3479795915014308,
        "nauc_map_at_3_max": -0.11720769327742496,
        "nauc_map_at_3_std": 0.6368360235652016,
        "nauc_map_at_5_diff1": 0.14839877762826528,
        "nauc_map_at_5_max": -0.007748705965198501,
        "nauc_map_at_5_std": 0.220762011263444,
        "nauc_mrr_at_1000_diff1": 0.1966084073615013,
        "nauc_mrr_at_1000_max": -0.09798890128137305,
        "nauc_mrr_at_1000_std": 0.2689659504090913,
        "nauc_mrr_at_100_diff1": 0.19374537634730857,
        "nauc_mrr_at_100_max": -0.09970210762608493,
        "nauc_mrr_at_100_std": 0.2686264783660725,
        "nauc_mrr_at_10_diff1": 0.23875399708221653,
        "nauc_mrr_at_10_max": -0.1144232516033348,
        "nauc_mrr_at_10_std": 0.32165833650216175,
        "nauc_mrr_at_1_diff1": 0.5493129020120661,
        "nauc_mrr_at_1_max": -0.2610514033135011,
        "nauc_mrr_at_1_std": 0.6153612210557905,
        "nauc_mrr_at_20_diff1": 0.2008196325088905,
        "nauc_mrr_at_20_max": -0.110082027528487,
        "nauc_mrr_at_20_std": 0.2815170829287999,
        "nauc_mrr_at_3_diff1": 0.41127103201439047,
        "nauc_mrr_at_3_max": -0.17046372563708417,
        "nauc_mrr_at_3_std": 0.4993629513018284,
        "nauc_mrr_at_5_diff1": 0.2586624850662513,
        "nauc_mrr_at_5_max": -0.12215433367202393,
        "nauc_mrr_at_5_std": 0.3442550207162096,
        "nauc_ndcg_at_1000_diff1": 0.06992943841768218,
        "nauc_ndcg_at_1000_max": -0.034898094721461805,
        "nauc_ndcg_at_1000_std": 0.11162648418307584,
        "nauc_ndcg_at_100_diff1": 0.0633381467836843,
        "nauc_ndcg_at_100_max": -0.0649810602338854,
        "nauc_ndcg_at_100_std": 0.153058244183302,
        "nauc_ndcg_at_10_diff1": 0.16368166489834368,
        "nauc_ndcg_at_10_max": -0.005539043275970653,
        "nauc_ndcg_at_10_std": 0.2012598887915536,
        "nauc_ndcg_at_1_diff1": 0.521167250100801,
        "nauc_ndcg_at_1_max": -0.3463589202295281,
        "nauc_ndcg_at_1_std": 0.6744193993137958,
        "nauc_ndcg_at_20_diff1": 0.08464235070561911,
        "nauc_ndcg_at_20_max": -0.04960214348131048,
        "nauc_ndcg_at_20_std": 0.14910363187328218,
        "nauc_ndcg_at_3_diff1": 0.34868420257050525,
        "nauc_ndcg_at_3_max": -0.03841082622505232,
        "nauc_ndcg_at_3_std": 0.4301361313577352,
        "nauc_ndcg_at_5_diff1": 0.1861347789487017,
        "nauc_ndcg_at_5_max": -0.019469978470867316,
        "nauc_ndcg_at_5_std": 0.24523741243560043,
        "nauc_precision_at_1000_diff1": -0.034819738930376085,
        "nauc_precision_at_1000_max": 0.034672903999355346,
        "nauc_precision_at_1000_std": 0.0414275357227431,
        "nauc_precision_at_100_diff1": -0.05603422076749597,
        "nauc_precision_at_100_max": -0.05002439870052975,
        "nauc_precision_at_100_std": 0.0604735704676615,
        "nauc_precision_at_10_diff1": 0.08590058942268954,
        "nauc_precision_at_10_max": -0.008322620367063152,
        "nauc_precision_at_10_std": 0.15325545306881752,
        "nauc_precision_at_1_diff1": 0.5493129020120661,
        "nauc_precision_at_1_max": -0.2610514033135011,
        "nauc_precision_at_1_std": 0.6153612210557905,
        "nauc_precision_at_20_diff1": -0.003552440466206251,
        "nauc_precision_at_20_max": -0.06770849208529368,
        "nauc_precision_at_20_std": 0.08514270064551625,
        "nauc_precision_at_3_diff1": 0.3602785775409445,
        "nauc_precision_at_3_max": -0.05976030837616843,
        "nauc_precision_at_3_std": 0.44743303605702867,
        "nauc_precision_at_5_diff1": 0.0995001318039654,
        "nauc_precision_at_5_max": -0.024338207147221905,
        "nauc_precision_at_5_std": 0.18480719221531916,
        "nauc_recall_at_1000_diff1": 0.13726435355031663,
        "nauc_recall_at_1000_max": -0.0412677950371221,
        "nauc_recall_at_1000_std": 0.13830586319692728,
        "nauc_recall_at_100_diff1": 0.08735313164667811,
        "nauc_recall_at_100_max": -0.03722175208790038,
        "nauc_recall_at_100_std": 0.14882346795627893,
        "nauc_recall_at_10_diff1": 0.12104121565019849,
        "nauc_recall_at_10_max": -0.037927096794999955,
        "nauc_recall_at_10_std": 0.06849629810491345,
        "nauc_recall_at_1_diff1": 0.3586088334758481,
        "nauc_recall_at_1_max": -0.21684804407024846,
        "nauc_recall_at_1_std": 0.7506483798252459,
        "nauc_recall_at_20_diff1": 0.019666054247244952,
        "nauc_recall_at_20_max": -0.08797266774259851,
        "nauc_recall_at_20_std": 0.04668791403029756,
        "nauc_recall_at_3_diff1": 0.36110288389120965,
        "nauc_recall_at_3_max": -0.15907988139199494,
        "nauc_recall_at_3_std": 0.6439619774670502,
        "nauc_recall_at_5_diff1": 0.010375474228022683,
        "nauc_recall_at_5_max": 0.05142989207879144,
        "nauc_recall_at_5_std": -0.06630718216661291,
        "ndcg_at_1": 0.01238,
        "ndcg_at_10": 0.01571,
        "ndcg_at_100": 0.02565,
        "ndcg_at_1000": 0.11585,
        "ndcg_at_20": 0.01669,
        "ndcg_at_3": 0.01445,
        "ndcg_at_5": 0.01611,
        "precision_at_1": 0.01548,
        "precision_at_10": 0.01579,
        "precision_at_100": 0.01282,
        "precision_at_1000": 0.01217,
        "precision_at_20": 0.01563,
        "precision_at_3": 0.01651,
        "precision_at_5": 0.01858,
        "recall_at_1": 0.00063,
        "recall_at_10": 0.00513,
        "recall_at_100": 0.03928,
        "recall_at_1000": 0.35238,
        "recall_at_20": 0.00833,
        "recall_at_3": 0.00106,
        "recall_at_5": 0.00359
      }
    ]
  },
  "task_name": "NFCorpus"
}