{
  "dataset_revision": "ec0fa4fe99da2ff19ca1214b7966684033a58814",
  "evaluation_time": 2.988499879837036,
  "kg_co2_emissions": null,
  "mteb_version": "1.14.12",
  "scores": {
    "test": [
      {
        "hf_subset": "default",
        "languages": [
          "eng-Latn"
        ],
        "main_score": 0.19508,
        "map_at_1": 0.02649,
        "map_at_10": 0.05806,
        "map_at_100": 0.07649,
        "map_at_1000": 0.08747,
        "map_at_20": 0.06575,
        "map_at_3": 0.04262,
        "map_at_5": 0.04975,
        "mrr_at_1": 0.30030959752321984,
        "mrr_at_10": 0.3694161875276427,
        "mrr_at_100": 0.37944849879730336,
        "mrr_at_1000": 0.3801050456070905,
        "mrr_at_20": 0.37560493088210706,
        "mrr_at_3": 0.34623323013415885,
        "mrr_at_5": 0.3597007223942208,
        "nauc_map_at_1000_diff1": 0.13114884161786106,
        "nauc_map_at_1000_max": 0.3928162033464857,
        "nauc_map_at_1000_std": 0.22912852081749419,
        "nauc_map_at_100_diff1": 0.13540628904256735,
        "nauc_map_at_100_max": 0.38214041621828254,
        "nauc_map_at_100_std": 0.2113236292709325,
        "nauc_map_at_10_diff1": 0.14909723545330597,
        "nauc_map_at_10_max": 0.34942621446630506,
        "nauc_map_at_10_std": 0.15318858894073722,
        "nauc_map_at_1_diff1": 0.12765295420270703,
        "nauc_map_at_1_max": 0.18448654156359204,
        "nauc_map_at_1_std": 0.0005259087439345837,
        "nauc_map_at_20_diff1": 0.14116679506230517,
        "nauc_map_at_20_max": 0.365761482657835,
        "nauc_map_at_20_std": 0.18077127779262267,
        "nauc_map_at_3_diff1": 0.13053696748561783,
        "nauc_map_at_3_max": 0.27798977571891137,
        "nauc_map_at_3_std": 0.06020480476612177,
        "nauc_map_at_5_diff1": 0.1441655475025084,
        "nauc_map_at_5_max": 0.318896158709266,
        "nauc_map_at_5_std": 0.11056585991999321,
        "nauc_mrr_at_1000_diff1": 0.24200034605734327,
        "nauc_mrr_at_1000_max": 0.44970573664515756,
        "nauc_mrr_at_1000_std": 0.20056023724723848,
        "nauc_mrr_at_100_diff1": 0.24196985968367193,
        "nauc_mrr_at_100_max": 0.4499250964093582,
        "nauc_mrr_at_100_std": 0.20082135999763528,
        "nauc_mrr_at_10_diff1": 0.24126148926246163,
        "nauc_mrr_at_10_max": 0.44770002156373073,
        "nauc_mrr_at_10_std": 0.19929955523505016,
        "nauc_mrr_at_1_diff1": 0.25334229878926573,
        "nauc_mrr_at_1_max": 0.4224631456109889,
        "nauc_mrr_at_1_std": 0.16692601613966834,
        "nauc_mrr_at_20_diff1": 0.2419361713015728,
        "nauc_mrr_at_20_max": 0.4480011318387156,
        "nauc_mrr_at_20_std": 0.199343238164969,
        "nauc_mrr_at_3_diff1": 0.24129860924383392,
        "nauc_mrr_at_3_max": 0.4388948733897672,
        "nauc_mrr_at_3_std": 0.18844173399535447,
        "nauc_mrr_at_5_diff1": 0.24489624699694681,
        "nauc_mrr_at_5_max": 0.4491064662820722,
        "nauc_mrr_at_5_std": 0.1998994023064754,
        "nauc_ndcg_at_1000_diff1": 0.19338661432387694,
        "nauc_ndcg_at_1000_max": 0.4930121078201164,
        "nauc_ndcg_at_1000_std": 0.27548528311768045,
        "nauc_ndcg_at_100_diff1": 0.175752790603734,
        "nauc_ndcg_at_100_max": 0.4321786732259206,
        "nauc_ndcg_at_100_std": 0.24763095034251684,
        "nauc_ndcg_at_10_diff1": 0.14613910128938595,
        "nauc_ndcg_at_10_max": 0.41671498024279613,
        "nauc_ndcg_at_10_std": 0.23757807348000887,
        "nauc_ndcg_at_1_diff1": 0.24945831389646073,
        "nauc_ndcg_at_1_max": 0.3894812653286154,
        "nauc_ndcg_at_1_std": 0.14880141336237193,
        "nauc_ndcg_at_20_diff1": 0.12023029573115002,
        "nauc_ndcg_at_20_max": 0.3950119556652496,
        "nauc_ndcg_at_20_std": 0.23733193466875885,
        "nauc_ndcg_at_3_diff1": 0.19146797876316232,
        "nauc_ndcg_at_3_max": 0.4004534795070984,
        "nauc_ndcg_at_3_std": 0.18477597374624052,
        "nauc_ndcg_at_5_diff1": 0.18600663643181548,
        "nauc_ndcg_at_5_max": 0.42651747863800354,
        "nauc_ndcg_at_5_std": 0.22436235708065433,
        "nauc_precision_at_1000_diff1": -0.030083224451914106,
        "nauc_precision_at_1000_max": 0.10157680404176768,
        "nauc_precision_at_1000_std": 0.1222194537393598,
        "nauc_precision_at_100_diff1": 0.008645066127995524,
        "nauc_precision_at_100_max": 0.26456418192152875,
        "nauc_precision_at_100_std": 0.2727319143541757,
        "nauc_precision_at_10_diff1": 0.10471362066013605,
        "nauc_precision_at_10_max": 0.4278793995095782,
        "nauc_precision_at_10_std": 0.3076998021475512,
        "nauc_precision_at_1_diff1": 0.25334229878926573,
        "nauc_precision_at_1_max": 0.4224631456109889,
        "nauc_precision_at_1_std": 0.16692601613966834,
        "nauc_precision_at_20_diff1": 0.040626890885569374,
        "nauc_precision_at_20_max": 0.3557394464542549,
        "nauc_precision_at_20_std": 0.31278281059813556,
        "nauc_precision_at_3_diff1": 0.16429704434504727,
        "nauc_precision_at_3_max": 0.4219235357545038,
        "nauc_precision_at_3_std": 0.22832990875586748,
        "nauc_precision_at_5_diff1": 0.16269967259281995,
        "nauc_precision_at_5_max": 0.4523010602375677,
        "nauc_precision_at_5_std": 0.28331745103471423,
        "nauc_recall_at_1000_diff1": 0.11667212920360509,
        "nauc_recall_at_1000_max": 0.29374693194075013,
        "nauc_recall_at_1000_std": 0.1623546668044134,
        "nauc_recall_at_100_diff1": 0.07347109655271634,
        "nauc_recall_at_100_max": 0.23929653362705142,
        "nauc_recall_at_100_std": 0.1878299168630863,
        "nauc_recall_at_10_diff1": 0.07887153669564854,
        "nauc_recall_at_10_max": 0.27122956876668525,
        "nauc_recall_at_10_std": 0.14419743683480077,
        "nauc_recall_at_1_diff1": 0.12765295420270703,
        "nauc_recall_at_1_max": 0.18448654156359204,
        "nauc_recall_at_1_std": 0.0005259087439345837,
        "nauc_recall_at_20_diff1": 0.04920459002284887,
        "nauc_recall_at_20_max": 0.2566038530733551,
        "nauc_recall_at_20_std": 0.15020346110634633,
        "nauc_recall_at_3_diff1": 0.11127831329201268,
        "nauc_recall_at_3_max": 0.27540469544583546,
        "nauc_recall_at_3_std": 0.08404517381851273,
        "nauc_recall_at_5_diff1": 0.11481421481710548,
        "nauc_recall_at_5_max": 0.2981206030694739,
        "nauc_recall_at_5_std": 0.14336688310244203,
        "ndcg_at_1": 0.28483,
        "ndcg_at_10": 0.19508,
        "ndcg_at_100": 0.19166,
        "ndcg_at_1000": 0.28799,
        "ndcg_at_20": 0.18635,
        "ndcg_at_3": 0.23391,
        "ndcg_at_5": 0.21653,
        "precision_at_1": 0.30031,
        "precision_at_10": 0.14737,
        "precision_at_100": 0.05223,
        "precision_at_1000": 0.01791,
        "precision_at_20": 0.11517,
        "precision_at_3": 0.22188,
        "precision_at_5": 0.19009,
        "recall_at_1": 0.02649,
        "recall_at_10": 0.08472,
        "recall_at_100": 0.21285,
        "recall_at_1000": 0.5491,
        "recall_at_20": 0.11805,
        "recall_at_3": 0.04737,
        "recall_at_5": 0.06085
      }
    ]
  },
  "task_name": "NFCorpus"
}