{
  "dataset_revision": "ec0fa4fe99da2ff19ca1214b7966684033a58814",
  "evaluation_time": 3.023698329925537,
  "kg_co2_emissions": null,
  "mteb_version": "1.14.12",
  "scores": {
    "test": [
      {
        "hf_subset": "default",
        "languages": [
          "eng-Latn"
        ],
        "main_score": 0.10688,
        "map_at_1": 0.00978,
        "map_at_10": 0.02853,
        "map_at_100": 0.03835,
        "map_at_1000": 0.04791,
        "map_at_20": 0.03192,
        "map_at_3": 0.01979,
        "map_at_5": 0.02272,
        "mrr_at_1": 0.13312693498452013,
        "mrr_at_10": 0.21673669467787127,
        "mrr_at_100": 0.22672080074246512,
        "mrr_at_1000": 0.22782733741861785,
        "mrr_at_20": 0.22198902716520078,
        "mrr_at_3": 0.19453044375645,
        "mrr_at_5": 0.20521155830753357,
        "nauc_map_at_1000_diff1": 0.07599984198385101,
        "nauc_map_at_1000_max": 0.2825427909357027,
        "nauc_map_at_1000_std": -0.006494568875464195,
        "nauc_map_at_100_diff1": 0.092157411700675,
        "nauc_map_at_100_max": 0.27738256652364124,
        "nauc_map_at_100_std": 0.006270428317249195,
        "nauc_map_at_10_diff1": 0.10591460104985775,
        "nauc_map_at_10_max": 0.2632840533612181,
        "nauc_map_at_10_std": -0.0069809778963949584,
        "nauc_map_at_1_diff1": 0.30517541650903174,
        "nauc_map_at_1_max": 0.36050545585627075,
        "nauc_map_at_1_std": -0.05162999119562416,
        "nauc_map_at_20_diff1": 0.08764805601882313,
        "nauc_map_at_20_max": 0.27350080017165107,
        "nauc_map_at_20_std": -0.004207631902822887,
        "nauc_map_at_3_diff1": 0.12352023677471681,
        "nauc_map_at_3_max": 0.2684266987936999,
        "nauc_map_at_3_std": -0.07164120496388401,
        "nauc_map_at_5_diff1": 0.09865581150221923,
        "nauc_map_at_5_max": 0.26827358816632135,
        "nauc_map_at_5_std": -0.046460197559852465,
        "nauc_mrr_at_1000_diff1": 0.08123921994423686,
        "nauc_mrr_at_1000_max": 0.2568190620616683,
        "nauc_mrr_at_1000_std": -0.08552763363766232,
        "nauc_mrr_at_100_diff1": 0.08206222943072497,
        "nauc_mrr_at_100_max": 0.2569990137950016,
        "nauc_mrr_at_100_std": -0.085786917955719,
        "nauc_mrr_at_10_diff1": 0.0841667533183787,
        "nauc_mrr_at_10_max": 0.25362855062911804,
        "nauc_mrr_at_10_std": -0.08203454061360983,
        "nauc_mrr_at_1_diff1": 0.1970769135052655,
        "nauc_mrr_at_1_max": 0.2536094975612172,
        "nauc_mrr_at_1_std": -0.01331080215132677,
        "nauc_mrr_at_20_diff1": 0.07747723240215477,
        "nauc_mrr_at_20_max": 0.2543505286300695,
        "nauc_mrr_at_20_std": -0.08423987930056884,
        "nauc_mrr_at_3_diff1": 0.09830376139618843,
        "nauc_mrr_at_3_max": 0.2268679430642888,
        "nauc_mrr_at_3_std": -0.06471512092095913,
        "nauc_mrr_at_5_diff1": 0.08124692208045135,
        "nauc_mrr_at_5_max": 0.24700063046797763,
        "nauc_mrr_at_5_std": -0.07113569951698566,
        "nauc_ndcg_at_1000_diff1": 0.007988805691984981,
        "nauc_ndcg_at_1000_max": 0.3386454825482047,
        "nauc_ndcg_at_1000_std": -0.10694958220197504,
        "nauc_ndcg_at_100_diff1": 0.07606924871777992,
        "nauc_ndcg_at_100_max": 0.292411855110294,
        "nauc_ndcg_at_100_std": -0.04480304804116751,
        "nauc_ndcg_at_10_diff1": 0.08332417897427209,
        "nauc_ndcg_at_10_max": 0.2794613505705405,
        "nauc_ndcg_at_10_std": -0.0012005802667198978,
        "nauc_ndcg_at_1_diff1": 0.21657206975196958,
        "nauc_ndcg_at_1_max": 0.2505446541208909,
        "nauc_ndcg_at_1_std": 0.004049872267007076,
        "nauc_ndcg_at_20_diff1": 0.06495595829199205,
        "nauc_ndcg_at_20_max": 0.28644360212740233,
        "nauc_ndcg_at_20_std": -0.023676881952588793,
        "nauc_ndcg_at_3_diff1": 0.08049593313689815,
        "nauc_ndcg_at_3_max": 0.23540172359067643,
        "nauc_ndcg_at_3_std": -0.00017733631493860975,
        "nauc_ndcg_at_5_diff1": 0.06282838382976949,
        "nauc_ndcg_at_5_max": 0.24420261756198322,
        "nauc_ndcg_at_5_std": 0.010181977959218907,
        "nauc_precision_at_1000_diff1": -0.07110656849212577,
        "nauc_precision_at_1000_max": 0.09498121577194504,
        "nauc_precision_at_1000_std": -0.09443164983476736,
        "nauc_precision_at_100_diff1": -0.006941096118491175,
        "nauc_precision_at_100_max": 0.19650132641008541,
        "nauc_precision_at_100_std": -0.019142755698530696,
        "nauc_precision_at_10_diff1": -0.0005893724090498914,
        "nauc_precision_at_10_max": 0.2978967584602063,
        "nauc_precision_at_10_std": 0.017928292521219476,
        "nauc_precision_at_1_diff1": 0.1970769135052655,
        "nauc_precision_at_1_max": 0.2536094975612172,
        "nauc_precision_at_1_std": -0.01331080215132677,
        "nauc_precision_at_20_diff1": -0.006765201578415643,
        "nauc_precision_at_20_max": 0.27635827398867696,
        "nauc_precision_at_20_std": 0.0015102522342884828,
        "nauc_precision_at_3_diff1": 0.006748848272364369,
        "nauc_precision_at_3_max": 0.2518749048539213,
        "nauc_precision_at_3_std": -0.019976582444246535,
        "nauc_precision_at_5_diff1": -0.02764480787931079,
        "nauc_precision_at_5_max": 0.2710125933176304,
        "nauc_precision_at_5_std": 0.001339074582647899,
        "nauc_recall_at_1000_diff1": 0.04252969590259986,
        "nauc_recall_at_1000_max": 0.18980989863101722,
        "nauc_recall_at_1000_std": -0.05658208219988843,
        "nauc_recall_at_100_diff1": 0.1585157900681394,
        "nauc_recall_at_100_max": 0.19723228342790922,
        "nauc_recall_at_100_std": -0.025889934788325276,
        "nauc_recall_at_10_diff1": 0.1039498420131106,
        "nauc_recall_at_10_max": 0.24268699421359188,
        "nauc_recall_at_10_std": -0.07580061457586951,
        "nauc_recall_at_1_diff1": 0.30517541650903174,
        "nauc_recall_at_1_max": 0.36050545585627075,
        "nauc_recall_at_1_std": -0.05162999119562416,
        "nauc_recall_at_20_diff1": 0.049803584285282754,
        "nauc_recall_at_20_max": 0.24268556355977355,
        "nauc_recall_at_20_std": -0.07199990116654056,
        "nauc_recall_at_3_diff1": 0.06831262495729498,
        "nauc_recall_at_3_max": 0.22347113690728723,
        "nauc_recall_at_3_std": -0.13074353799468058,
        "nauc_recall_at_5_diff1": 0.043455392909957154,
        "nauc_recall_at_5_max": 0.23812431125028977,
        "nauc_recall_at_5_std": -0.10367259823222257,
        "ndcg_at_1": 0.12693,
        "ndcg_at_10": 0.10688,
        "ndcg_at_100": 0.11972,
        "ndcg_at_1000": 0.22363,
        "ndcg_at_20": 0.10255,
        "ndcg_at_3": 0.12888,
        "ndcg_at_5": 0.11733,
        "precision_at_1": 0.13313,
        "precision_at_10": 0.08328,
        "precision_at_100": 0.0365,
        "precision_at_1000": 0.01653,
        "precision_at_20": 0.06486,
        "precision_at_3": 0.13209,
        "precision_at_5": 0.10898,
        "recall_at_1": 0.00978,
        "recall_at_10": 0.05683,
        "recall_at_100": 0.15644,
        "recall_at_1000": 0.51156,
        "recall_at_20": 0.07323,
        "recall_at_3": 0.02674,
        "recall_at_5": 0.03403
      }
    ]
  },
  "task_name": "NFCorpus"
}