{
  "dataset_revision": "ec0fa4fe99da2ff19ca1214b7966684033a58814",
  "evaluation_time": 3.0193748474121094,
  "kg_co2_emissions": null,
  "mteb_version": "1.14.12",
  "scores": {
    "test": [
      {
        "hf_subset": "default",
        "languages": [
          "eng-Latn"
        ],
        "main_score": 0.26661,
        "map_at_1": 0.03859,
        "map_at_10": 0.09006,
        "map_at_100": 0.11498,
        "map_at_1000": 0.12769,
        "map_at_20": 0.09975,
        "map_at_3": 0.06833,
        "map_at_5": 0.0775,
        "mrr_at_1": 0.38699690402476783,
        "mrr_at_10": 0.46346257801366153,
        "mrr_at_100": 0.46976032347637886,
        "mrr_at_1000": 0.47036790415199764,
        "mrr_at_20": 0.4662271650525157,
        "mrr_at_3": 0.4458204334365325,
        "mrr_at_5": 0.45309597523219813,
        "nauc_map_at_1000_diff1": 0.20332982609422173,
        "nauc_map_at_1000_max": 0.33217822747959,
        "nauc_map_at_1000_std": 0.24376197034530167,
        "nauc_map_at_100_diff1": 0.22150105639673814,
        "nauc_map_at_100_max": 0.32214595872480994,
        "nauc_map_at_100_std": 0.21347229762010905,
        "nauc_map_at_10_diff1": 0.24177299454642084,
        "nauc_map_at_10_max": 0.2758468270581333,
        "nauc_map_at_10_std": 0.11514886755291667,
        "nauc_map_at_1_diff1": 0.3173857456868182,
        "nauc_map_at_1_max": 0.17459157922991742,
        "nauc_map_at_1_std": -0.03561888992061677,
        "nauc_map_at_20_diff1": 0.23944304423190327,
        "nauc_map_at_20_max": 0.30117854291808915,
        "nauc_map_at_20_std": 0.16310547276114698,
        "nauc_map_at_3_diff1": 0.27835580825483536,
        "nauc_map_at_3_max": 0.2156682501811078,
        "nauc_map_at_3_std": 0.048694639916497195,
        "nauc_map_at_5_diff1": 0.2669709360102586,
        "nauc_map_at_5_max": 0.24047917228492982,
        "nauc_map_at_5_std": 0.06092332728095543,
        "nauc_mrr_at_1000_diff1": 0.29283607166555364,
        "nauc_mrr_at_1000_max": 0.40252152281766007,
        "nauc_mrr_at_1000_std": 0.19504116573864355,
        "nauc_mrr_at_100_diff1": 0.2928411896152858,
        "nauc_mrr_at_100_max": 0.4027098549378008,
        "nauc_mrr_at_100_std": 0.19530268551409194,
        "nauc_mrr_at_10_diff1": 0.2934123016579577,
        "nauc_mrr_at_10_max": 0.3998834037674342,
        "nauc_mrr_at_10_std": 0.19274959411209297,
        "nauc_mrr_at_1_diff1": 0.3051508094166858,
        "nauc_mrr_at_1_max": 0.34436456324145626,
        "nauc_mrr_at_1_std": 0.11846609081899419,
        "nauc_mrr_at_20_diff1": 0.29328235945956227,
        "nauc_mrr_at_20_max": 0.40314379455195526,
        "nauc_mrr_at_20_std": 0.1958493218730603,
        "nauc_mrr_at_3_diff1": 0.28873098412448905,
        "nauc_mrr_at_3_max": 0.3895448391513173,
        "nauc_mrr_at_3_std": 0.17930168144630146,
        "nauc_mrr_at_5_diff1": 0.29410716566864936,
        "nauc_mrr_at_5_max": 0.38939487119450356,
        "nauc_mrr_at_5_std": 0.17748869090892133,
        "nauc_ndcg_at_1000_diff1": 0.21979410195152377,
        "nauc_ndcg_at_1000_max": 0.4750117235850792,
        "nauc_ndcg_at_1000_std": 0.3787476015658094,
        "nauc_ndcg_at_100_diff1": 0.21065066213194836,
        "nauc_ndcg_at_100_max": 0.3936765835548476,
        "nauc_ndcg_at_100_std": 0.29233133818243917,
        "nauc_ndcg_at_10_diff1": 0.17696906197384418,
        "nauc_ndcg_at_10_max": 0.3619866692642189,
        "nauc_ndcg_at_10_std": 0.25828647752595574,
        "nauc_ndcg_at_1_diff1": 0.3266627694582861,
        "nauc_ndcg_at_1_max": 0.3143346309063344,
        "nauc_ndcg_at_1_std": 0.10963653534748903,
        "nauc_ndcg_at_20_diff1": 0.17647072263396107,
        "nauc_ndcg_at_20_max": 0.3614219908697498,
        "nauc_ndcg_at_20_std": 0.2710916631624652,
        "nauc_ndcg_at_3_diff1": 0.21674516627159623,
        "nauc_ndcg_at_3_max": 0.34943136314466405,
        "nauc_ndcg_at_3_std": 0.19821162307097204,
        "nauc_ndcg_at_5_diff1": 0.21378668697374562,
        "nauc_ndcg_at_5_max": 0.3544836986183118,
        "nauc_ndcg_at_5_std": 0.21404749702390566,
        "nauc_precision_at_1000_diff1": -0.15557811059787605,
        "nauc_precision_at_1000_max": 0.05682901049347547,
        "nauc_precision_at_1000_std": 0.21722305876676276,
        "nauc_precision_at_100_diff1": -0.11010758723065804,
        "nauc_precision_at_100_max": 0.19520310708661961,
        "nauc_precision_at_100_std": 0.3565706518042172,
        "nauc_precision_at_10_diff1": 0.024178636876060325,
        "nauc_precision_at_10_max": 0.36077620965394447,
        "nauc_precision_at_10_std": 0.36482739598298647,
        "nauc_precision_at_1_diff1": 0.3141949610919571,
        "nauc_precision_at_1_max": 0.3433929130885092,
        "nauc_precision_at_1_std": 0.12171851884940757,
        "nauc_precision_at_20_diff1": -0.01914923514965679,
        "nauc_precision_at_20_max": 0.32040088003215245,
        "nauc_precision_at_20_std": 0.38306484189529044,
        "nauc_precision_at_3_diff1": 0.142801596785208,
        "nauc_precision_at_3_max": 0.37387461723276577,
        "nauc_precision_at_3_std": 0.27037475545657796,
        "nauc_precision_at_5_diff1": 0.10915539818803614,
        "nauc_precision_at_5_max": 0.3613240223213349,
        "nauc_precision_at_5_std": 0.2864667145203222,
        "nauc_recall_at_1000_diff1": 0.11834608030335048,
        "nauc_recall_at_1000_max": 0.2907098931958411,
        "nauc_recall_at_1000_std": 0.3003652586767132,
        "nauc_recall_at_100_diff1": 0.19197401185096077,
        "nauc_recall_at_100_max": 0.272721263592221,
        "nauc_recall_at_100_std": 0.2200607307582361,
        "nauc_recall_at_10_diff1": 0.20314295255993334,
        "nauc_recall_at_10_max": 0.20696094081788474,
        "nauc_recall_at_10_std": 0.09084589914596909,
        "nauc_recall_at_1_diff1": 0.3173857456868182,
        "nauc_recall_at_1_max": 0.17459157922991742,
        "nauc_recall_at_1_std": -0.03561888992061677,
        "nauc_recall_at_20_diff1": 0.20688169770756995,
        "nauc_recall_at_20_max": 0.23090549005619151,
        "nauc_recall_at_20_std": 0.15633149993353648,
        "nauc_recall_at_3_diff1": 0.2584335594828592,
        "nauc_recall_at_3_max": 0.18797527128147037,
        "nauc_recall_at_3_std": 0.03772057736679465,
        "nauc_recall_at_5_diff1": 0.24720226090504835,
        "nauc_recall_at_5_max": 0.19151927175036262,
        "nauc_recall_at_5_std": 0.03232589957128046,
        "ndcg_at_1": 0.36223,
        "ndcg_at_10": 0.26661,
        "ndcg_at_100": 0.25188,
        "ndcg_at_1000": 0.34229,
        "ndcg_at_20": 0.24707,
        "ndcg_at_3": 0.32082,
        "ndcg_at_5": 0.29164,
        "precision_at_1": 0.3839,
        "precision_at_10": 0.19505,
        "precision_at_100": 0.067,
        "precision_at_1000": 0.01937,
        "precision_at_20": 0.14381,
        "precision_at_3": 0.30444,
        "precision_at_5": 0.24768,
        "recall_at_1": 0.03859,
        "recall_at_10": 0.12661,
        "recall_at_100": 0.26448,
        "recall_at_1000": 0.58438,
        "recall_at_20": 0.15618,
        "recall_at_3": 0.07916,
        "recall_at_5": 0.09578
      }
    ]
  },
  "task_name": "NFCorpus"
}