{
  "dataset_revision": "ec0fa4fe99da2ff19ca1214b7966684033a58814",
  "evaluation_time": 3.0028328895568848,
  "kg_co2_emissions": null,
  "mteb_version": "1.14.12",
  "scores": {
    "test": [
      {
        "hf_subset": "default",
        "languages": [
          "eng-Latn"
        ],
        "main_score": 0.05713,
        "map_at_1": 0.00339,
        "map_at_10": 0.01075,
        "map_at_100": 0.01785,
        "map_at_1000": 0.02615,
        "map_at_20": 0.0132,
        "map_at_3": 0.00667,
        "map_at_5": 0.00837,
        "mrr_at_1": 0.058823529411764705,
        "mrr_at_10": 0.11868887906039613,
        "mrr_at_100": 0.1314388343830968,
        "mrr_at_1000": 0.1327535508203348,
        "mrr_at_20": 0.12604957902801747,
        "mrr_at_3": 0.09855521155830752,
        "mrr_at_5": 0.10753353973168214,
        "nauc_map_at_1000_diff1": 0.04498529503063981,
        "nauc_map_at_1000_max": 0.17466227532387502,
        "nauc_map_at_1000_std": 0.18722622722078258,
        "nauc_map_at_100_diff1": 0.04759031511540683,
        "nauc_map_at_100_max": 0.18179414673490507,
        "nauc_map_at_100_std": 0.1896723488660264,
        "nauc_map_at_10_diff1": 0.0483849720464721,
        "nauc_map_at_10_max": 0.15591679164055647,
        "nauc_map_at_10_std": 0.15922397984772146,
        "nauc_map_at_1_diff1": 0.08679981272882654,
        "nauc_map_at_1_max": 0.10378095246617183,
        "nauc_map_at_1_std": 0.07668262815576192,
        "nauc_map_at_20_diff1": 0.06020840977329236,
        "nauc_map_at_20_max": 0.18500261510936647,
        "nauc_map_at_20_std": 0.17302002816782702,
        "nauc_map_at_3_diff1": 0.07004995603784105,
        "nauc_map_at_3_max": 0.10606202172834552,
        "nauc_map_at_3_std": 0.11699712078244028,
        "nauc_map_at_5_diff1": 0.04542245340925522,
        "nauc_map_at_5_max": 0.09858378138778517,
        "nauc_map_at_5_std": 0.12934528418903446,
        "nauc_mrr_at_1000_diff1": 0.013821737455564035,
        "nauc_mrr_at_1000_max": 0.2066962721236252,
        "nauc_mrr_at_1000_std": 0.05112162831884399,
        "nauc_mrr_at_100_diff1": 0.014118112815764878,
        "nauc_mrr_at_100_max": 0.2074502048018414,
        "nauc_mrr_at_100_std": 0.051325780745201305,
        "nauc_mrr_at_10_diff1": 0.014977304969632487,
        "nauc_mrr_at_10_max": 0.20093318045414815,
        "nauc_mrr_at_10_std": 0.05612593328045855,
        "nauc_mrr_at_1_diff1": 0.040658498869449444,
        "nauc_mrr_at_1_max": 0.19472183297027487,
        "nauc_mrr_at_1_std": 0.0815189872740191,
        "nauc_mrr_at_20_diff1": 0.01162917878985435,
        "nauc_mrr_at_20_max": 0.20867658601592667,
        "nauc_mrr_at_20_std": 0.048261888026961144,
        "nauc_mrr_at_3_diff1": 0.016499140064944805,
        "nauc_mrr_at_3_max": 0.18928816346303715,
        "nauc_mrr_at_3_std": 0.06134045275102205,
        "nauc_mrr_at_5_diff1": 0.020009184430982183,
        "nauc_mrr_at_5_max": 0.19033744257555013,
        "nauc_mrr_at_5_std": 0.06071636093552984,
        "nauc_ndcg_at_1000_diff1": -0.011767626038993902,
        "nauc_ndcg_at_1000_max": 0.2465924272035746,
        "nauc_ndcg_at_1000_std": 0.11158590813831135,
        "nauc_ndcg_at_100_diff1": 0.010309349606166078,
        "nauc_ndcg_at_100_max": 0.23292078724753823,
        "nauc_ndcg_at_100_std": 0.11584181518546041,
        "nauc_ndcg_at_10_diff1": -0.002085570723886095,
        "nauc_ndcg_at_10_max": 0.20662983995981307,
        "nauc_ndcg_at_10_std": 0.12730584958432445,
        "nauc_ndcg_at_1_diff1": 0.04701041119714671,
        "nauc_ndcg_at_1_max": 0.21485962882879747,
        "nauc_ndcg_at_1_std": 0.09911561479406651,
        "nauc_ndcg_at_20_diff1": 0.007435351865888276,
        "nauc_ndcg_at_20_max": 0.2215108924700721,
        "nauc_ndcg_at_20_std": 0.12675251110182914,
        "nauc_ndcg_at_3_diff1": 0.009337498009418651,
        "nauc_ndcg_at_3_max": 0.17640193660465409,
        "nauc_ndcg_at_3_std": 0.10963151552562862,
        "nauc_ndcg_at_5_diff1": 0.008759891681771543,
        "nauc_ndcg_at_5_max": 0.17244922601976112,
        "nauc_ndcg_at_5_std": 0.13214989747869244,
        "nauc_precision_at_1000_diff1": 0.05219052193571756,
        "nauc_precision_at_1000_max": 0.00610981848767679,
        "nauc_precision_at_1000_std": 0.029921111951929483,
        "nauc_precision_at_100_diff1": 0.022918205877190238,
        "nauc_precision_at_100_max": 0.11997947949085858,
        "nauc_precision_at_100_std": 0.11626730595695002,
        "nauc_precision_at_10_diff1": 0.032198950561912555,
        "nauc_precision_at_10_max": 0.2018372458431357,
        "nauc_precision_at_10_std": 0.14109136381776788,
        "nauc_precision_at_1_diff1": 0.040658498869449444,
        "nauc_precision_at_1_max": 0.19472183297027487,
        "nauc_precision_at_1_std": 0.0815189872740191,
        "nauc_precision_at_20_diff1": 0.027060945301210903,
        "nauc_precision_at_20_max": 0.18513263269894217,
        "nauc_precision_at_20_std": 0.14831774721754434,
        "nauc_precision_at_3_diff1": 0.0020472791081301823,
        "nauc_precision_at_3_max": 0.156842786632543,
        "nauc_precision_at_3_std": 0.12666357854163682,
        "nauc_precision_at_5_diff1": 0.005364807097664223,
        "nauc_precision_at_5_max": 0.15755743349687926,
        "nauc_precision_at_5_std": 0.15571291187940287,
        "nauc_recall_at_1000_diff1": -0.012155251751545592,
        "nauc_recall_at_1000_max": 0.12839723209281204,
        "nauc_recall_at_1000_std": 0.09787691887395303,
        "nauc_recall_at_100_diff1": -0.014613690770465279,
        "nauc_recall_at_100_max": 0.21994189012215815,
        "nauc_recall_at_100_std": 0.07618211423403054,
        "nauc_recall_at_10_diff1": -0.08877810343388051,
        "nauc_recall_at_10_max": 0.26543611790626803,
        "nauc_recall_at_10_std": 0.09188455239587591,
        "nauc_recall_at_1_diff1": 0.08679981272882654,
        "nauc_recall_at_1_max": 0.10378095246617183,
        "nauc_recall_at_1_std": 0.07668262815576192,
        "nauc_recall_at_20_diff1": -0.004626535166188652,
        "nauc_recall_at_20_max": 0.31755783384194364,
        "nauc_recall_at_20_std": 0.061284191952973785,
        "nauc_recall_at_3_diff1": 0.0326962662212917,
        "nauc_recall_at_3_max": 0.11292511170042574,
        "nauc_recall_at_3_std": 0.08840146445956781,
        "nauc_recall_at_5_diff1": -0.028213393440453843,
        "nauc_recall_at_5_max": 0.0805529259584031,
        "nauc_recall_at_5_std": 0.10296657411060804,
        "ndcg_at_1": 0.04954,
        "ndcg_at_10": 0.05713,
        "ndcg_at_100": 0.07834,
        "ndcg_at_1000": 0.18011,
        "ndcg_at_20": 0.05941,
        "ndcg_at_3": 0.05952,
        "ndcg_at_5": 0.05768,
        "precision_at_1": 0.05882,
        "precision_at_10": 0.05139,
        "precision_at_100": 0.02861,
        "precision_at_1000": 0.01541,
        "precision_at_20": 0.04272,
        "precision_at_3": 0.06502,
        "precision_at_5": 0.05882,
        "recall_at_1": 0.00339,
        "recall_at_10": 0.02545,
        "recall_at_100": 0.11713,
        "recall_at_1000": 0.45941,
        "recall_at_20": 0.0466,
        "recall_at_3": 0.00924,
        "recall_at_5": 0.01426
      }
    ]
  },
  "task_name": "NFCorpus"
}