{
  "dataset_revision": "ec0fa4fe99da2ff19ca1214b7966684033a58814",
  "evaluation_time": 2.9778666496276855,
  "kg_co2_emissions": null,
  "mteb_version": "1.14.12",
  "scores": {
    "test": [
      {
        "hf_subset": "default",
        "languages": [
          "eng-Latn"
        ],
        "main_score": 0.18057,
        "map_at_1": 0.01741,
        "map_at_10": 0.05195,
        "map_at_100": 0.06975,
        "map_at_1000": 0.0819,
        "map_at_20": 0.05809,
        "map_at_3": 0.03537,
        "map_at_5": 0.04354,
        "mrr_at_1": 0.2476780185758514,
        "mrr_at_10": 0.3276192933313676,
        "mrr_at_100": 0.3382008580267432,
        "mrr_at_1000": 0.33895281093284607,
        "mrr_at_20": 0.33438208075689035,
        "mrr_at_3": 0.30908152734778116,
        "mrr_at_5": 0.3192982456140351,
        "nauc_map_at_1000_diff1": 0.22908348923757305,
        "nauc_map_at_1000_max": 0.40683142237907416,
        "nauc_map_at_1000_std": 0.26476153657860896,
        "nauc_map_at_100_diff1": 0.25188768412876705,
        "nauc_map_at_100_max": 0.4053223079906077,
        "nauc_map_at_100_std": 0.2392177002933777,
        "nauc_map_at_10_diff1": 0.2893738118977396,
        "nauc_map_at_10_max": 0.3953470644106846,
        "nauc_map_at_10_std": 0.19480541547065583,
        "nauc_map_at_1_diff1": 0.41300451746104433,
        "nauc_map_at_1_max": 0.4023733047065462,
        "nauc_map_at_1_std": 0.12903861725027996,
        "nauc_map_at_20_diff1": 0.2746112041857336,
        "nauc_map_at_20_max": 0.40110609592005203,
        "nauc_map_at_20_std": 0.20897560295726111,
        "nauc_map_at_3_diff1": 0.34880254010830586,
        "nauc_map_at_3_max": 0.38466288248613056,
        "nauc_map_at_3_std": 0.1744564260357441,
        "nauc_map_at_5_diff1": 0.2988259086090925,
        "nauc_map_at_5_max": 0.3773305409715333,
        "nauc_map_at_5_std": 0.1709044179041016,
        "nauc_mrr_at_1000_diff1": 0.24073180301683997,
        "nauc_mrr_at_1000_max": 0.39529267787129013,
        "nauc_mrr_at_1000_std": 0.17524782624894944,
        "nauc_mrr_at_100_diff1": 0.24082074968889267,
        "nauc_mrr_at_100_max": 0.39549957212178183,
        "nauc_mrr_at_100_std": 0.17563848063415607,
        "nauc_mrr_at_10_diff1": 0.24134817863632282,
        "nauc_mrr_at_10_max": 0.3912859695641976,
        "nauc_mrr_at_10_std": 0.16959187738652742,
        "nauc_mrr_at_1_diff1": 0.2480082797562362,
        "nauc_mrr_at_1_max": 0.37748995906494404,
        "nauc_mrr_at_1_std": 0.14496814206421027,
        "nauc_mrr_at_20_diff1": 0.24042960694041968,
        "nauc_mrr_at_20_max": 0.39407839773843073,
        "nauc_mrr_at_20_std": 0.17436028114358273,
        "nauc_mrr_at_3_diff1": 0.24852847861622626,
        "nauc_mrr_at_3_max": 0.3952437929232568,
        "nauc_mrr_at_3_std": 0.16982098996270725,
        "nauc_mrr_at_5_diff1": 0.24039803979864252,
        "nauc_mrr_at_5_max": 0.3892388086779476,
        "nauc_mrr_at_5_std": 0.16774655934603525,
        "nauc_ndcg_at_1000_diff1": 0.18327118315584434,
        "nauc_ndcg_at_1000_max": 0.466666529824189,
        "nauc_ndcg_at_1000_std": 0.29248062116881735,
        "nauc_ndcg_at_100_diff1": 0.19678811459050627,
        "nauc_ndcg_at_100_max": 0.4103713503874216,
        "nauc_ndcg_at_100_std": 0.24415850163779496,
        "nauc_ndcg_at_10_diff1": 0.1963496023042413,
        "nauc_ndcg_at_10_max": 0.36766169679385424,
        "nauc_ndcg_at_10_std": 0.22540075201658416,
        "nauc_ndcg_at_1_diff1": 0.2576444287681607,
        "nauc_ndcg_at_1_max": 0.34801886733919757,
        "nauc_ndcg_at_1_std": 0.15438320717623147,
        "nauc_ndcg_at_20_diff1": 0.17854371230958016,
        "nauc_ndcg_at_20_max": 0.3792254928474039,
        "nauc_ndcg_at_20_std": 0.23524137075723858,
        "nauc_ndcg_at_3_diff1": 0.23646046031712417,
        "nauc_ndcg_at_3_max": 0.3427562618619107,
        "nauc_ndcg_at_3_std": 0.17671575637059675,
        "nauc_ndcg_at_5_diff1": 0.20822543978972488,
        "nauc_ndcg_at_5_max": 0.3543849419131456,
        "nauc_ndcg_at_5_std": 0.19543677836009757,
        "nauc_precision_at_1000_diff1": -0.07542978207008538,
        "nauc_precision_at_1000_max": 0.061975320879771166,
        "nauc_precision_at_1000_std": 0.1680327379263125,
        "nauc_precision_at_100_diff1": -0.010064206866754659,
        "nauc_precision_at_100_max": 0.20879408707326907,
        "nauc_precision_at_100_std": 0.27408943120757073,
        "nauc_precision_at_10_diff1": 0.1020237960892218,
        "nauc_precision_at_10_max": 0.32318759694174476,
        "nauc_precision_at_10_std": 0.26216973794485243,
        "nauc_precision_at_1_diff1": 0.2480082797562362,
        "nauc_precision_at_1_max": 0.37748995906494404,
        "nauc_precision_at_1_std": 0.14496814206421027,
        "nauc_precision_at_20_diff1": 0.04703917254984989,
        "nauc_precision_at_20_max": 0.3135644800289002,
        "nauc_precision_at_20_std": 0.2941659716117567,
        "nauc_precision_at_3_diff1": 0.20617960072684308,
        "nauc_precision_at_3_max": 0.35033117072677644,
        "nauc_precision_at_3_std": 0.20162229506624482,
        "nauc_precision_at_5_diff1": 0.13683118005086833,
        "nauc_precision_at_5_max": 0.3495864631490397,
        "nauc_precision_at_5_std": 0.22504869424302307,
        "nauc_recall_at_1000_diff1": 0.05242639539131698,
        "nauc_recall_at_1000_max": 0.2672082294541256,
        "nauc_recall_at_1000_std": 0.13655097045435052,
        "nauc_recall_at_100_diff1": 0.10000136290506262,
        "nauc_recall_at_100_max": 0.2233269134735589,
        "nauc_recall_at_100_std": 0.1277598587481058,
        "nauc_recall_at_10_diff1": 0.16925735114587154,
        "nauc_recall_at_10_max": 0.28856935750323925,
        "nauc_recall_at_10_std": 0.11390229860381026,
        "nauc_recall_at_1_diff1": 0.41300451746104433,
        "nauc_recall_at_1_max": 0.4023733047065462,
        "nauc_recall_at_1_std": 0.12903861725027996,
        "nauc_recall_at_20_diff1": 0.12870174714750005,
        "nauc_recall_at_20_max": 0.23736411802075827,
        "nauc_recall_at_20_std": 0.08998106588531901,
        "nauc_recall_at_3_diff1": 0.300125582030096,
        "nauc_recall_at_3_max": 0.3726565916453777,
        "nauc_recall_at_3_std": 0.18165860235027906,
        "nauc_recall_at_5_diff1": 0.175846296138967,
        "nauc_recall_at_5_max": 0.2808965855152475,
        "nauc_recall_at_5_std": 0.10978205479207015,
        "ndcg_at_1": 0.2322,
        "ndcg_at_10": 0.18057,
        "ndcg_at_100": 0.18357,
        "ndcg_at_1000": 0.28529,
        "ndcg_at_20": 0.17032,
        "ndcg_at_3": 0.21146,
        "ndcg_at_5": 0.19586,
        "precision_at_1": 0.24768,
        "precision_at_10": 0.14056,
        "precision_at_100": 0.05415,
        "precision_at_1000": 0.01867,
        "precision_at_20": 0.10728,
        "precision_at_3": 0.20743,
        "precision_at_5": 0.17461,
        "recall_at_1": 0.01741,
        "recall_at_10": 0.08405,
        "recall_at_100": 0.2219,
        "recall_at_1000": 0.57814,
        "recall_at_20": 0.11421,
        "recall_at_3": 0.04397,
        "recall_at_5": 0.06362
      }
    ]
  },
  "task_name": "NFCorpus"
}