{
  "dataset_revision": "ec0fa4fe99da2ff19ca1214b7966684033a58814",
  "evaluation_time": 2.996389150619507,
  "kg_co2_emissions": null,
  "mteb_version": "1.14.12",
  "scores": {
    "test": [
      {
        "hf_subset": "default",
        "languages": [
          "eng-Latn"
        ],
        "main_score": 0.01608,
        "map_at_1": 0.00066,
        "map_at_10": 0.00159,
        "map_at_100": 0.00311,
        "map_at_1000": 0.00755,
        "map_at_20": 0.00195,
        "map_at_3": 0.00077,
        "map_at_5": 0.00104,
        "mrr_at_1": 0.02786377708978328,
        "mrr_at_10": 0.04896063688633347,
        "mrr_at_100": 0.060151928842376294,
        "mrr_at_1000": 0.06182572727697766,
        "mrr_at_20": 0.05393937910004871,
        "mrr_at_3": 0.03508771929824562,
        "mrr_at_5": 0.04205366357069143,
        "nauc_map_at_1000_diff1": 0.044199044820582595,
        "nauc_map_at_1000_max": 0.017896461181593996,
        "nauc_map_at_1000_std": 0.007573864914451121,
        "nauc_map_at_100_diff1": 0.16181407670971795,
        "nauc_map_at_100_max": -0.09317700251627166,
        "nauc_map_at_100_std": 0.10534793431512307,
        "nauc_map_at_10_diff1": 0.1052609581741571,
        "nauc_map_at_10_max": -0.13811097267309044,
        "nauc_map_at_10_std": -0.029503201065073027,
        "nauc_map_at_1_diff1": 0.08712199313684663,
        "nauc_map_at_1_max": -0.18844728821402598,
        "nauc_map_at_1_std": -0.041661726130405995,
        "nauc_map_at_20_diff1": 0.16130712878903225,
        "nauc_map_at_20_max": -0.12809672468248118,
        "nauc_map_at_20_std": 0.059733428746231165,
        "nauc_map_at_3_diff1": 0.03868331270067312,
        "nauc_map_at_3_max": -0.1745236264877728,
        "nauc_map_at_3_std": -0.06359871265240119,
        "nauc_map_at_5_diff1": 0.01759652992564959,
        "nauc_map_at_5_max": -0.1707877015999253,
        "nauc_map_at_5_std": -0.03442763007527231,
        "nauc_mrr_at_1000_diff1": -0.04011725699356024,
        "nauc_mrr_at_1000_max": -0.04916616951442659,
        "nauc_mrr_at_1000_std": -0.08212296290892739,
        "nauc_mrr_at_100_diff1": -0.038846951426300576,
        "nauc_mrr_at_100_max": -0.049566521980545696,
        "nauc_mrr_at_100_std": -0.07859828789308124,
        "nauc_mrr_at_10_diff1": -0.029756052512813703,
        "nauc_mrr_at_10_max": -0.07725235089696006,
        "nauc_mrr_at_10_std": -0.08242863628495482,
        "nauc_mrr_at_1_diff1": -0.13686109495816123,
        "nauc_mrr_at_1_max": -0.030190683806662736,
        "nauc_mrr_at_1_std": -0.2309412951547305,
        "nauc_mrr_at_20_diff1": -0.03214526417101292,
        "nauc_mrr_at_20_max": -0.054336573689466455,
        "nauc_mrr_at_20_std": -0.07962524367881142,
        "nauc_mrr_at_3_diff1": -0.13401058653374448,
        "nauc_mrr_at_3_max": -0.06481343402696932,
        "nauc_mrr_at_3_std": -0.20147014892071965,
        "nauc_mrr_at_5_diff1": -0.07224416505960998,
        "nauc_mrr_at_5_max": -0.09694995205303183,
        "nauc_mrr_at_5_std": -0.11479107323291154,
        "nauc_ndcg_at_1000_diff1": -0.011321071382756419,
        "nauc_ndcg_at_1000_max": 0.08428501796437149,
        "nauc_ndcg_at_1000_std": -0.024631170322202283,
        "nauc_ndcg_at_100_diff1": 0.07043307910708173,
        "nauc_ndcg_at_100_max": -0.00791571387336133,
        "nauc_ndcg_at_100_std": 0.07218805539686303,
        "nauc_ndcg_at_10_diff1": 0.03607933679170593,
        "nauc_ndcg_at_10_max": -0.04016226036968742,
        "nauc_ndcg_at_10_std": -0.05803537882559156,
        "nauc_ndcg_at_1_diff1": -0.16395827815065614,
        "nauc_ndcg_at_1_max": -0.007590360929502335,
        "nauc_ndcg_at_1_std": -0.2404049234014573,
        "nauc_ndcg_at_20_diff1": 0.045537202276190174,
        "nauc_ndcg_at_20_max": -0.017118970665994392,
        "nauc_ndcg_at_20_std": -0.012496043227242978,
        "nauc_ndcg_at_3_diff1": -0.14480335188959226,
        "nauc_ndcg_at_3_max": -0.02453656031217774,
        "nauc_ndcg_at_3_std": -0.2186745901022278,
        "nauc_ndcg_at_5_diff1": -0.0717340233507647,
        "nauc_ndcg_at_5_max": -0.07245497851647838,
        "nauc_ndcg_at_5_std": -0.12006174337013767,
        "nauc_precision_at_1000_diff1": -0.17680862566854333,
        "nauc_precision_at_1000_max": 0.1402738464798466,
        "nauc_precision_at_1000_std": -0.17631999663172293,
        "nauc_precision_at_100_diff1": -0.046756859854632724,
        "nauc_precision_at_100_max": 0.0670818254741718,
        "nauc_precision_at_100_std": -0.016720830339853224,
        "nauc_precision_at_10_diff1": 0.08575905879076688,
        "nauc_precision_at_10_max": -0.03455867394863377,
        "nauc_precision_at_10_std": 0.018486925923677875,
        "nauc_precision_at_1_diff1": -0.13686109495816123,
        "nauc_precision_at_1_max": -0.030190683806662736,
        "nauc_precision_at_1_std": -0.2309412951547305,
        "nauc_precision_at_20_diff1": 0.03791434008446094,
        "nauc_precision_at_20_max": 0.026859040844846725,
        "nauc_precision_at_20_std": 0.03689959746888356,
        "nauc_precision_at_3_diff1": -0.13658124367922655,
        "nauc_precision_at_3_max": -0.05923059389846538,
        "nauc_precision_at_3_std": -0.1796282136405641,
        "nauc_precision_at_5_diff1": -0.02800556991429169,
        "nauc_precision_at_5_max": -0.10958494688357638,
        "nauc_precision_at_5_std": -0.04004953597536759,
        "nauc_recall_at_1000_diff1": -0.002081575293797746,
        "nauc_recall_at_1000_max": 0.12786695523316563,
        "nauc_recall_at_1000_std": -0.00643152275229849,
        "nauc_recall_at_100_diff1": 0.06731429839166118,
        "nauc_recall_at_100_max": 0.025762431965782647,
        "nauc_recall_at_100_std": 0.09304297226056306,
        "nauc_recall_at_10_diff1": 0.20180380660680244,
        "nauc_recall_at_10_max": -0.10847614097709786,
        "nauc_recall_at_10_std": 0.022177518917308486,
        "nauc_recall_at_1_diff1": 0.08712199313684663,
        "nauc_recall_at_1_max": -0.18844728821402598,
        "nauc_recall_at_1_std": -0.041661726130405995,
        "nauc_recall_at_20_diff1": 0.2683936033941281,
        "nauc_recall_at_20_max": -0.07923053473223873,
        "nauc_recall_at_20_std": 0.16172060102561522,
        "nauc_recall_at_3_diff1": 1.5828492576209315e-05,
        "nauc_recall_at_3_max": -0.16981288254192392,
        "nauc_recall_at_3_std": -0.07073213383041824,
        "nauc_recall_at_5_diff1": -0.022781253895210223,
        "nauc_recall_at_5_max": -0.1573576826808446,
        "nauc_recall_at_5_std": 0.007810242383779102,
        "ndcg_at_1": 0.02632,
        "ndcg_at_10": 0.01608,
        "ndcg_at_100": 0.0277,
        "ndcg_at_1000": 0.11384,
        "ndcg_at_20": 0.01687,
        "ndcg_at_3": 0.01654,
        "ndcg_at_5": 0.01655,
        "precision_at_1": 0.02786,
        "precision_at_10": 0.01579,
        "precision_at_100": 0.01424,
        "precision_at_1000": 0.01178,
        "precision_at_20": 0.01579,
        "precision_at_3": 0.01651,
        "precision_at_5": 0.01796,
        "recall_at_1": 0.00066,
        "recall_at_10": 0.00584,
        "recall_at_100": 0.04487,
        "recall_at_1000": 0.34358,
        "recall_at_20": 0.00936,
        "recall_at_3": 0.00092,
        "recall_at_5": 0.002
      }
    ]
  },
  "task_name": "NFCorpus"
}