{
  "dataset_revision": "ec0fa4fe99da2ff19ca1214b7966684033a58814",
  "evaluation_time": 3.000162363052368,
  "kg_co2_emissions": null,
  "mteb_version": "1.14.12",
  "scores": {
    "test": [
      {
        "hf_subset": "default",
        "languages": [
          "eng-Latn"
        ],
        "main_score": 0.29109,
        "map_at_1": 0.04024,
        "map_at_10": 0.10219,
        "map_at_100": 0.12987,
        "map_at_1000": 0.14324,
        "map_at_20": 0.11287,
        "map_at_3": 0.07259,
        "map_at_5": 0.08597,
        "mrr_at_1": 0.38699690402476783,
        "mrr_at_10": 0.47676544301931323,
        "mrr_at_100": 0.4832383348163438,
        "mrr_at_1000": 0.4837113830509709,
        "mrr_at_20": 0.480655278894623,
        "mrr_at_3": 0.45356037151702805,
        "mrr_at_5": 0.4685758513931889,
        "nauc_map_at_1000_diff1": 0.1481076287215718,
        "nauc_map_at_1000_max": 0.2857850073197203,
        "nauc_map_at_1000_std": 0.17265121712230952,
        "nauc_map_at_100_diff1": 0.16121913126442095,
        "nauc_map_at_100_max": 0.27335050346852474,
        "nauc_map_at_100_std": 0.13763165216972123,
        "nauc_map_at_10_diff1": 0.21188276393539096,
        "nauc_map_at_10_max": 0.22308619500279045,
        "nauc_map_at_10_std": 0.013869077063551744,
        "nauc_map_at_1_diff1": 0.3944840245236187,
        "nauc_map_at_1_max": 0.05346701472358775,
        "nauc_map_at_1_std": -0.13466194629926792,
        "nauc_map_at_20_diff1": 0.18796408781985288,
        "nauc_map_at_20_max": 0.24709688565885252,
        "nauc_map_at_20_std": 0.06515821449543607,
        "nauc_map_at_3_diff1": 0.265747841952896,
        "nauc_map_at_3_max": 0.14100362298325547,
        "nauc_map_at_3_std": -0.05676462721738305,
        "nauc_map_at_5_diff1": 0.23918796194245398,
        "nauc_map_at_5_max": 0.17315455509768227,
        "nauc_map_at_5_std": -0.0383100503244139,
        "nauc_mrr_at_1000_diff1": 0.296157237413052,
        "nauc_mrr_at_1000_max": 0.42759233663573754,
        "nauc_mrr_at_1000_std": 0.20933792627010395,
        "nauc_mrr_at_100_diff1": 0.29641525341702807,
        "nauc_mrr_at_100_max": 0.4276987411436964,
        "nauc_mrr_at_100_std": 0.20976085898184502,
        "nauc_mrr_at_10_diff1": 0.29860779962585093,
        "nauc_mrr_at_10_max": 0.427345707753245,
        "nauc_mrr_at_10_std": 0.2044777878246867,
        "nauc_mrr_at_1_diff1": 0.32601593651657107,
        "nauc_mrr_at_1_max": 0.3798260232745893,
        "nauc_mrr_at_1_std": 0.13891000892985403,
        "nauc_mrr_at_20_diff1": 0.29517088458139557,
        "nauc_mrr_at_20_max": 0.427411256248877,
        "nauc_mrr_at_20_std": 0.2094954372785026,
        "nauc_mrr_at_3_diff1": 0.2825920958855627,
        "nauc_mrr_at_3_max": 0.4155345392228671,
        "nauc_mrr_at_3_std": 0.19799805997995099,
        "nauc_mrr_at_5_diff1": 0.29477338901650907,
        "nauc_mrr_at_5_max": 0.42467016989588097,
        "nauc_mrr_at_5_std": 0.2037559013976328,
        "nauc_ndcg_at_1000_diff1": 0.15758012693444098,
        "nauc_ndcg_at_1000_max": 0.43624936050105384,
        "nauc_ndcg_at_1000_std": 0.34756562357282833,
        "nauc_ndcg_at_100_diff1": 0.157298538151608,
        "nauc_ndcg_at_100_max": 0.3596206558324032,
        "nauc_ndcg_at_100_std": 0.2612436706244158,
        "nauc_ndcg_at_10_diff1": 0.14410765214796978,
        "nauc_ndcg_at_10_max": 0.35346648323020796,
        "nauc_ndcg_at_10_std": 0.24226180247032864,
        "nauc_ndcg_at_1_diff1": 0.3224730471170471,
        "nauc_ndcg_at_1_max": 0.3592232096114007,
        "nauc_ndcg_at_1_std": 0.13701415896514982,
        "nauc_ndcg_at_20_diff1": 0.11600233497836714,
        "nauc_ndcg_at_20_max": 0.33817296993434875,
        "nauc_ndcg_at_20_std": 0.25309840773478354,
        "nauc_ndcg_at_3_diff1": 0.19925690185056913,
        "nauc_ndcg_at_3_max": 0.35550065562639815,
        "nauc_ndcg_at_3_std": 0.20524657010161662,
        "nauc_ndcg_at_5_diff1": 0.1777571923342586,
        "nauc_ndcg_at_5_max": 0.3549776354010839,
        "nauc_ndcg_at_5_std": 0.2201542148315132,
        "nauc_precision_at_1000_diff1": -0.11683125659179584,
        "nauc_precision_at_1000_max": 0.09503532944430375,
        "nauc_precision_at_1000_std": 0.2793781993743689,
        "nauc_precision_at_100_diff1": -0.11202109038271886,
        "nauc_precision_at_100_max": 0.21096532964437573,
        "nauc_precision_at_100_std": 0.4202026677772144,
        "nauc_precision_at_10_diff1": -0.0027524387769069926,
        "nauc_precision_at_10_max": 0.35897287089521174,
        "nauc_precision_at_10_std": 0.3636036944930949,
        "nauc_precision_at_1_diff1": 0.32601593651657107,
        "nauc_precision_at_1_max": 0.3798260232745893,
        "nauc_precision_at_1_std": 0.13891000892985403,
        "nauc_precision_at_20_diff1": -0.07384472656068126,
        "nauc_precision_at_20_max": 0.32007001357924864,
        "nauc_precision_at_20_std": 0.4256603651208493,
        "nauc_precision_at_3_diff1": 0.1219560015394651,
        "nauc_precision_at_3_max": 0.3788680496072351,
        "nauc_precision_at_3_std": 0.2625899989565652,
        "nauc_precision_at_5_diff1": 0.07724133904701928,
        "nauc_precision_at_5_max": 0.38828011716624405,
        "nauc_precision_at_5_std": 0.30476843338028153,
        "nauc_recall_at_1000_diff1": 0.09642736703935995,
        "nauc_recall_at_1000_max": 0.2617432383235538,
        "nauc_recall_at_1000_std": 0.2573919622619522,
        "nauc_recall_at_100_diff1": 0.09825699035296799,
        "nauc_recall_at_100_max": 0.21974191432527107,
        "nauc_recall_at_100_std": 0.17185929144982276,
        "nauc_recall_at_10_diff1": 0.16346016434674523,
        "nauc_recall_at_10_max": 0.19173814966199318,
        "nauc_recall_at_10_std": -0.01719638338040838,
        "nauc_recall_at_1_diff1": 0.3944840245236187,
        "nauc_recall_at_1_max": 0.05346701472358775,
        "nauc_recall_at_1_std": -0.13466194629926792,
        "nauc_recall_at_20_diff1": 0.10065314321757217,
        "nauc_recall_at_20_max": 0.17339374566591137,
        "nauc_recall_at_20_std": 0.029605553112804803,
        "nauc_recall_at_3_diff1": 0.20810950039395373,
        "nauc_recall_at_3_max": 0.12809886777064494,
        "nauc_recall_at_3_std": -0.05179017464689408,
        "nauc_recall_at_5_diff1": 0.16935662320393027,
        "nauc_recall_at_5_max": 0.1220211222299753,
        "nauc_recall_at_5_std": -0.05581139904532759,
        "ndcg_at_1": 0.36842,
        "ndcg_at_10": 0.29109,
        "ndcg_at_100": 0.27259,
        "ndcg_at_1000": 0.36295,
        "ndcg_at_20": 0.2713,
        "ndcg_at_3": 0.33524,
        "ndcg_at_5": 0.3167,
        "precision_at_1": 0.387,
        "precision_at_10": 0.22012,
        "precision_at_100": 0.07245,
        "precision_at_1000": 0.02011,
        "precision_at_20": 0.16022,
        "precision_at_3": 0.32095,
        "precision_at_5": 0.27864,
        "recall_at_1": 0.04024,
        "recall_at_10": 0.14716,
        "recall_at_100": 0.29074,
        "recall_at_1000": 0.61239,
        "recall_at_20": 0.18252,
        "recall_at_3": 0.08443,
        "recall_at_5": 0.11199
      }
    ]
  },
  "task_name": "NFCorpus"
}