{
  "dataset_revision": "20a6d6f312dd54037fe07a32d58e5e168867909d",
  "evaluation_time": 56.5139422416687,
  "kg_co2_emissions": null,
  "mteb_version": "1.14.10",
  "scores": {
    "test": [
      {
        "cosine_pearson": 0.613338202987719,
        "cosine_spearman": 0.6312736137069419,
        "euclidean_pearson": 0.6378334751487358,
        "euclidean_spearman": 0.6312736142167967,
        "hf_subset": "default",
        "languages": [
          "eng-Latn"
        ],
        "main_score": 0.6312736137069419,
        "manhattan_pearson": 0.6328034363725591,
        "manhattan_spearman": 0.6279646657080881,
        "pearson": 0.613338202987719,
        "spearman": 0.6312736137069419
      }
    ]
  },
  "task_name": "SICK-R"
}