{
  "dataset_revision": "ec0fa4fe99da2ff19ca1214b7966684033a58814",
  "evaluation_time": 3.304462432861328,
  "kg_co2_emissions": null,
  "mteb_version": "1.14.12",
  "scores": {
    "test": [
      {
        "hf_subset": "default",
        "languages": [
          "eng-Latn"
        ],
        "main_score": 0.01228,
        "map_at_1": 0.00043,
        "map_at_10": 0.00143,
        "map_at_100": 0.00272,
        "map_at_1000": 0.00701,
        "map_at_20": 0.0017,
        "map_at_3": 0.00074,
        "map_at_5": 0.0008,
        "mrr_at_1": 0.021671826625386997,
        "mrr_at_10": 0.03652145068553736,
        "mrr_at_100": 0.04820740940827758,
        "mrr_at_1000": 0.049982140942631904,
        "mrr_at_20": 0.04290907193419916,
        "mrr_at_3": 0.028895768833849325,
        "mrr_at_5": 0.03292053663570691,
        "nauc_map_at_1000_diff1": -0.0026627342069961892,
        "nauc_map_at_1000_max": -0.08871561816054845,
        "nauc_map_at_1000_std": 0.08720154427722797,
        "nauc_map_at_100_diff1": -0.053370724999375965,
        "nauc_map_at_100_max": -0.052231981016559494,
        "nauc_map_at_100_std": -0.017783715870279597,
        "nauc_map_at_10_diff1": -0.16449991221437804,
        "nauc_map_at_10_max": 0.00037793293687770843,
        "nauc_map_at_10_std": -0.13068585158823462,
        "nauc_map_at_1_diff1": -0.4723104960421226,
        "nauc_map_at_1_max": 0.5830268227366704,
        "nauc_map_at_1_std": -0.00672399197955927,
        "nauc_map_at_20_diff1": -0.11464808305852185,
        "nauc_map_at_20_max": -0.014411052192033057,
        "nauc_map_at_20_std": -0.09171823262783116,
        "nauc_map_at_3_diff1": -0.06325712561933539,
        "nauc_map_at_3_max": 0.2626650732193828,
        "nauc_map_at_3_std": 0.10553321211284138,
        "nauc_map_at_5_diff1": -0.06304844404024838,
        "nauc_map_at_5_max": 0.23720172061758005,
        "nauc_map_at_5_std": 0.09367993611219547,
        "nauc_mrr_at_1000_diff1": -0.17742359083493162,
        "nauc_mrr_at_1000_max": 0.10623554576558893,
        "nauc_mrr_at_1000_std": -0.11542177111833826,
        "nauc_mrr_at_100_diff1": -0.17719888446794987,
        "nauc_mrr_at_100_max": 0.10313074967136197,
        "nauc_mrr_at_100_std": -0.11649700009416063,
        "nauc_mrr_at_10_diff1": -0.2197961372670872,
        "nauc_mrr_at_10_max": 0.14609858787520183,
        "nauc_mrr_at_10_std": -0.13868159706056307,
        "nauc_mrr_at_1_diff1": -0.4576929164476652,
        "nauc_mrr_at_1_max": 0.3035622523680275,
        "nauc_mrr_at_1_std": -0.29152504090737524,
        "nauc_mrr_at_20_diff1": -0.16995890447124912,
        "nauc_mrr_at_20_max": 0.11066078687735474,
        "nauc_mrr_at_20_std": -0.10520998792807093,
        "nauc_mrr_at_3_diff1": -0.2797048389026083,
        "nauc_mrr_at_3_max": 0.17834217794431736,
        "nauc_mrr_at_3_std": -0.1895978140700402,
        "nauc_mrr_at_5_diff1": -0.25149448675153535,
        "nauc_mrr_at_5_max": 0.16764290132675205,
        "nauc_mrr_at_5_std": -0.15804649179722619,
        "nauc_ndcg_at_1000_diff1": 0.0387691663167765,
        "nauc_ndcg_at_1000_max": -0.04641503661973456,
        "nauc_ndcg_at_1000_std": 0.09399539684376147,
        "nauc_ndcg_at_100_diff1": -0.0047585814516239175,
        "nauc_ndcg_at_100_max": -0.06698773325269122,
        "nauc_ndcg_at_100_std": 0.05720324896912064,
        "nauc_ndcg_at_10_diff1": -0.11732544241076004,
        "nauc_ndcg_at_10_max": -0.01422068497109453,
        "nauc_ndcg_at_10_std": 0.0026523653132441917,
        "nauc_ndcg_at_1_diff1": -0.4098118003124914,
        "nauc_ndcg_at_1_max": 0.31710462749167384,
        "nauc_ndcg_at_1_std": -0.20927027850348434,
        "nauc_ndcg_at_20_diff1": -0.009820753085506095,
        "nauc_ndcg_at_20_max": -0.07034001643051595,
        "nauc_ndcg_at_20_std": 0.07532403566891617,
        "nauc_ndcg_at_3_diff1": -0.2120589095391597,
        "nauc_ndcg_at_3_max": 0.11176787136419417,
        "nauc_ndcg_at_3_std": -0.09081312551607397,
        "nauc_ndcg_at_5_diff1": -0.16257852830452935,
        "nauc_ndcg_at_5_max": 0.08240237735588196,
        "nauc_ndcg_at_5_std": -0.05626926324893024,
        "nauc_precision_at_1000_diff1": 0.012220055949142168,
        "nauc_precision_at_1000_max": -0.12081486769909018,
        "nauc_precision_at_1000_std": 0.1242570903064422,
        "nauc_precision_at_100_diff1": 0.038460164203016886,
        "nauc_precision_at_100_max": -0.13312057044279235,
        "nauc_precision_at_100_std": 0.1429795774170679,
        "nauc_precision_at_10_diff1": -0.03849181458448783,
        "nauc_precision_at_10_max": -0.022461701588247257,
        "nauc_precision_at_10_std": 0.08010267852157826,
        "nauc_precision_at_1_diff1": -0.42621596013543905,
        "nauc_precision_at_1_max": 0.3853941647425065,
        "nauc_precision_at_1_std": -0.22978286792497496,
        "nauc_precision_at_20_diff1": 0.08497556075846668,
        "nauc_precision_at_20_max": -0.11489327167750633,
        "nauc_precision_at_20_std": 0.16817590151147907,
        "nauc_precision_at_3_diff1": -0.20196609498968163,
        "nauc_precision_at_3_max": 0.1352498340829045,
        "nauc_precision_at_3_std": -0.1314216595907376,
        "nauc_precision_at_5_diff1": -0.13217167387789497,
        "nauc_precision_at_5_max": 0.07569005157292293,
        "nauc_precision_at_5_std": -0.08126556474999633,
        "nauc_recall_at_1000_diff1": 0.09802700596057491,
        "nauc_recall_at_1000_max": -0.08605147168888987,
        "nauc_recall_at_1000_std": 0.131183118525207,
        "nauc_recall_at_100_diff1": 0.00030817942728221623,
        "nauc_recall_at_100_max": -0.0881909886826222,
        "nauc_recall_at_100_std": -0.04249259798247597,
        "nauc_recall_at_10_diff1": -0.1994468431548169,
        "nauc_recall_at_10_max": -0.1705946164837432,
        "nauc_recall_at_10_std": -0.2858470368179197,
        "nauc_recall_at_1_diff1": -0.4723104960421226,
        "nauc_recall_at_1_max": 0.5830268227366704,
        "nauc_recall_at_1_std": -0.00672399197955927,
        "nauc_recall_at_20_diff1": -0.07063541924348167,
        "nauc_recall_at_20_max": -0.13465989074290619,
        "nauc_recall_at_20_std": -0.14422074149204991,
        "nauc_recall_at_3_diff1": 0.07872871970346082,
        "nauc_recall_at_3_max": 0.1739847461328988,
        "nauc_recall_at_3_std": 0.12657430180599175,
        "nauc_recall_at_5_diff1": 0.05387594090286204,
        "nauc_recall_at_5_max": 0.12804525380703638,
        "nauc_recall_at_5_std": 0.0942012529184137,
        "ndcg_at_1": 0.01393,
        "ndcg_at_10": 0.01228,
        "ndcg_at_100": 0.02341,
        "ndcg_at_1000": 0.10598,
        "ndcg_at_20": 0.01433,
        "ndcg_at_3": 0.01318,
        "ndcg_at_5": 0.0118,
        "precision_at_1": 0.01548,
        "precision_at_10": 0.01146,
        "precision_at_100": 0.01245,
        "precision_at_1000": 0.01159,
        "precision_at_20": 0.013,
        "precision_at_3": 0.01445,
        "precision_at_5": 0.01238,
        "recall_at_1": 0.00043,
        "recall_at_10": 0.00525,
        "recall_at_100": 0.03646,
        "recall_at_1000": 0.31938,
        "recall_at_20": 0.00872,
        "recall_at_3": 0.0011,
        "recall_at_5": 0.00135
      }
    ]
  },
  "task_name": "NFCorpus"
}