{
  "dataset_revision": "ec0fa4fe99da2ff19ca1214b7966684033a58814",
  "evaluation_time": 3.0080206394195557,
  "kg_co2_emissions": null,
  "mteb_version": "1.14.12",
  "scores": {
    "test": [
      {
        "hf_subset": "default",
        "languages": [
          "eng-Latn"
        ],
        "main_score": 0.20475,
        "map_at_1": 0.03056,
        "map_at_10": 0.06392,
        "map_at_100": 0.08323,
        "map_at_1000": 0.09507,
        "map_at_20": 0.07145,
        "map_at_3": 0.04463,
        "map_at_5": 0.05469,
        "mrr_at_1": 0.30030959752321984,
        "mrr_at_10": 0.3799351319475158,
        "mrr_at_100": 0.3885318263861453,
        "mrr_at_1000": 0.38936817086078884,
        "mrr_at_20": 0.385299523993703,
        "mrr_at_3": 0.3555211558307532,
        "mrr_at_5": 0.37177502579979355,
        "nauc_map_at_1000_diff1": 0.11735190662027867,
        "nauc_map_at_1000_max": 0.3577529395888306,
        "nauc_map_at_1000_std": 0.21759324267373556,
        "nauc_map_at_100_diff1": 0.13114946895489618,
        "nauc_map_at_100_max": 0.33978527260185515,
        "nauc_map_at_100_std": 0.1725682822422204,
        "nauc_map_at_10_diff1": 0.15969645601025378,
        "nauc_map_at_10_max": 0.2938999834190111,
        "nauc_map_at_10_std": 0.09056370860990114,
        "nauc_map_at_1_diff1": 0.24192932490445213,
        "nauc_map_at_1_max": 0.16858442027104464,
        "nauc_map_at_1_std": -0.07907650594854519,
        "nauc_map_at_20_diff1": 0.15084685230648293,
        "nauc_map_at_20_max": 0.31912044310574755,
        "nauc_map_at_20_std": 0.12100664718572608,
        "nauc_map_at_3_diff1": 0.22624818548836045,
        "nauc_map_at_3_max": 0.23151889880456497,
        "nauc_map_at_3_std": 0.00882654804963679,
        "nauc_map_at_5_diff1": 0.19556814596070243,
        "nauc_map_at_5_max": 0.26286309650177164,
        "nauc_map_at_5_std": 0.038453359360977886,
        "nauc_mrr_at_1000_diff1": 0.21769516760309332,
        "nauc_mrr_at_1000_max": 0.3443850202787799,
        "nauc_mrr_at_1000_std": 0.17239497640457335,
        "nauc_mrr_at_100_diff1": 0.2176932296160972,
        "nauc_mrr_at_100_max": 0.34471051855986634,
        "nauc_mrr_at_100_std": 0.17291758968938065,
        "nauc_mrr_at_10_diff1": 0.21998908503753803,
        "nauc_mrr_at_10_max": 0.3420104278835088,
        "nauc_mrr_at_10_std": 0.1659734903303584,
        "nauc_mrr_at_1_diff1": 0.23180073851004956,
        "nauc_mrr_at_1_max": 0.30420293803047305,
        "nauc_mrr_at_1_std": 0.14744749547287148,
        "nauc_mrr_at_20_diff1": 0.21883822937282826,
        "nauc_mrr_at_20_max": 0.3430758569371635,
        "nauc_mrr_at_20_std": 0.1704690232345096,
        "nauc_mrr_at_3_diff1": 0.222116517115978,
        "nauc_mrr_at_3_max": 0.32177990855049116,
        "nauc_mrr_at_3_std": 0.16075761486755102,
        "nauc_mrr_at_5_diff1": 0.22233053082071402,
        "nauc_mrr_at_5_max": 0.3358354007842695,
        "nauc_mrr_at_5_std": 0.16396094261824798,
        "nauc_ndcg_at_1000_diff1": 0.13306863987635079,
        "nauc_ndcg_at_1000_max": 0.48870219819775873,
        "nauc_ndcg_at_1000_std": 0.34728524173781383,
        "nauc_ndcg_at_100_diff1": 0.10960649421674319,
        "nauc_ndcg_at_100_max": 0.3932624589176021,
        "nauc_ndcg_at_100_std": 0.25236108142526936,
        "nauc_ndcg_at_10_diff1": 0.11969245036789423,
        "nauc_ndcg_at_10_max": 0.3555989857302117,
        "nauc_ndcg_at_10_std": 0.22163746437043136,
        "nauc_ndcg_at_1_diff1": 0.22738736916258362,
        "nauc_ndcg_at_1_max": 0.2893261410858389,
        "nauc_ndcg_at_1_std": 0.1449065319133733,
        "nauc_ndcg_at_20_diff1": 0.12407222850434425,
        "nauc_ndcg_at_20_max": 0.35936600602072205,
        "nauc_ndcg_at_20_std": 0.21733701549569198,
        "nauc_ndcg_at_3_diff1": 0.1545534758052628,
        "nauc_ndcg_at_3_max": 0.30727441332458205,
        "nauc_ndcg_at_3_std": 0.19194961930418747,
        "nauc_ndcg_at_5_diff1": 0.14039468415480602,
        "nauc_ndcg_at_5_max": 0.3425976835934236,
        "nauc_ndcg_at_5_std": 0.20812582504758492,
        "nauc_precision_at_1000_diff1": -0.09538088694570768,
        "nauc_precision_at_1000_max": 0.13399255270096194,
        "nauc_precision_at_1000_std": 0.27525385075047826,
        "nauc_precision_at_100_diff1": -0.059663287659785645,
        "nauc_precision_at_100_max": 0.2597137189842933,
        "nauc_precision_at_100_std": 0.3872528674545373,
        "nauc_precision_at_10_diff1": 0.002893969413419794,
        "nauc_precision_at_10_max": 0.3719566198152794,
        "nauc_precision_at_10_std": 0.3230602728867981,
        "nauc_precision_at_1_diff1": 0.23180073851004956,
        "nauc_precision_at_1_max": 0.30420293803047305,
        "nauc_precision_at_1_std": 0.14744749547287148,
        "nauc_precision_at_20_diff1": -0.004404683197738151,
        "nauc_precision_at_20_max": 0.3524139408230861,
        "nauc_precision_at_20_std": 0.35862921176051504,
        "nauc_precision_at_3_diff1": 0.098416500804026,
        "nauc_precision_at_3_max": 0.3232688404692915,
        "nauc_precision_at_3_std": 0.23987687683093245,
        "nauc_precision_at_5_diff1": 0.06632209475419559,
        "nauc_precision_at_5_max": 0.3810118001019259,
        "nauc_precision_at_5_std": 0.27461192347434255,
        "nauc_recall_at_1000_diff1": 0.001938369891699825,
        "nauc_recall_at_1000_max": 0.3067593886072441,
        "nauc_recall_at_1000_std": 0.2522393229913876,
        "nauc_recall_at_100_diff1": 0.029478099743898475,
        "nauc_recall_at_100_max": 0.2516971951526499,
        "nauc_recall_at_100_std": 0.19167589157626394,
        "nauc_recall_at_10_diff1": 0.11632060739182892,
        "nauc_recall_at_10_max": 0.25100285661990634,
        "nauc_recall_at_10_std": 0.07281338012515245,
        "nauc_recall_at_1_diff1": 0.24192932490445213,
        "nauc_recall_at_1_max": 0.16858442027104464,
        "nauc_recall_at_1_std": -0.07907650594854519,
        "nauc_recall_at_20_diff1": 0.07264672151580377,
        "nauc_recall_at_20_max": 0.24082732004575352,
        "nauc_recall_at_20_std": 0.09038543321377775,
        "nauc_recall_at_3_diff1": 0.20625425662248462,
        "nauc_recall_at_3_max": 0.21669192731290005,
        "nauc_recall_at_3_std": 0.00810448749498223,
        "nauc_recall_at_5_diff1": 0.15662672011897263,
        "nauc_recall_at_5_max": 0.22807767722351596,
        "nauc_recall_at_5_std": 0.01216692622549804,
        "ndcg_at_1": 0.28328,
        "ndcg_at_10": 0.20475,
        "ndcg_at_100": 0.20069,
        "ndcg_at_1000": 0.29835,
        "ndcg_at_20": 0.19287,
        "ndcg_at_3": 0.24258,
        "ndcg_at_5": 0.23165,
        "precision_at_1": 0.30031,
        "precision_at_10": 0.15232,
        "precision_at_100": 0.05446,
        "precision_at_1000": 0.01837,
        "precision_at_20": 0.11223,
        "precision_at_3": 0.23013,
        "precision_at_5": 0.20557,
        "recall_at_1": 0.03056,
        "recall_at_10": 0.09519,
        "recall_at_100": 0.22212,
        "recall_at_1000": 0.56705,
        "recall_at_20": 0.12858,
        "recall_at_3": 0.05073,
        "recall_at_5": 0.07408
      }
    ]
  },
  "task_name": "NFCorpus"
}