{
  "dataset_revision": "ec0fa4fe99da2ff19ca1214b7966684033a58814",
  "evaluation_time": 2.9941699504852295,
  "kg_co2_emissions": null,
  "mteb_version": "1.14.12",
  "scores": {
    "test": [
      {
        "hf_subset": "default",
        "languages": [
          "eng-Latn"
        ],
        "main_score": 0.0114,
        "map_at_1": 0.00022,
        "map_at_10": 0.00116,
        "map_at_100": 0.00282,
        "map_at_1000": 0.00829,
        "map_at_20": 0.00137,
        "map_at_3": 0.00083,
        "map_at_5": 0.00099,
        "mrr_at_1": 0.01238390092879257,
        "mrr_at_10": 0.03313922060052091,
        "mrr_at_100": 0.04466772834947242,
        "mrr_at_1000": 0.046392056038056975,
        "mrr_at_20": 0.037552312163038795,
        "mrr_at_3": 0.02321981424148607,
        "mrr_at_5": 0.029876160990712074,
        "nauc_map_at_1000_diff1": -0.05470576489713586,
        "nauc_map_at_1000_max": 0.04584026169664636,
        "nauc_map_at_1000_std": -0.06230706738347341,
        "nauc_map_at_100_diff1": -0.11689374026616206,
        "nauc_map_at_100_max": 0.03652647244331995,
        "nauc_map_at_100_std": -0.08725203329646472,
        "nauc_map_at_10_diff1": -0.17588758956366118,
        "nauc_map_at_10_max": 0.03439024536791282,
        "nauc_map_at_10_std": -0.14985057577790892,
        "nauc_map_at_1_diff1": -0.308909988168627,
        "nauc_map_at_1_max": 0.14188579216971361,
        "nauc_map_at_1_std": -0.32197300374909393,
        "nauc_map_at_20_diff1": -0.13379462642686193,
        "nauc_map_at_20_max": 0.031084858296754014,
        "nauc_map_at_20_std": -0.11959557853573251,
        "nauc_map_at_3_diff1": -0.16789488288585838,
        "nauc_map_at_3_max": 0.02316896309500708,
        "nauc_map_at_3_std": -0.1303571639366429,
        "nauc_map_at_5_diff1": -0.17764188044458215,
        "nauc_map_at_5_max": 0.06345998315118886,
        "nauc_map_at_5_std": -0.16346977181526323,
        "nauc_mrr_at_1000_diff1": 0.028145126434236868,
        "nauc_mrr_at_1000_max": -0.006592829262750847,
        "nauc_mrr_at_1000_std": -0.0290553716825642,
        "nauc_mrr_at_100_diff1": 0.027234290798224814,
        "nauc_mrr_at_100_max": -0.009078078205428728,
        "nauc_mrr_at_100_std": -0.028487219389765256,
        "nauc_mrr_at_10_diff1": 0.03332839826167241,
        "nauc_mrr_at_10_max": -0.03290493917976261,
        "nauc_mrr_at_10_std": -0.0120745741432388,
        "nauc_mrr_at_1_diff1": 0.29280191364080504,
        "nauc_mrr_at_1_max": -0.06956847217500892,
        "nauc_mrr_at_1_std": 0.1080075181468744,
        "nauc_mrr_at_20_diff1": 0.04298479916809721,
        "nauc_mrr_at_20_max": -0.0135024705679145,
        "nauc_mrr_at_20_std": -0.013099451831813878,
        "nauc_mrr_at_3_diff1": 0.08813384669874229,
        "nauc_mrr_at_3_max": -0.06467848173256939,
        "nauc_mrr_at_3_std": 0.0030963985519340525,
        "nauc_mrr_at_5_diff1": 0.035634991737551525,
        "nauc_mrr_at_5_max": -0.011289432002853374,
        "nauc_mrr_at_5_std": -0.040225916795078094,
        "nauc_ndcg_at_1000_diff1": -0.04098436988719161,
        "nauc_ndcg_at_1000_max": 0.09555442057792629,
        "nauc_ndcg_at_1000_std": -0.10230490951438198,
        "nauc_ndcg_at_100_diff1": -0.06024535992319356,
        "nauc_ndcg_at_100_max": -0.004130679051224751,
        "nauc_ndcg_at_100_std": -0.04245527822502433,
        "nauc_ndcg_at_10_diff1": -0.015724626548915953,
        "nauc_ndcg_at_10_max": -0.10325718069653483,
        "nauc_ndcg_at_10_std": 0.012534297718001427,
        "nauc_ndcg_at_1_diff1": 0.39383021169211857,
        "nauc_ndcg_at_1_max": -0.2223639682000102,
        "nauc_ndcg_at_1_std": 0.20541622053099462,
        "nauc_ndcg_at_20_diff1": 0.014417766016436665,
        "nauc_ndcg_at_20_max": -0.059082030545515994,
        "nauc_ndcg_at_20_std": 0.014335851606438995,
        "nauc_ndcg_at_3_diff1": 0.08203522783308015,
        "nauc_ndcg_at_3_max": -0.14151020796093292,
        "nauc_ndcg_at_3_std": 0.02740984152571549,
        "nauc_ndcg_at_5_diff1": 0.024959897974597127,
        "nauc_ndcg_at_5_max": -0.06720440382209865,
        "nauc_ndcg_at_5_std": -0.013327665801177816,
        "nauc_precision_at_1000_diff1": 0.04611500807222579,
        "nauc_precision_at_1000_max": 0.030157021719475114,
        "nauc_precision_at_1000_std": -0.025154088668304084,
        "nauc_precision_at_100_diff1": -0.02095090913941695,
        "nauc_precision_at_100_max": 0.05778849981481055,
        "nauc_precision_at_100_std": -0.05233681069450544,
        "nauc_precision_at_10_diff1": -0.06952760914339029,
        "nauc_precision_at_10_max": -0.07354350122339934,
        "nauc_precision_at_10_std": -0.0034823190635033625,
        "nauc_precision_at_1_diff1": 0.29280191364080504,
        "nauc_precision_at_1_max": -0.06956847217500892,
        "nauc_precision_at_1_std": 0.1080075181468744,
        "nauc_precision_at_20_diff1": 0.004115553069873889,
        "nauc_precision_at_20_max": -0.015314706153781305,
        "nauc_precision_at_20_std": 0.004482240131538681,
        "nauc_precision_at_3_diff1": -0.005176932795268418,
        "nauc_precision_at_3_max": -0.06482186072436263,
        "nauc_precision_at_3_std": -0.03969348505373556,
        "nauc_precision_at_5_diff1": -0.0637250343356404,
        "nauc_precision_at_5_max": 0.010213012837568786,
        "nauc_precision_at_5_std": -0.08644865157394678,
        "nauc_recall_at_1000_diff1": 0.017332858056259802,
        "nauc_recall_at_1000_max": 0.06929080954719274,
        "nauc_recall_at_1000_std": -0.019466530323987114,
        "nauc_recall_at_100_diff1": -0.0958273142372578,
        "nauc_recall_at_100_max": -0.050059570372032514,
        "nauc_recall_at_100_std": 0.029228328285597863,
        "nauc_recall_at_10_diff1": -0.11804254258204852,
        "nauc_recall_at_10_max": -0.04682890256815005,
        "nauc_recall_at_10_std": -0.06327454249373031,
        "nauc_recall_at_1_diff1": -0.308909988168627,
        "nauc_recall_at_1_max": 0.14188579216971361,
        "nauc_recall_at_1_std": -0.32197300374909393,
        "nauc_recall_at_20_diff1": 0.009314829812792212,
        "nauc_recall_at_20_max": -0.038705207700730826,
        "nauc_recall_at_20_std": 0.01293036792526811,
        "nauc_recall_at_3_diff1": -0.05864812659451629,
        "nauc_recall_at_3_max": -0.07781719034255144,
        "nauc_recall_at_3_std": -0.0016925157923578262,
        "nauc_recall_at_5_diff1": -0.10551129804865075,
        "nauc_recall_at_5_max": 0.020583892065913982,
        "nauc_recall_at_5_std": -0.09431742867336856,
        "ndcg_at_1": 0.01084,
        "ndcg_at_10": 0.0114,
        "ndcg_at_100": 0.02715,
        "ndcg_at_1000": 0.12259,
        "ndcg_at_20": 0.0131,
        "ndcg_at_3": 0.01246,
        "ndcg_at_5": 0.01271,
        "precision_at_1": 0.01238,
        "precision_at_10": 0.01176,
        "precision_at_100": 0.01514,
        "precision_at_1000": 0.01286,
        "precision_at_20": 0.01285,
        "precision_at_3": 0.01445,
        "precision_at_5": 0.01486,
        "recall_at_1": 0.00022,
        "recall_at_10": 0.00314,
        "recall_at_100": 0.04282,
        "recall_at_1000": 0.37196,
        "recall_at_20": 0.00565,
        "recall_at_3": 0.00162,
        "recall_at_5": 0.00223
      }
    ]
  },
  "task_name": "NFCorpus"
}