{
  "dataset_revision": "20a6d6f312dd54037fe07a32d58e5e168867909d",
  "evaluation_time": 58.46863317489624,
  "kg_co2_emissions": null,
  "mteb_version": "1.14.10",
  "scores": {
    "test": [
      {
        "cosine_pearson": 0.8391595785110781,
        "cosine_spearman": 0.7758245705959116,
        "euclidean_pearson": 0.8077605446165416,
        "euclidean_spearman": 0.7758245570895095,
        "hf_subset": "default",
        "languages": [
          "eng-Latn"
        ],
        "main_score": 0.7758245705959116,
        "manhattan_pearson": 0.8070675196821184,
        "manhattan_spearman": 0.7748236535230195,
        "pearson": 0.8391595785110781,
        "spearman": 0.7758245705959116
      }
    ]
  },
  "task_name": "SICK-R"
}