{
  "dataset_revision": "ec0fa4fe99da2ff19ca1214b7966684033a58814",
  "evaluation_time": 2.9794745445251465,
  "kg_co2_emissions": null,
  "mteb_version": "1.14.12",
  "scores": {
    "test": [
      {
        "hf_subset": "default",
        "languages": [
          "eng-Latn"
        ],
        "main_score": 0.23518,
        "map_at_1": 0.02826,
        "map_at_10": 0.07396,
        "map_at_100": 0.09899,
        "map_at_1000": 0.11257,
        "map_at_20": 0.08373,
        "map_at_3": 0.04932,
        "map_at_5": 0.06125,
        "mrr_at_1": 0.3157894736842105,
        "mrr_at_10": 0.4024288662833553,
        "mrr_at_100": 0.4105878356579149,
        "mrr_at_1000": 0.41112995031888583,
        "mrr_at_20": 0.40678702039014114,
        "mrr_at_3": 0.3782249742002063,
        "mrr_at_5": 0.3901444788441692,
        "nauc_map_at_1000_diff1": 0.020542187532671802,
        "nauc_map_at_1000_max": 0.3618139043994744,
        "nauc_map_at_1000_std": 0.24654006499469988,
        "nauc_map_at_100_diff1": 0.026971160958485424,
        "nauc_map_at_100_max": 0.35465621101470424,
        "nauc_map_at_100_std": 0.2071301091526575,
        "nauc_map_at_10_diff1": 0.04687890017378216,
        "nauc_map_at_10_max": 0.3160199298993884,
        "nauc_map_at_10_std": 0.09976072216608306,
        "nauc_map_at_1_diff1": 0.11651474388988792,
        "nauc_map_at_1_max": 0.26909246964894235,
        "nauc_map_at_1_std": -0.05441839727535799,
        "nauc_map_at_20_diff1": 0.03755236776961821,
        "nauc_map_at_20_max": 0.33316876374358867,
        "nauc_map_at_20_std": 0.14591727726514128,
        "nauc_map_at_3_diff1": 0.05514425732660012,
        "nauc_map_at_3_max": 0.2677367356952799,
        "nauc_map_at_3_std": -0.005524442740243133,
        "nauc_map_at_5_diff1": 0.05618450943730888,
        "nauc_map_at_5_max": 0.28919654677444756,
        "nauc_map_at_5_std": 0.03671201523013519,
        "nauc_mrr_at_1000_diff1": 0.23259844893829695,
        "nauc_mrr_at_1000_max": 0.39237366639350363,
        "nauc_mrr_at_1000_std": 0.20866303733306132,
        "nauc_mrr_at_100_diff1": 0.23247129775098677,
        "nauc_mrr_at_100_max": 0.39245185234390206,
        "nauc_mrr_at_100_std": 0.20921384941317508,
        "nauc_mrr_at_10_diff1": 0.23082097468793653,
        "nauc_mrr_at_10_max": 0.39064582492391803,
        "nauc_mrr_at_10_std": 0.20431401049207665,
        "nauc_mrr_at_1_diff1": 0.2713230733508403,
        "nauc_mrr_at_1_max": 0.3629265030919333,
        "nauc_mrr_at_1_std": 0.14469076533306516,
        "nauc_mrr_at_20_diff1": 0.2319889587517801,
        "nauc_mrr_at_20_max": 0.3923008029774106,
        "nauc_mrr_at_20_std": 0.21020660746370373,
        "nauc_mrr_at_3_diff1": 0.24268604000401156,
        "nauc_mrr_at_3_max": 0.38400696458202954,
        "nauc_mrr_at_3_std": 0.18905400848348847,
        "nauc_mrr_at_5_diff1": 0.23443840730006257,
        "nauc_mrr_at_5_max": 0.38355226799186626,
        "nauc_mrr_at_5_std": 0.1900612770201212,
        "nauc_ndcg_at_1000_diff1": 0.05923237943979268,
        "nauc_ndcg_at_1000_max": 0.4743222271899281,
        "nauc_ndcg_at_1000_std": 0.3872475982789394,
        "nauc_ndcg_at_100_diff1": 0.06440986404177185,
        "nauc_ndcg_at_100_max": 0.40241654690591777,
        "nauc_ndcg_at_100_std": 0.3080450070070961,
        "nauc_ndcg_at_10_diff1": 0.08180095419015804,
        "nauc_ndcg_at_10_max": 0.36696495052428085,
        "nauc_ndcg_at_10_std": 0.2730980961336785,
        "nauc_ndcg_at_1_diff1": 0.279359680556073,
        "nauc_ndcg_at_1_max": 0.34376199494931514,
        "nauc_ndcg_at_1_std": 0.1433609733988894,
        "nauc_ndcg_at_20_diff1": 0.059462902492939645,
        "nauc_ndcg_at_20_max": 0.36555479833965465,
        "nauc_ndcg_at_20_std": 0.2834755138671416,
        "nauc_ndcg_at_3_diff1": 0.15199360538197268,
        "nauc_ndcg_at_3_max": 0.3461436693768811,
        "nauc_ndcg_at_3_std": 0.19586568820620587,
        "nauc_ndcg_at_5_diff1": 0.12277966830537443,
        "nauc_ndcg_at_5_max": 0.3519798685397605,
        "nauc_ndcg_at_5_std": 0.22905220816893415,
        "nauc_precision_at_1000_diff1": -0.05470180034592512,
        "nauc_precision_at_1000_max": 0.07433566919514228,
        "nauc_precision_at_1000_std": 0.2690390094851132,
        "nauc_precision_at_100_diff1": -0.029368796591329648,
        "nauc_precision_at_100_max": 0.21363076899846614,
        "nauc_precision_at_100_std": 0.40834420382139647,
        "nauc_precision_at_10_diff1": 0.005899313210748313,
        "nauc_precision_at_10_max": 0.3522813099335409,
        "nauc_precision_at_10_std": 0.3829394498426715,
        "nauc_precision_at_1_diff1": 0.2713230733508403,
        "nauc_precision_at_1_max": 0.3629265030919333,
        "nauc_precision_at_1_std": 0.14469076533306516,
        "nauc_precision_at_20_diff1": -0.027452724001722443,
        "nauc_precision_at_20_max": 0.33215349205284406,
        "nauc_precision_at_20_std": 0.42647524881426285,
        "nauc_precision_at_3_diff1": 0.1110214272558186,
        "nauc_precision_at_3_max": 0.36722438538870084,
        "nauc_precision_at_3_std": 0.24947011329785862,
        "nauc_precision_at_5_diff1": 0.06764876041874565,
        "nauc_precision_at_5_max": 0.3630423721087131,
        "nauc_precision_at_5_std": 0.30292747191965835,
        "nauc_recall_at_1000_diff1": 0.0077405445555219455,
        "nauc_recall_at_1000_max": 0.26925715574457487,
        "nauc_recall_at_1000_std": 0.24775827747512505,
        "nauc_recall_at_100_diff1": 0.002789912544112346,
        "nauc_recall_at_100_max": 0.22115707677341906,
        "nauc_recall_at_100_std": 0.20244459484421323,
        "nauc_recall_at_10_diff1": 0.014845752793242508,
        "nauc_recall_at_10_max": 0.21337838566523568,
        "nauc_recall_at_10_std": 0.09140505836192309,
        "nauc_recall_at_1_diff1": 0.11651474388988792,
        "nauc_recall_at_1_max": 0.26909246964894235,
        "nauc_recall_at_1_std": -0.05441839727535799,
        "nauc_recall_at_20_diff1": 0.0047206703168163775,
        "nauc_recall_at_20_max": 0.2022274498193628,
        "nauc_recall_at_20_std": 0.12028159889844793,
        "nauc_recall_at_3_diff1": 0.034445672873582356,
        "nauc_recall_at_3_max": 0.23284140249088506,
        "nauc_recall_at_3_std": -0.004708215740397442,
        "nauc_recall_at_5_diff1": 0.0337435719326693,
        "nauc_recall_at_5_max": 0.2075233435867005,
        "nauc_recall_at_5_std": 0.02169504066169373,
        "ndcg_at_1": 0.29721,
        "ndcg_at_10": 0.23518,
        "ndcg_at_100": 0.23279,
        "ndcg_at_1000": 0.33022,
        "ndcg_at_20": 0.22249,
        "ndcg_at_3": 0.26173,
        "ndcg_at_5": 0.2509,
        "precision_at_1": 0.31579,
        "precision_at_10": 0.1805,
        "precision_at_100": 0.06573,
        "precision_at_1000": 0.01993,
        "precision_at_20": 0.13777,
        "precision_at_3": 0.25181,
        "precision_at_5": 0.22539,
        "recall_at_1": 0.02826,
        "recall_at_10": 0.1186,
        "recall_at_100": 0.26561,
        "recall_at_1000": 0.60828,
        "recall_at_20": 0.15377,
        "recall_at_3": 0.05929,
        "recall_at_5": 0.08428
      }
    ]
  },
  "task_name": "NFCorpus"
}