{
  "dataset_revision": "ec0fa4fe99da2ff19ca1214b7966684033a58814",
  "evaluation_time": 2.988615036010742,
  "kg_co2_emissions": null,
  "mteb_version": "1.14.12",
  "scores": {
    "test": [
      {
        "hf_subset": "default",
        "languages": [
          "eng-Latn"
        ],
        "main_score": 0.2049,
        "map_at_1": 0.03009,
        "map_at_10": 0.06611,
        "map_at_100": 0.0852,
        "map_at_1000": 0.09643,
        "map_at_20": 0.07388,
        "map_at_3": 0.04769,
        "map_at_5": 0.05737,
        "mrr_at_1": 0.29411764705882354,
        "mrr_at_10": 0.37092486117253926,
        "mrr_at_100": 0.380184320944574,
        "mrr_at_1000": 0.3808504719536719,
        "mrr_at_20": 0.377380579601918,
        "mrr_at_3": 0.347781217750258,
        "mrr_at_5": 0.3621775025799794,
        "nauc_map_at_1000_diff1": 0.19443645859355202,
        "nauc_map_at_1000_max": 0.3978572851101011,
        "nauc_map_at_1000_std": 0.02617825301632047,
        "nauc_map_at_100_diff1": 0.20412659310013773,
        "nauc_map_at_100_max": 0.39246718707472866,
        "nauc_map_at_100_std": 0.005296157308036958,
        "nauc_map_at_10_diff1": 0.22704697903475762,
        "nauc_map_at_10_max": 0.35802833156360697,
        "nauc_map_at_10_std": -0.05428251421705922,
        "nauc_map_at_1_diff1": 0.34803793068406974,
        "nauc_map_at_1_max": 0.27713673764617647,
        "nauc_map_at_1_std": -0.1106014183492311,
        "nauc_map_at_20_diff1": 0.21167393222647515,
        "nauc_map_at_20_max": 0.3763917197504788,
        "nauc_map_at_20_std": -0.026788999059935068,
        "nauc_map_at_3_diff1": 0.29145441825480645,
        "nauc_map_at_3_max": 0.30439287722878444,
        "nauc_map_at_3_std": -0.10001246405370016,
        "nauc_map_at_5_diff1": 0.2533815338354466,
        "nauc_map_at_5_max": 0.33779623261445024,
        "nauc_map_at_5_std": -0.0815218581932452,
        "nauc_mrr_at_1000_diff1": 0.32478060070377057,
        "nauc_mrr_at_1000_max": 0.4471751731857836,
        "nauc_mrr_at_1000_std": 0.03854839532445802,
        "nauc_mrr_at_100_diff1": 0.32446070732677507,
        "nauc_mrr_at_100_max": 0.44720429083474317,
        "nauc_mrr_at_100_std": 0.038639874615990576,
        "nauc_mrr_at_10_diff1": 0.3238782840106908,
        "nauc_mrr_at_10_max": 0.4390251735409688,
        "nauc_mrr_at_10_std": 0.03361780651881389,
        "nauc_mrr_at_1_diff1": 0.3779756677447754,
        "nauc_mrr_at_1_max": 0.4203004250919706,
        "nauc_mrr_at_1_std": 0.03679066190525953,
        "nauc_mrr_at_20_diff1": 0.3248892457207924,
        "nauc_mrr_at_20_max": 0.4480011849225086,
        "nauc_mrr_at_20_std": 0.039469676448205024,
        "nauc_mrr_at_3_diff1": 0.351562355818967,
        "nauc_mrr_at_3_max": 0.44546728749429926,
        "nauc_mrr_at_3_std": 0.04054222140871618,
        "nauc_mrr_at_5_diff1": 0.3343474281132428,
        "nauc_mrr_at_5_max": 0.4432177370442304,
        "nauc_mrr_at_5_std": 0.03301431163960068,
        "nauc_ndcg_at_1000_diff1": 0.17138586379597254,
        "nauc_ndcg_at_1000_max": 0.5024727848127509,
        "nauc_ndcg_at_1000_std": 0.07600689298217847,
        "nauc_ndcg_at_100_diff1": 0.17784583498007697,
        "nauc_ndcg_at_100_max": 0.44061780860497424,
        "nauc_ndcg_at_100_std": 0.03748737701823482,
        "nauc_ndcg_at_10_diff1": 0.185969042590655,
        "nauc_ndcg_at_10_max": 0.3965978069345467,
        "nauc_ndcg_at_10_std": 0.03320662429388801,
        "nauc_ndcg_at_1_diff1": 0.3715134245205682,
        "nauc_ndcg_at_1_max": 0.3990539056861759,
        "nauc_ndcg_at_1_std": 0.03885700179884802,
        "nauc_ndcg_at_20_diff1": 0.15959875636089366,
        "nauc_ndcg_at_20_max": 0.40155473996602487,
        "nauc_ndcg_at_20_std": 0.048687033739084694,
        "nauc_ndcg_at_3_diff1": 0.2646317380454276,
        "nauc_ndcg_at_3_max": 0.3958887698350719,
        "nauc_ndcg_at_3_std": 0.03877767645334483,
        "nauc_ndcg_at_5_diff1": 0.228434304052292,
        "nauc_ndcg_at_5_max": 0.4159591200955729,
        "nauc_ndcg_at_5_std": 0.037881762945365806,
        "nauc_precision_at_1000_diff1": -0.058291568673124294,
        "nauc_precision_at_1000_max": 0.0843748253113627,
        "nauc_precision_at_1000_std": 0.09355460718506255,
        "nauc_precision_at_100_diff1": -0.009791950819323814,
        "nauc_precision_at_100_max": 0.23782297027203386,
        "nauc_precision_at_100_std": 0.1628092666922155,
        "nauc_precision_at_10_diff1": 0.0636021673342546,
        "nauc_precision_at_10_max": 0.3780010341065926,
        "nauc_precision_at_10_std": 0.10747776704618642,
        "nauc_precision_at_1_diff1": 0.3779756677447754,
        "nauc_precision_at_1_max": 0.4203004250919706,
        "nauc_precision_at_1_std": 0.03679066190525953,
        "nauc_precision_at_20_diff1": 0.0189574521889189,
        "nauc_precision_at_20_max": 0.3506661255184921,
        "nauc_precision_at_20_std": 0.1676517482123717,
        "nauc_precision_at_3_diff1": 0.21545394144385824,
        "nauc_precision_at_3_max": 0.42250653412336653,
        "nauc_precision_at_3_std": 0.07672597031326113,
        "nauc_precision_at_5_diff1": 0.13927000458454064,
        "nauc_precision_at_5_max": 0.4433351174695675,
        "nauc_precision_at_5_std": 0.08753601770377614,
        "nauc_recall_at_1000_diff1": 0.04637942522758066,
        "nauc_recall_at_1000_max": 0.3382438061382634,
        "nauc_recall_at_1000_std": 0.02336116741837944,
        "nauc_recall_at_100_diff1": 0.08279293736938101,
        "nauc_recall_at_100_max": 0.26710961652804077,
        "nauc_recall_at_100_std": -0.03283262188309397,
        "nauc_recall_at_10_diff1": 0.09781233659098673,
        "nauc_recall_at_10_max": 0.28739136606681975,
        "nauc_recall_at_10_std": -0.08939016143413005,
        "nauc_recall_at_1_diff1": 0.34803793068406974,
        "nauc_recall_at_1_max": 0.27713673764617647,
        "nauc_recall_at_1_std": -0.1106014183492311,
        "nauc_recall_at_20_diff1": 0.06400189528381652,
        "nauc_recall_at_20_max": 0.2776564445438103,
        "nauc_recall_at_20_std": -0.048618655679806846,
        "nauc_recall_at_3_diff1": 0.24872727009124662,
        "nauc_recall_at_3_max": 0.29277194919186084,
        "nauc_recall_at_3_std": -0.10748910753051229,
        "nauc_recall_at_5_diff1": 0.14481426378016488,
        "nauc_recall_at_5_max": 0.29373434932498815,
        "nauc_recall_at_5_std": -0.10306892209655465,
        "ndcg_at_1": 0.27554,
        "ndcg_at_10": 0.2049,
        "ndcg_at_100": 0.20225,
        "ndcg_at_1000": 0.29442,
        "ndcg_at_20": 0.19577,
        "ndcg_at_3": 0.23657,
        "ndcg_at_5": 0.22543,
        "precision_at_1": 0.29412,
        "precision_at_10": 0.15356,
        "precision_at_100": 0.0556,
        "precision_at_1000": 0.01787,
        "precision_at_20": 0.11734,
        "precision_at_3": 0.22394,
        "precision_at_5": 0.1969,
        "recall_at_1": 0.03009,
        "recall_at_10": 0.09455,
        "recall_at_100": 0.22452,
        "recall_at_1000": 0.54626,
        "recall_at_20": 0.1288,
        "recall_at_3": 0.05379,
        "recall_at_5": 0.07517
      }
    ]
  },
  "task_name": "NFCorpus"
}