{
  "dataset_revision": "ec0fa4fe99da2ff19ca1214b7966684033a58814",
  "evaluation_time": 3.002152442932129,
  "kg_co2_emissions": null,
  "mteb_version": "1.14.12",
  "scores": {
    "test": [
      {
        "hf_subset": "default",
        "languages": [
          "eng-Latn"
        ],
        "main_score": 0.23861,
        "map_at_1": 0.0356,
        "map_at_10": 0.07861,
        "map_at_100": 0.09517,
        "map_at_1000": 0.10421,
        "map_at_20": 0.08622,
        "map_at_3": 0.05901,
        "map_at_5": 0.06791,
        "mrr_at_1": 0.33436532507739936,
        "mrr_at_10": 0.419091847265222,
        "mrr_at_100": 0.42482688292242066,
        "mrr_at_1000": 0.425520956029431,
        "mrr_at_20": 0.42193444796568097,
        "mrr_at_3": 0.39989680082559337,
        "mrr_at_5": 0.40964912280701754,
        "nauc_map_at_1000_diff1": 0.2787412992443136,
        "nauc_map_at_1000_max": 0.17422568514067524,
        "nauc_map_at_1000_std": 0.13364638852322946,
        "nauc_map_at_100_diff1": 0.2885354273298588,
        "nauc_map_at_100_max": 0.1606983626893199,
        "nauc_map_at_100_std": 0.1298367139363546,
        "nauc_map_at_10_diff1": 0.3081139800397593,
        "nauc_map_at_10_max": 0.13419663149812697,
        "nauc_map_at_10_std": 0.09528311756711241,
        "nauc_map_at_1_diff1": 0.4041979543379344,
        "nauc_map_at_1_max": 0.1145205440725876,
        "nauc_map_at_1_std": 0.008618286349657537,
        "nauc_map_at_20_diff1": 0.3013339300325299,
        "nauc_map_at_20_max": 0.14466422969435436,
        "nauc_map_at_20_std": 0.1159506869888411,
        "nauc_map_at_3_diff1": 0.3445144846890682,
        "nauc_map_at_3_max": 0.11719829282837779,
        "nauc_map_at_3_std": 0.053296708057833264,
        "nauc_map_at_5_diff1": 0.31262003522488135,
        "nauc_map_at_5_max": 0.13115473494628987,
        "nauc_map_at_5_std": 0.06182779622172205,
        "nauc_mrr_at_1000_diff1": 0.30592830901814966,
        "nauc_mrr_at_1000_max": 0.24898879533525226,
        "nauc_mrr_at_1000_std": 0.06430321702430951,
        "nauc_mrr_at_100_diff1": 0.30605486454536973,
        "nauc_mrr_at_100_max": 0.2494013875648413,
        "nauc_mrr_at_100_std": 0.06440172503091099,
        "nauc_mrr_at_10_diff1": 0.3043786402797528,
        "nauc_mrr_at_10_max": 0.24231133442123667,
        "nauc_mrr_at_10_std": 0.06283120834772431,
        "nauc_mrr_at_1_diff1": 0.34684357738751065,
        "nauc_mrr_at_1_max": 0.20397452591685616,
        "nauc_mrr_at_1_std": 0.06805606080041793,
        "nauc_mrr_at_20_diff1": 0.3048733116184813,
        "nauc_mrr_at_20_max": 0.24895869701323103,
        "nauc_mrr_at_20_std": 0.06433377155723843,
        "nauc_mrr_at_3_diff1": 0.31086138839179145,
        "nauc_mrr_at_3_max": 0.23069479389456451,
        "nauc_mrr_at_3_std": 0.0718095270602258,
        "nauc_mrr_at_5_diff1": 0.308707189703958,
        "nauc_mrr_at_5_max": 0.2399889413316704,
        "nauc_mrr_at_5_std": 0.061591459414404005,
        "nauc_ndcg_at_1000_diff1": 0.22689905635687613,
        "nauc_ndcg_at_1000_max": 0.2997148957139415,
        "nauc_ndcg_at_1000_std": 0.12979643126048887,
        "nauc_ndcg_at_100_diff1": 0.24797933780818163,
        "nauc_ndcg_at_100_max": 0.2484809148802567,
        "nauc_ndcg_at_100_std": 0.13739221133134255,
        "nauc_ndcg_at_10_diff1": 0.23637416430285385,
        "nauc_ndcg_at_10_max": 0.19055592662242615,
        "nauc_ndcg_at_10_std": 0.1383159472314083,
        "nauc_ndcg_at_1_diff1": 0.34908438422422666,
        "nauc_ndcg_at_1_max": 0.1983604103316642,
        "nauc_ndcg_at_1_std": 0.07688443889945308,
        "nauc_ndcg_at_20_diff1": 0.22837306898222884,
        "nauc_ndcg_at_20_max": 0.21069273215456014,
        "nauc_ndcg_at_20_std": 0.14302261645507794,
        "nauc_ndcg_at_3_diff1": 0.2786786687489771,
        "nauc_ndcg_at_3_max": 0.20258860659538938,
        "nauc_ndcg_at_3_std": 0.08995790857985232,
        "nauc_ndcg_at_5_diff1": 0.263505892550918,
        "nauc_ndcg_at_5_max": 0.20432899661465764,
        "nauc_ndcg_at_5_std": 0.11213518219158095,
        "nauc_precision_at_1000_diff1": -0.04427327494776919,
        "nauc_precision_at_1000_max": 0.12705303711756238,
        "nauc_precision_at_1000_std": 0.02159336776529599,
        "nauc_precision_at_100_diff1": 0.0028744114094054734,
        "nauc_precision_at_100_max": 0.19752174790755478,
        "nauc_precision_at_100_std": 0.1517232863361654,
        "nauc_precision_at_10_diff1": 0.12027667642246302,
        "nauc_precision_at_10_max": 0.1867739826602654,
        "nauc_precision_at_10_std": 0.1735623505605059,
        "nauc_precision_at_1_diff1": 0.34684357738751065,
        "nauc_precision_at_1_max": 0.20397452591685616,
        "nauc_precision_at_1_std": 0.06805606080041793,
        "nauc_precision_at_20_diff1": 0.06935842587321905,
        "nauc_precision_at_20_max": 0.20567554514334974,
        "nauc_precision_at_20_std": 0.17945511777047993,
        "nauc_precision_at_3_diff1": 0.197419353941194,
        "nauc_precision_at_3_max": 0.2256473555053154,
        "nauc_precision_at_3_std": 0.08762878139156671,
        "nauc_precision_at_5_diff1": 0.154070424486184,
        "nauc_precision_at_5_max": 0.23743329757578951,
        "nauc_precision_at_5_std": 0.12541623241359973,
        "nauc_recall_at_1000_diff1": 0.12436516006019542,
        "nauc_recall_at_1000_max": 0.17459288767608983,
        "nauc_recall_at_1000_std": 0.07774944990861825,
        "nauc_recall_at_100_diff1": 0.1578307305940885,
        "nauc_recall_at_100_max": 0.19190609338279924,
        "nauc_recall_at_100_std": 0.12211736186157833,
        "nauc_recall_at_10_diff1": 0.18047925550139562,
        "nauc_recall_at_10_max": 0.09203423235492704,
        "nauc_recall_at_10_std": 0.10661847471854,
        "nauc_recall_at_1_diff1": 0.4041979543379344,
        "nauc_recall_at_1_max": 0.1145205440725876,
        "nauc_recall_at_1_std": 0.008618286349657537,
        "nauc_recall_at_20_diff1": 0.16736881319139382,
        "nauc_recall_at_20_max": 0.13967464900004403,
        "nauc_recall_at_20_std": 0.12743441517343027,
        "nauc_recall_at_3_diff1": 0.2981473522245558,
        "nauc_recall_at_3_max": 0.09970783933281123,
        "nauc_recall_at_3_std": 0.06063514509119736,
        "nauc_recall_at_5_diff1": 0.21945388841500227,
        "nauc_recall_at_5_max": 0.09932143756963834,
        "nauc_recall_at_5_std": 0.05529827946184602,
        "ndcg_at_1": 0.32198,
        "ndcg_at_10": 0.23861,
        "ndcg_at_100": 0.20918,
        "ndcg_at_1000": 0.29559,
        "ndcg_at_20": 0.21726,
        "ndcg_at_3": 0.28229,
        "ndcg_at_5": 0.25922,
        "precision_at_1": 0.33437,
        "precision_at_10": 0.17616,
        "precision_at_100": 0.05149,
        "precision_at_1000": 0.01652,
        "precision_at_20": 0.12601,
        "precision_at_3": 0.26935,
        "precision_at_5": 0.22353,
        "recall_at_1": 0.0356,
        "recall_at_10": 0.1128,
        "recall_at_100": 0.21361,
        "recall_at_1000": 0.52395,
        "recall_at_20": 0.13858,
        "recall_at_3": 0.06925,
        "recall_at_5": 0.08671
      }
    ]
  },
  "task_name": "NFCorpus"
}