{
  "dataset_revision": "ec0fa4fe99da2ff19ca1214b7966684033a58814",
  "evaluation_time": 2.987447738647461,
  "kg_co2_emissions": null,
  "mteb_version": "1.14.12",
  "scores": {
    "test": [
      {
        "hf_subset": "default",
        "languages": [
          "eng-Latn"
        ],
        "main_score": 0.11278,
        "map_at_1": 0.00962,
        "map_at_10": 0.02422,
        "map_at_100": 0.0359,
        "map_at_1000": 0.04588,
        "map_at_20": 0.0282,
        "map_at_3": 0.0165,
        "map_at_5": 0.01979,
        "mrr_at_1": 0.17337461300309598,
        "mrr_at_10": 0.2429308565531476,
        "mrr_at_100": 0.2535064114063744,
        "mrr_at_1000": 0.25466104747000795,
        "mrr_at_20": 0.2498870991149026,
        "mrr_at_3": 0.2213622291021672,
        "mrr_at_5": 0.23266253869969047,
        "nauc_map_at_1000_diff1": 0.11369257853587207,
        "nauc_map_at_1000_max": 0.4155201122036354,
        "nauc_map_at_1000_std": 0.198334574590257,
        "nauc_map_at_100_diff1": 0.15050845653645398,
        "nauc_map_at_100_max": 0.42126415525920236,
        "nauc_map_at_100_std": 0.170315517059812,
        "nauc_map_at_10_diff1": 0.187371665287784,
        "nauc_map_at_10_max": 0.4257978296510742,
        "nauc_map_at_10_std": 0.09014054742073087,
        "nauc_map_at_1_diff1": 0.19239650131615874,
        "nauc_map_at_1_max": 0.45531739942659066,
        "nauc_map_at_1_std": -0.03864234381503333,
        "nauc_map_at_20_diff1": 0.1839099223458404,
        "nauc_map_at_20_max": 0.41946099347095217,
        "nauc_map_at_20_std": 0.12470718718592318,
        "nauc_map_at_3_diff1": 0.206117804834311,
        "nauc_map_at_3_max": 0.4291119655540048,
        "nauc_map_at_3_std": 0.05391636252105056,
        "nauc_map_at_5_diff1": 0.22777334209038375,
        "nauc_map_at_5_max": 0.44116373733323433,
        "nauc_map_at_5_std": 0.07509626484992576,
        "nauc_mrr_at_1000_diff1": 0.0994196618955809,
        "nauc_mrr_at_1000_max": 0.4194806341788072,
        "nauc_mrr_at_1000_std": 0.16405191646363823,
        "nauc_mrr_at_100_diff1": 0.09905841154994664,
        "nauc_mrr_at_100_max": 0.41976656845783816,
        "nauc_mrr_at_100_std": 0.16448508250765095,
        "nauc_mrr_at_10_diff1": 0.1029682625484439,
        "nauc_mrr_at_10_max": 0.4148069421114866,
        "nauc_mrr_at_10_std": 0.15698607971625053,
        "nauc_mrr_at_1_diff1": 0.15210621528173418,
        "nauc_mrr_at_1_max": 0.4313754580852188,
        "nauc_mrr_at_1_std": 0.11684697130025999,
        "nauc_mrr_at_20_diff1": 0.10045136946059637,
        "nauc_mrr_at_20_max": 0.42049560679866815,
        "nauc_mrr_at_20_std": 0.16437991167931945,
        "nauc_mrr_at_3_diff1": 0.10162464068277743,
        "nauc_mrr_at_3_max": 0.4152056141055985,
        "nauc_mrr_at_3_std": 0.1601827414555475,
        "nauc_mrr_at_5_diff1": 0.10237194799104722,
        "nauc_mrr_at_5_max": 0.41668131055720364,
        "nauc_mrr_at_5_std": 0.15966013391475906,
        "nauc_ndcg_at_1000_diff1": 0.037956739114397446,
        "nauc_ndcg_at_1000_max": 0.4413111189591049,
        "nauc_ndcg_at_1000_std": 0.2431663649689235,
        "nauc_ndcg_at_100_diff1": 0.0857976005849233,
        "nauc_ndcg_at_100_max": 0.43970012435908157,
        "nauc_ndcg_at_100_std": 0.21408269677495914,
        "nauc_ndcg_at_10_diff1": 0.09208927899340982,
        "nauc_ndcg_at_10_max": 0.4261511583684517,
        "nauc_ndcg_at_10_std": 0.17691670580438265,
        "nauc_ndcg_at_1_diff1": 0.15591556505280618,
        "nauc_ndcg_at_1_max": 0.4336013280139331,
        "nauc_ndcg_at_1_std": 0.13417880433541116,
        "nauc_ndcg_at_20_diff1": 0.080971117787776,
        "nauc_ndcg_at_20_max": 0.43570584244468563,
        "nauc_ndcg_at_20_std": 0.20546273070945345,
        "nauc_ndcg_at_3_diff1": 0.1248005141138104,
        "nauc_ndcg_at_3_max": 0.42615131872131207,
        "nauc_ndcg_at_3_std": 0.182598056240884,
        "nauc_ndcg_at_5_diff1": 0.14216842053761353,
        "nauc_ndcg_at_5_max": 0.4355405276444044,
        "nauc_ndcg_at_5_std": 0.16867915063179229,
        "nauc_precision_at_1000_diff1": -0.039910946339412966,
        "nauc_precision_at_1000_max": 0.15458419013141136,
        "nauc_precision_at_1000_std": 0.0755025555541641,
        "nauc_precision_at_100_diff1": -0.059150208957094406,
        "nauc_precision_at_100_max": 0.2833180672203601,
        "nauc_precision_at_100_std": 0.22557647203164627,
        "nauc_precision_at_10_diff1": 0.023349335228917648,
        "nauc_precision_at_10_max": 0.36623167553327096,
        "nauc_precision_at_10_std": 0.2093977062385107,
        "nauc_precision_at_1_diff1": 0.15210621528173418,
        "nauc_precision_at_1_max": 0.4313754580852188,
        "nauc_precision_at_1_std": 0.11684697130025999,
        "nauc_precision_at_20_diff1": -0.028996002174436188,
        "nauc_precision_at_20_max": 0.3432246496742285,
        "nauc_precision_at_20_std": 0.2603568488701984,
        "nauc_precision_at_3_diff1": 0.09364615756153177,
        "nauc_precision_at_3_max": 0.4167373264509468,
        "nauc_precision_at_3_std": 0.1889600265826558,
        "nauc_precision_at_5_diff1": 0.11181746363962312,
        "nauc_precision_at_5_max": 0.41509467950208256,
        "nauc_precision_at_5_std": 0.16143073142484424,
        "nauc_recall_at_1000_diff1": -0.04006039160561577,
        "nauc_recall_at_1000_max": 0.2025538755176337,
        "nauc_recall_at_1000_std": 0.12081045008363601,
        "nauc_recall_at_100_diff1": -0.0007675359081198226,
        "nauc_recall_at_100_max": 0.28044709937660406,
        "nauc_recall_at_100_std": 0.1722540687341212,
        "nauc_recall_at_10_diff1": 0.08163464940360625,
        "nauc_recall_at_10_max": 0.3163673787430061,
        "nauc_recall_at_10_std": 0.05773373126924795,
        "nauc_recall_at_1_diff1": 0.19239650131615874,
        "nauc_recall_at_1_max": 0.45531739942659066,
        "nauc_recall_at_1_std": -0.03864234381503333,
        "nauc_recall_at_20_diff1": 0.13032820697056136,
        "nauc_recall_at_20_max": 0.3345789934562675,
        "nauc_recall_at_20_std": 0.1442642128789307,
        "nauc_recall_at_3_diff1": 0.15992587366080377,
        "nauc_recall_at_3_max": 0.38408416539518636,
        "nauc_recall_at_3_std": 0.09109598701716759,
        "nauc_recall_at_5_diff1": 0.16723293291929406,
        "nauc_recall_at_5_max": 0.4059497991842028,
        "nauc_recall_at_5_std": 0.12780377872479115,
        "ndcg_at_1": 0.16099,
        "ndcg_at_10": 0.11278,
        "ndcg_at_100": 0.12366,
        "ndcg_at_1000": 0.22712,
        "ndcg_at_20": 0.10817,
        "ndcg_at_3": 0.13462,
        "ndcg_at_5": 0.12314,
        "precision_at_1": 0.17337,
        "precision_at_10": 0.09102,
        "precision_at_100": 0.03935,
        "precision_at_1000": 0.01672,
        "precision_at_20": 0.07183,
        "precision_at_3": 0.13416,
        "precision_at_5": 0.11331,
        "recall_at_1": 0.00962,
        "recall_at_10": 0.04603,
        "recall_at_100": 0.16001,
        "recall_at_1000": 0.51832,
        "recall_at_20": 0.07072,
        "recall_at_3": 0.02151,
        "recall_at_5": 0.02911
      }
    ]
  },
  "task_name": "NFCorpus"
}