{
  "dataset_revision": "ec0fa4fe99da2ff19ca1214b7966684033a58814",
  "evaluation_time": 3.0012803077697754,
  "kg_co2_emissions": null,
  "mteb_version": "1.14.12",
  "scores": {
    "test": [
      {
        "hf_subset": "default",
        "languages": [
          "eng-Latn"
        ],
        "main_score": 0.29558,
        "map_at_1": 0.04213,
        "map_at_10": 0.10456,
        "map_at_100": 0.13326,
        "map_at_1000": 0.14699,
        "map_at_20": 0.11565,
        "map_at_3": 0.07654,
        "map_at_5": 0.0889,
        "mrr_at_1": 0.4024767801857585,
        "mrr_at_10": 0.4876271561256083,
        "mrr_at_100": 0.4939960038423608,
        "mrr_at_1000": 0.4945630879430028,
        "mrr_at_20": 0.49101551562624235,
        "mrr_at_3": 0.46594427244582054,
        "mrr_at_5": 0.4795665634674924,
        "nauc_map_at_1000_diff1": 0.09950633006815997,
        "nauc_map_at_1000_max": 0.2593140015241946,
        "nauc_map_at_1000_std": 0.15805175742275698,
        "nauc_map_at_100_diff1": 0.11650233209971292,
        "nauc_map_at_100_max": 0.24721392544062193,
        "nauc_map_at_100_std": 0.11834869686818725,
        "nauc_map_at_10_diff1": 0.15527250034605333,
        "nauc_map_at_10_max": 0.19157328281615646,
        "nauc_map_at_10_std": -0.0001168271109668923,
        "nauc_map_at_1_diff1": 0.2868891243426677,
        "nauc_map_at_1_max": 0.0697089214152461,
        "nauc_map_at_1_std": -0.1268261777141414,
        "nauc_map_at_20_diff1": 0.14112528526900273,
        "nauc_map_at_20_max": 0.2172975818378768,
        "nauc_map_at_20_std": 0.04476967563108419,
        "nauc_map_at_3_diff1": 0.17592258217403156,
        "nauc_map_at_3_max": 0.11469816885999509,
        "nauc_map_at_3_std": -0.07293684828330517,
        "nauc_map_at_5_diff1": 0.1768953996044543,
        "nauc_map_at_5_max": 0.15041384290023135,
        "nauc_map_at_5_std": -0.04948534234389212,
        "nauc_mrr_at_1000_diff1": 0.2811057534646266,
        "nauc_mrr_at_1000_max": 0.4116175708989477,
        "nauc_mrr_at_1000_std": 0.21719504462907707,
        "nauc_mrr_at_100_diff1": 0.28155004005979706,
        "nauc_mrr_at_100_max": 0.41199914978433627,
        "nauc_mrr_at_100_std": 0.21782311467212856,
        "nauc_mrr_at_10_diff1": 0.28268439268678414,
        "nauc_mrr_at_10_max": 0.4116114836611313,
        "nauc_mrr_at_10_std": 0.21476136585575537,
        "nauc_mrr_at_1_diff1": 0.2926863628473764,
        "nauc_mrr_at_1_max": 0.3558473479275951,
        "nauc_mrr_at_1_std": 0.13981217585312383,
        "nauc_mrr_at_20_diff1": 0.28031642189277983,
        "nauc_mrr_at_20_max": 0.4110617594916535,
        "nauc_mrr_at_20_std": 0.21615198157791704,
        "nauc_mrr_at_3_diff1": 0.2751532880409295,
        "nauc_mrr_at_3_max": 0.3998942512738556,
        "nauc_mrr_at_3_std": 0.19895989235975836,
        "nauc_mrr_at_5_diff1": 0.27615143602229236,
        "nauc_mrr_at_5_max": 0.40210381478162543,
        "nauc_mrr_at_5_std": 0.20617260975080154,
        "nauc_ndcg_at_1000_diff1": 0.13459651000957115,
        "nauc_ndcg_at_1000_max": 0.4220480856265399,
        "nauc_ndcg_at_1000_std": 0.34172846959918735,
        "nauc_ndcg_at_100_diff1": 0.12974855976201502,
        "nauc_ndcg_at_100_max": 0.3475850946916278,
        "nauc_ndcg_at_100_std": 0.2532568298533247,
        "nauc_ndcg_at_10_diff1": 0.1122231732694587,
        "nauc_ndcg_at_10_max": 0.32667989726632457,
        "nauc_ndcg_at_10_std": 0.2350523972529275,
        "nauc_ndcg_at_1_diff1": 0.29761854237860347,
        "nauc_ndcg_at_1_max": 0.3378161337182246,
        "nauc_ndcg_at_1_std": 0.1321049270323809,
        "nauc_ndcg_at_20_diff1": 0.09098825835149355,
        "nauc_ndcg_at_20_max": 0.31668475226448717,
        "nauc_ndcg_at_20_std": 0.2398915958230419,
        "nauc_ndcg_at_3_diff1": 0.17614559896502063,
        "nauc_ndcg_at_3_max": 0.33016265089958985,
        "nauc_ndcg_at_3_std": 0.18198720787228734,
        "nauc_ndcg_at_5_diff1": 0.15074175837626155,
        "nauc_ndcg_at_5_max": 0.3351321870360628,
        "nauc_ndcg_at_5_std": 0.2131447017772674,
        "nauc_precision_at_1000_diff1": -0.16324670697505753,
        "nauc_precision_at_1000_max": 0.08561242997818021,
        "nauc_precision_at_1000_std": 0.30745859701254163,
        "nauc_precision_at_100_diff1": -0.13665904844422663,
        "nauc_precision_at_100_max": 0.20779646684566605,
        "nauc_precision_at_100_std": 0.4213245829840692,
        "nauc_precision_at_10_diff1": -0.006429582336554669,
        "nauc_precision_at_10_max": 0.3514439166430177,
        "nauc_precision_at_10_std": 0.35924909172492764,
        "nauc_precision_at_1_diff1": 0.3009103273777331,
        "nauc_precision_at_1_max": 0.35853105531362606,
        "nauc_precision_at_1_std": 0.12986833094734304,
        "nauc_precision_at_20_diff1": -0.07208466707048657,
        "nauc_precision_at_20_max": 0.3028859257986154,
        "nauc_precision_at_20_std": 0.4008105962381453,
        "nauc_precision_at_3_diff1": 0.1106220615009981,
        "nauc_precision_at_3_max": 0.3607661591625342,
        "nauc_precision_at_3_std": 0.2339296070052454,
        "nauc_precision_at_5_diff1": 0.06706691088472204,
        "nauc_precision_at_5_max": 0.37231051230142376,
        "nauc_precision_at_5_std": 0.29022647482408503,
        "nauc_recall_at_1000_diff1": 0.07126436115297012,
        "nauc_recall_at_1000_max": 0.2527049864615968,
        "nauc_recall_at_1000_std": 0.26649814308350944,
        "nauc_recall_at_100_diff1": 0.10783515052721153,
        "nauc_recall_at_100_max": 0.22519887282967582,
        "nauc_recall_at_100_std": 0.16678860121924066,
        "nauc_recall_at_10_diff1": 0.1211138953797552,
        "nauc_recall_at_10_max": 0.13715695893830745,
        "nauc_recall_at_10_std": -0.016232624683227673,
        "nauc_recall_at_1_diff1": 0.2868891243426677,
        "nauc_recall_at_1_max": 0.0697089214152461,
        "nauc_recall_at_1_std": -0.1268261777141414,
        "nauc_recall_at_20_diff1": 0.09211455205116276,
        "nauc_recall_at_20_max": 0.16699348917351517,
        "nauc_recall_at_20_std": 0.0317267088202394,
        "nauc_recall_at_3_diff1": 0.11946118033437497,
        "nauc_recall_at_3_max": 0.07686502330843621,
        "nauc_recall_at_3_std": -0.08698696790155092,
        "nauc_recall_at_5_diff1": 0.1405683897881807,
        "nauc_recall_at_5_max": 0.09985802525567244,
        "nauc_recall_at_5_std": -0.059820105905373136,
        "ndcg_at_1": 0.3808,
        "ndcg_at_10": 0.29558,
        "ndcg_at_100": 0.27665,
        "ndcg_at_1000": 0.36779,
        "ndcg_at_20": 0.27553,
        "ndcg_at_3": 0.34018,
        "ndcg_at_5": 0.32109,
        "precision_at_1": 0.39938,
        "precision_at_10": 0.22198,
        "precision_at_100": 0.07372,
        "precision_at_1000": 0.02031,
        "precision_at_20": 0.16285,
        "precision_at_3": 0.31992,
        "precision_at_5": 0.2805,
        "recall_at_1": 0.04213,
        "recall_at_10": 0.1454,
        "recall_at_100": 0.29033,
        "recall_at_1000": 0.61441,
        "recall_at_20": 0.17993,
        "recall_at_3": 0.09093,
        "recall_at_5": 0.11271
      }
    ]
  },
  "task_name": "NFCorpus"
}