{
  "dataset_revision": "ec0fa4fe99da2ff19ca1214b7966684033a58814",
  "evaluation_time": 3.012092113494873,
  "kg_co2_emissions": null,
  "mteb_version": "1.14.12",
  "scores": {
    "test": [
      {
        "hf_subset": "default",
        "languages": [
          "eng-Latn"
        ],
        "main_score": 0.12913,
        "map_at_1": 0.01726,
        "map_at_10": 0.03768,
        "map_at_100": 0.05055,
        "map_at_1000": 0.06103,
        "map_at_20": 0.04204,
        "map_at_3": 0.02652,
        "map_at_5": 0.03194,
        "mrr_at_1": 0.17647058823529413,
        "mrr_at_10": 0.2574020836404738,
        "mrr_at_100": 0.2667251737670292,
        "mrr_at_1000": 0.2678747702287622,
        "mrr_at_20": 0.26276469569669453,
        "mrr_at_3": 0.23323013415892677,
        "mrr_at_5": 0.2465428276573788,
        "nauc_map_at_1000_diff1": 0.16232558796097485,
        "nauc_map_at_1000_max": 0.2886293860085053,
        "nauc_map_at_1000_std": 0.12070443573316783,
        "nauc_map_at_100_diff1": 0.18227323943161228,
        "nauc_map_at_100_max": 0.27817624170999433,
        "nauc_map_at_100_std": 0.09449540079843835,
        "nauc_map_at_10_diff1": 0.2196151216415332,
        "nauc_map_at_10_max": 0.2558131171048037,
        "nauc_map_at_10_std": 0.03496163882592859,
        "nauc_map_at_1_diff1": 0.3542446934622668,
        "nauc_map_at_1_max": 0.18502289115162465,
        "nauc_map_at_1_std": -0.05462190431158854,
        "nauc_map_at_20_diff1": 0.20851439067645702,
        "nauc_map_at_20_max": 0.26134999848930385,
        "nauc_map_at_20_std": 0.05185570663625028,
        "nauc_map_at_3_diff1": 0.2626875435966352,
        "nauc_map_at_3_max": 0.2260723435117608,
        "nauc_map_at_3_std": -0.020420655774512828,
        "nauc_map_at_5_diff1": 0.24052983355167856,
        "nauc_map_at_5_max": 0.2413492085557419,
        "nauc_map_at_5_std": 0.009237760101950505,
        "nauc_mrr_at_1000_diff1": 0.044284262671538954,
        "nauc_mrr_at_1000_max": 0.29296699920501384,
        "nauc_mrr_at_1000_std": 0.145532117726754,
        "nauc_mrr_at_100_diff1": 0.0446268135261988,
        "nauc_mrr_at_100_max": 0.29336297877874346,
        "nauc_mrr_at_100_std": 0.1463432811759813,
        "nauc_mrr_at_10_diff1": 0.046611269910233406,
        "nauc_mrr_at_10_max": 0.2827578175480431,
        "nauc_mrr_at_10_std": 0.14689751057592304,
        "nauc_mrr_at_1_diff1": 0.06693255074173425,
        "nauc_mrr_at_1_max": 0.29189803846983997,
        "nauc_mrr_at_1_std": 0.20526121731010039,
        "nauc_mrr_at_20_diff1": 0.044218751373214724,
        "nauc_mrr_at_20_max": 0.2921488706565118,
        "nauc_mrr_at_20_std": 0.14525375167406543,
        "nauc_mrr_at_3_diff1": 0.0417690232702748,
        "nauc_mrr_at_3_max": 0.2715583010754539,
        "nauc_mrr_at_3_std": 0.14325684468966673,
        "nauc_mrr_at_5_diff1": 0.040266886350423525,
        "nauc_mrr_at_5_max": 0.27551279062924316,
        "nauc_mrr_at_5_std": 0.14380766354718605,
        "nauc_ndcg_at_1000_diff1": 0.0723779902675899,
        "nauc_ndcg_at_1000_max": 0.37102828117411996,
        "nauc_ndcg_at_1000_std": 0.1521832829069858,
        "nauc_ndcg_at_100_diff1": 0.10023615875900518,
        "nauc_ndcg_at_100_max": 0.32905926140516095,
        "nauc_ndcg_at_100_std": 0.1518015917812146,
        "nauc_ndcg_at_10_diff1": 0.06886362186839322,
        "nauc_ndcg_at_10_max": 0.33086700068384506,
        "nauc_ndcg_at_10_std": 0.1722507739575653,
        "nauc_ndcg_at_1_diff1": 0.0861590659265617,
        "nauc_ndcg_at_1_max": 0.30026798175429026,
        "nauc_ndcg_at_1_std": 0.21455467534998865,
        "nauc_ndcg_at_20_diff1": 0.09847773097709392,
        "nauc_ndcg_at_20_max": 0.3243160575719037,
        "nauc_ndcg_at_20_std": 0.1534346587804553,
        "nauc_ndcg_at_3_diff1": 0.03985240772585995,
        "nauc_ndcg_at_3_max": 0.28890170567870443,
        "nauc_ndcg_at_3_std": 0.17788667674198558,
        "nauc_ndcg_at_5_diff1": 0.04950548184069273,
        "nauc_ndcg_at_5_max": 0.3120192241700986,
        "nauc_ndcg_at_5_std": 0.18267301570626496,
        "nauc_precision_at_1000_diff1": -0.08218600987502671,
        "nauc_precision_at_1000_max": 0.10177496910788515,
        "nauc_precision_at_1000_std": 0.12506688347029443,
        "nauc_precision_at_100_diff1": -0.02179679300878776,
        "nauc_precision_at_100_max": 0.24757521541969105,
        "nauc_precision_at_100_std": 0.24994149250884606,
        "nauc_precision_at_10_diff1": -0.030698059052822423,
        "nauc_precision_at_10_max": 0.3564711341471354,
        "nauc_precision_at_10_std": 0.2344144462370074,
        "nauc_precision_at_1_diff1": 0.06693255074173425,
        "nauc_precision_at_1_max": 0.29189803846983997,
        "nauc_precision_at_1_std": 0.20526121731010039,
        "nauc_precision_at_20_diff1": -0.017673351418984837,
        "nauc_precision_at_20_max": 0.33061657470388706,
        "nauc_precision_at_20_std": 0.24385676943601878,
        "nauc_precision_at_3_diff1": 0.012488451442944165,
        "nauc_precision_at_3_max": 0.3158603934105994,
        "nauc_precision_at_3_std": 0.18527983257677885,
        "nauc_precision_at_5_diff1": -0.0044246283436985105,
        "nauc_precision_at_5_max": 0.33728521094896374,
        "nauc_precision_at_5_std": 0.218736000066904,
        "nauc_recall_at_1000_diff1": 0.08211333998878509,
        "nauc_recall_at_1000_max": 0.24261115240962736,
        "nauc_recall_at_1000_std": 0.051269938675927045,
        "nauc_recall_at_100_diff1": 0.0702944093112495,
        "nauc_recall_at_100_max": 0.2167446651409798,
        "nauc_recall_at_100_std": 0.09668464306514467,
        "nauc_recall_at_10_diff1": 0.20043848876462506,
        "nauc_recall_at_10_max": 0.23327638523638491,
        "nauc_recall_at_10_std": 0.027067330244466656,
        "nauc_recall_at_1_diff1": 0.3542446934622668,
        "nauc_recall_at_1_max": 0.18502289115162465,
        "nauc_recall_at_1_std": -0.05462190431158854,
        "nauc_recall_at_20_diff1": 0.17756889632478767,
        "nauc_recall_at_20_max": 0.22223113927727947,
        "nauc_recall_at_20_std": 0.04220950684763814,
        "nauc_recall_at_3_diff1": 0.23332202663530505,
        "nauc_recall_at_3_max": 0.23049866707516617,
        "nauc_recall_at_3_std": -0.04021392955529887,
        "nauc_recall_at_5_diff1": 0.21100997934892843,
        "nauc_recall_at_5_max": 0.22669635831832038,
        "nauc_recall_at_5_std": -0.012458950320515102,
        "ndcg_at_1": 0.16718,
        "ndcg_at_10": 0.12913,
        "ndcg_at_100": 0.14198,
        "ndcg_at_1000": 0.24489,
        "ndcg_at_20": 0.1248,
        "ndcg_at_3": 0.15085,
        "ndcg_at_5": 0.14102,
        "precision_at_1": 0.17647,
        "precision_at_10": 0.09938,
        "precision_at_100": 0.04084,
        "precision_at_1000": 0.01711,
        "precision_at_20": 0.07755,
        "precision_at_3": 0.14861,
        "precision_at_5": 0.12755,
        "recall_at_1": 0.01726,
        "recall_at_10": 0.0635,
        "recall_at_100": 0.17789,
        "recall_at_1000": 0.52716,
        "recall_at_20": 0.08842,
        "recall_at_3": 0.03137,
        "recall_at_5": 0.04452
      }
    ]
  },
  "task_name": "NFCorpus"
}