{
  "dataset_revision": "ec0fa4fe99da2ff19ca1214b7966684033a58814",
  "evaluation_time": 3.0123159885406494,
  "kg_co2_emissions": null,
  "mteb_version": "1.14.12",
  "scores": {
    "test": [
      {
        "hf_subset": "default",
        "languages": [
          "eng-Latn"
        ],
        "main_score": 0.00748,
        "map_at_1": 6e-05,
        "map_at_10": 0.00076,
        "map_at_100": 0.00181,
        "map_at_1000": 0.0061,
        "map_at_20": 0.00109,
        "map_at_3": 0.0001,
        "map_at_5": 0.00048,
        "mrr_at_1": 0.0030959752321981426,
        "mrr_at_10": 0.01640129736104969,
        "mrr_at_100": 0.02671799075821422,
        "mrr_at_1000": 0.028898887487075836,
        "mrr_at_20": 0.020826674539568362,
        "mrr_at_3": 0.005675954592363261,
        "mrr_at_5": 0.010474716202270381,
        "nauc_map_at_1000_diff1": 0.12981958150483494,
        "nauc_map_at_1000_max": -0.05322132303621377,
        "nauc_map_at_1000_std": 0.24645116720180138,
        "nauc_map_at_100_diff1": 0.16703823313318394,
        "nauc_map_at_100_max": -0.07606279211133433,
        "nauc_map_at_100_std": 0.2728019555597868,
        "nauc_map_at_10_diff1": 0.3928670923388991,
        "nauc_map_at_10_max": -0.254795472905198,
        "nauc_map_at_10_std": 0.5144142058248932,
        "nauc_map_at_1_diff1": 0.6592745446157073,
        "nauc_map_at_1_max": -0.573853398541967,
        "nauc_map_at_1_std": 0.6592745446157073,
        "nauc_map_at_20_diff1": 0.20477994956773704,
        "nauc_map_at_20_max": -0.07351146656677589,
        "nauc_map_at_20_std": 0.28295785987024974,
        "nauc_map_at_3_diff1": 0.23928543763099808,
        "nauc_map_at_3_max": -0.4856960773602899,
        "nauc_map_at_3_std": 0.42621126405648757,
        "nauc_map_at_5_diff1": 0.6518638703126179,
        "nauc_map_at_5_max": -0.4870178235123745,
        "nauc_map_at_5_std": 0.7698675911090146,
        "nauc_mrr_at_1000_diff1": -0.006972939687125043,
        "nauc_mrr_at_1000_max": -0.034449976908631996,
        "nauc_mrr_at_1000_std": 0.12618072767995697,
        "nauc_mrr_at_100_diff1": -0.006235612089728122,
        "nauc_mrr_at_100_max": -0.031809530500439456,
        "nauc_mrr_at_100_std": 0.1253010444446784,
        "nauc_mrr_at_10_diff1": 0.010080984352909841,
        "nauc_mrr_at_10_max": -0.054083224784412916,
        "nauc_mrr_at_10_std": 0.19167908411174467,
        "nauc_mrr_at_1_diff1": 0.6592745446157073,
        "nauc_mrr_at_1_max": -0.573853398541967,
        "nauc_mrr_at_1_std": 0.6592745446157073,
        "nauc_mrr_at_20_diff1": 0.0005967950899907221,
        "nauc_mrr_at_20_max": -0.0370662881843851,
        "nauc_mrr_at_20_std": 0.14393094276832388,
        "nauc_mrr_at_3_diff1": 0.2210956377210911,
        "nauc_mrr_at_3_max": -0.47505776193117605,
        "nauc_mrr_at_3_std": 0.5223153111648281,
        "nauc_mrr_at_5_diff1": 0.06205074192142985,
        "nauc_mrr_at_5_max": -0.1785942410040677,
        "nauc_mrr_at_5_std": 0.31981114044831854,
        "nauc_ndcg_at_1000_diff1": 0.06708686139840543,
        "nauc_ndcg_at_1000_max": -0.017483951504053182,
        "nauc_ndcg_at_1000_std": 0.18872613675104544,
        "nauc_ndcg_at_100_diff1": 0.04675866047773619,
        "nauc_ndcg_at_100_max": 0.0012982611635402334,
        "nauc_ndcg_at_100_std": 0.14556380355301063,
        "nauc_ndcg_at_10_diff1": 0.08646176004406919,
        "nauc_ndcg_at_10_max": -0.05367762228848353,
        "nauc_ndcg_at_10_std": 0.25618722707369457,
        "nauc_ndcg_at_1_diff1": 0.6592745446157073,
        "nauc_ndcg_at_1_max": -0.573853398541967,
        "nauc_ndcg_at_1_std": 0.6592745446157073,
        "nauc_ndcg_at_20_diff1": 0.013291240131288925,
        "nauc_ndcg_at_20_max": 0.03461996138265382,
        "nauc_ndcg_at_20_std": 0.09904638216038508,
        "nauc_ndcg_at_3_diff1": 0.2906887351089167,
        "nauc_ndcg_at_3_max": -0.4854625179964572,
        "nauc_ndcg_at_3_std": 0.6263812709105864,
        "nauc_ndcg_at_5_diff1": 0.1612824893839712,
        "nauc_ndcg_at_5_max": -0.3223073689072491,
        "nauc_ndcg_at_5_std": 0.5574247667955115,
        "nauc_precision_at_1000_diff1": 0.029829660635298565,
        "nauc_precision_at_1000_max": 0.03780333794315419,
        "nauc_precision_at_1000_std": 0.0795181959356811,
        "nauc_precision_at_100_diff1": -0.008087958838943166,
        "nauc_precision_at_100_max": 0.0549302612068687,
        "nauc_precision_at_100_std": 0.053281902768792376,
        "nauc_precision_at_10_diff1": -0.03559876923994335,
        "nauc_precision_at_10_max": 0.05739348439591696,
        "nauc_precision_at_10_std": 0.11720247067540046,
        "nauc_precision_at_1_diff1": 0.6592745446157073,
        "nauc_precision_at_1_max": -0.573853398541967,
        "nauc_precision_at_1_std": 0.6592745446157073,
        "nauc_precision_at_20_diff1": -0.0870225095764353,
        "nauc_precision_at_20_max": 0.0762037219798539,
        "nauc_precision_at_20_std": -0.013260423218455875,
        "nauc_precision_at_3_diff1": 0.06146787250185651,
        "nauc_precision_at_3_max": -0.435385706481714,
        "nauc_precision_at_3_std": 0.5297383098851097,
        "nauc_precision_at_5_diff1": 0.007960106515532788,
        "nauc_precision_at_5_max": -0.23785033454528312,
        "nauc_precision_at_5_std": 0.4584030922324931,
        "nauc_recall_at_1000_diff1": 0.08694062841470251,
        "nauc_recall_at_1000_max": -0.06857030612414518,
        "nauc_recall_at_1000_std": 0.23769929869188983,
        "nauc_recall_at_100_diff1": 0.10206417751848214,
        "nauc_recall_at_100_max": -0.035332023803515286,
        "nauc_recall_at_100_std": 0.16815239432891968,
        "nauc_recall_at_10_diff1": 0.3412610036621959,
        "nauc_recall_at_10_max": -0.19257225991894195,
        "nauc_recall_at_10_std": 0.46964519564504315,
        "nauc_recall_at_1_diff1": 0.6592745446157073,
        "nauc_recall_at_1_max": -0.573853398541967,
        "nauc_recall_at_1_std": 0.6592745446157073,
        "nauc_recall_at_20_diff1": 0.04755731176401035,
        "nauc_recall_at_20_max": 0.1349403901948402,
        "nauc_recall_at_20_std": 0.06953203089727208,
        "nauc_recall_at_3_diff1": 0.039470879961609286,
        "nauc_recall_at_3_max": -0.4430600315912772,
        "nauc_recall_at_3_std": 0.3261383110452869,
        "nauc_recall_at_5_diff1": 0.7497344318540351,
        "nauc_recall_at_5_max": -0.4951236794738466,
        "nauc_recall_at_5_std": 0.8392972174736504,
        "ndcg_at_1": 0.0031,
        "ndcg_at_10": 0.00748,
        "ndcg_at_100": 0.01816,
        "ndcg_at_1000": 0.10702,
        "ndcg_at_20": 0.00919,
        "ndcg_at_3": 0.00264,
        "ndcg_at_5": 0.00515,
        "precision_at_1": 0.0031,
        "precision_at_10": 0.00898,
        "precision_at_100": 0.01077,
        "precision_at_1000": 0.0116,
        "precision_at_20": 0.00882,
        "precision_at_3": 0.0031,
        "precision_at_5": 0.00619,
        "recall_at_1": 6e-05,
        "recall_at_10": 0.00391,
        "recall_at_100": 0.02933,
        "recall_at_1000": 0.3501,
        "recall_at_20": 0.00871,
        "recall_at_3": 0.00013,
        "recall_at_5": 0.00195
      }
    ]
  },
  "task_name": "NFCorpus"
}