{
  "dataset_revision": "ec0fa4fe99da2ff19ca1214b7966684033a58814",
  "evaluation_time": 3.012232780456543,
  "kg_co2_emissions": null,
  "mteb_version": "1.14.12",
  "scores": {
    "test": [
      {
        "hf_subset": "default",
        "languages": [
          "eng-Latn"
        ],
        "main_score": 0.0119,
        "map_at_1": 0.00026,
        "map_at_10": 0.00099,
        "map_at_100": 0.00281,
        "map_at_1000": 0.00789,
        "map_at_20": 0.00122,
        "map_at_3": 0.0007,
        "map_at_5": 0.00088,
        "mrr_at_1": 0.015479876160990712,
        "mrr_at_10": 0.039691139613740226,
        "mrr_at_100": 0.052301082805728455,
        "mrr_at_1000": 0.05376268410440458,
        "mrr_at_20": 0.043797276939667826,
        "mrr_at_3": 0.030959752321981424,
        "mrr_at_5": 0.036222910216718265,
        "nauc_map_at_1000_diff1": 0.038433972567780014,
        "nauc_map_at_1000_max": 0.014267047858956789,
        "nauc_map_at_1000_std": -0.00960434273243216,
        "nauc_map_at_100_diff1": 0.09659867925181434,
        "nauc_map_at_100_max": -0.022731357129639005,
        "nauc_map_at_100_std": 0.0030057021471241166,
        "nauc_map_at_10_diff1": 0.041867724272053215,
        "nauc_map_at_10_max": 0.003931407325985953,
        "nauc_map_at_10_std": -0.12157381172974219,
        "nauc_map_at_1_diff1": 0.10907729824531553,
        "nauc_map_at_1_max": -0.0914961975523324,
        "nauc_map_at_1_std": -0.18197802276037525,
        "nauc_map_at_20_diff1": 0.04262334483726319,
        "nauc_map_at_20_max": 0.042943601026034596,
        "nauc_map_at_20_std": -0.09754928362843782,
        "nauc_map_at_3_diff1": -0.009268513444276387,
        "nauc_map_at_3_max": 0.010043524444602723,
        "nauc_map_at_3_std": -0.1813443725136278,
        "nauc_map_at_5_diff1": 0.04591885071138419,
        "nauc_map_at_5_max": -0.03528960145982617,
        "nauc_map_at_5_std": -0.11807353377454789,
        "nauc_mrr_at_1000_diff1": -0.0805042933620978,
        "nauc_mrr_at_1000_max": 0.09601444381549115,
        "nauc_mrr_at_1000_std": -0.16516522779467752,
        "nauc_mrr_at_100_diff1": -0.07757955817079606,
        "nauc_mrr_at_100_max": 0.09463087338290896,
        "nauc_mrr_at_100_std": -0.16154635753609412,
        "nauc_mrr_at_10_diff1": -0.09692020185344291,
        "nauc_mrr_at_10_max": 0.09526830993556475,
        "nauc_mrr_at_10_std": -0.1838245642272893,
        "nauc_mrr_at_1_diff1": -0.009964303235983876,
        "nauc_mrr_at_1_max": 0.1731528482417419,
        "nauc_mrr_at_1_std": -0.1785936978535385,
        "nauc_mrr_at_20_diff1": -0.08600478840100266,
        "nauc_mrr_at_20_max": 0.10076085999034255,
        "nauc_mrr_at_20_std": -0.172825655483796,
        "nauc_mrr_at_3_diff1": -0.15639721457074435,
        "nauc_mrr_at_3_max": 0.1415944655152688,
        "nauc_mrr_at_3_std": -0.23043899637616777,
        "nauc_mrr_at_5_diff1": -0.11259906763717552,
        "nauc_mrr_at_5_max": 0.0952931504392156,
        "nauc_mrr_at_5_std": -0.19488669904026648,
        "nauc_ndcg_at_1000_diff1": -0.004358668634530168,
        "nauc_ndcg_at_1000_max": 0.032041214872590956,
        "nauc_ndcg_at_1000_std": -0.046889736779173345,
        "nauc_ndcg_at_100_diff1": 0.08834122353997961,
        "nauc_ndcg_at_100_max": 0.01496802174873046,
        "nauc_ndcg_at_100_std": 0.019774534513142865,
        "nauc_ndcg_at_10_diff1": -0.04328021466489644,
        "nauc_ndcg_at_10_max": 0.11547171837947563,
        "nauc_ndcg_at_10_std": -0.1381186285421891,
        "nauc_ndcg_at_1_diff1": -0.08610724525189606,
        "nauc_ndcg_at_1_max": 0.2649369556953227,
        "nauc_ndcg_at_1_std": -0.2013513477418927,
        "nauc_ndcg_at_20_diff1": -0.04489626740982656,
        "nauc_ndcg_at_20_max": 0.14194075183644225,
        "nauc_ndcg_at_20_std": -0.10918274597730565,
        "nauc_ndcg_at_3_diff1": -0.17146485408957998,
        "nauc_ndcg_at_3_max": 0.1799848836872249,
        "nauc_ndcg_at_3_std": -0.22980332195974187,
        "nauc_ndcg_at_5_diff1": -0.09588573407727002,
        "nauc_ndcg_at_5_max": 0.10120127692455852,
        "nauc_ndcg_at_5_std": -0.1822961463594285,
        "nauc_precision_at_1000_diff1": -0.02215853206334502,
        "nauc_precision_at_1000_max": 0.07134304576657952,
        "nauc_precision_at_1000_std": -0.06374918644619773,
        "nauc_precision_at_100_diff1": 0.028399385437330393,
        "nauc_precision_at_100_max": 0.057133788780158436,
        "nauc_precision_at_100_std": -0.024653253868833862,
        "nauc_precision_at_10_diff1": -0.02272200930484618,
        "nauc_precision_at_10_max": 0.08784926758775642,
        "nauc_precision_at_10_std": -0.11265257677547265,
        "nauc_precision_at_1_diff1": -0.009964303235983876,
        "nauc_precision_at_1_max": 0.1731528482417419,
        "nauc_precision_at_1_std": -0.1785936978535385,
        "nauc_precision_at_20_diff1": -0.036985461258239254,
        "nauc_precision_at_20_max": 0.14339320599598904,
        "nauc_precision_at_20_std": -0.07462239776946208,
        "nauc_precision_at_3_diff1": -0.18618797055518935,
        "nauc_precision_at_3_max": 0.1513414745890554,
        "nauc_precision_at_3_std": -0.24229833148167493,
        "nauc_precision_at_5_diff1": -0.08912278383346421,
        "nauc_precision_at_5_max": 0.0460660492698172,
        "nauc_precision_at_5_std": -0.16552788049253156,
        "nauc_recall_at_1000_diff1": 0.016967812845015758,
        "nauc_recall_at_1000_max": -0.03582821663810285,
        "nauc_recall_at_1000_std": 0.028068903558364326,
        "nauc_recall_at_100_diff1": 0.1585782849734743,
        "nauc_recall_at_100_max": -0.08451814063485427,
        "nauc_recall_at_100_std": 0.10449104943173226,
        "nauc_recall_at_10_diff1": 0.06670147185128554,
        "nauc_recall_at_10_max": 0.026840808086925898,
        "nauc_recall_at_10_std": -0.07167178887230656,
        "nauc_recall_at_1_diff1": 0.10907729824531553,
        "nauc_recall_at_1_max": -0.0914961975523324,
        "nauc_recall_at_1_std": -0.18197802276037525,
        "nauc_recall_at_20_diff1": 0.0441165386109607,
        "nauc_recall_at_20_max": 0.12323233769663516,
        "nauc_recall_at_20_std": -0.05124028504209226,
        "nauc_recall_at_3_diff1": -0.01690287240890893,
        "nauc_recall_at_3_max": 0.042769423700281556,
        "nauc_recall_at_3_std": -0.1586848296676697,
        "nauc_recall_at_5_diff1": 0.09315179181414147,
        "nauc_recall_at_5_max": -0.0639403109558915,
        "nauc_recall_at_5_std": -0.04766693504059888,
        "ndcg_at_1": 0.01238,
        "ndcg_at_10": 0.0119,
        "ndcg_at_100": 0.02898,
        "ndcg_at_1000": 0.11672,
        "ndcg_at_20": 0.0125,
        "ndcg_at_3": 0.01482,
        "ndcg_at_5": 0.01382,
        "precision_at_1": 0.01548,
        "precision_at_10": 0.01176,
        "precision_at_100": 0.01502,
        "precision_at_1000": 0.01238,
        "precision_at_20": 0.01176,
        "precision_at_3": 0.01858,
        "precision_at_5": 0.0161,
        "recall_at_1": 0.00026,
        "recall_at_10": 0.0031,
        "recall_at_100": 0.05429,
        "recall_at_1000": 0.34363,
        "recall_at_20": 0.00574,
        "recall_at_3": 0.00145,
        "recall_at_5": 0.00229
      }
    ]
  },
  "task_name": "NFCorpus"
}