{
  "dataset_revision": "ec0fa4fe99da2ff19ca1214b7966684033a58814",
  "evaluation_time": 3.0231828689575195,
  "kg_co2_emissions": null,
  "mteb_version": "1.14.12",
  "scores": {
    "test": [
      {
        "hf_subset": "default",
        "languages": [
          "eng-Latn"
        ],
        "main_score": 0.01245,
        "map_at_1": 6e-05,
        "map_at_10": 0.00081,
        "map_at_100": 0.00257,
        "map_at_1000": 0.00736,
        "map_at_20": 0.00127,
        "map_at_3": 0.00029,
        "map_at_5": 0.00046,
        "mrr_at_1": 0.009287925696594427,
        "mrr_at_10": 0.031032237456386065,
        "mrr_at_100": 0.04310951675548601,
        "mrr_at_1000": 0.04464612843051866,
        "mrr_at_20": 0.03612627260498417,
        "mrr_at_3": 0.016511867905056758,
        "mrr_at_5": 0.02131062951496388,
        "nauc_map_at_1000_diff1": -0.05194405230495856,
        "nauc_map_at_1000_max": 0.029497112926741387,
        "nauc_map_at_1000_std": -0.07031709671270427,
        "nauc_map_at_100_diff1": -0.0804555154066127,
        "nauc_map_at_100_max": -0.04768400992097258,
        "nauc_map_at_100_std": 0.015173270133873895,
        "nauc_map_at_10_diff1": -0.06723901177726768,
        "nauc_map_at_10_max": -0.21702853220756096,
        "nauc_map_at_10_std": 0.0721639131664653,
        "nauc_map_at_1_diff1": 0.6865175528293466,
        "nauc_map_at_1_max": -0.4185881774180517,
        "nauc_map_at_1_std": 0.5983733490180255,
        "nauc_map_at_20_diff1": -0.03525583319390561,
        "nauc_map_at_20_max": -0.15489736750827066,
        "nauc_map_at_20_std": 0.06477984132739087,
        "nauc_map_at_3_diff1": 0.02547370870419315,
        "nauc_map_at_3_max": -0.15632403905839112,
        "nauc_map_at_3_std": -0.1413087711093479,
        "nauc_map_at_5_diff1": -0.08133310422025566,
        "nauc_map_at_5_max": -0.2238284718938661,
        "nauc_map_at_5_std": -0.016969693146020544,
        "nauc_mrr_at_1000_diff1": 0.07377950718393007,
        "nauc_mrr_at_1000_max": -0.06430323005979534,
        "nauc_mrr_at_1000_std": 0.044482880802625815,
        "nauc_mrr_at_100_diff1": 0.07347495070916663,
        "nauc_mrr_at_100_max": -0.06288264287827335,
        "nauc_mrr_at_100_std": 0.045221237058729276,
        "nauc_mrr_at_10_diff1": 0.10985534732603186,
        "nauc_mrr_at_10_max": -0.10683150918319365,
        "nauc_mrr_at_10_std": 0.06651713302153374,
        "nauc_mrr_at_1_diff1": 0.5860856720158455,
        "nauc_mrr_at_1_max": -0.32828664900970556,
        "nauc_mrr_at_1_std": 0.342974285490484,
        "nauc_mrr_at_20_diff1": 0.09470201391185278,
        "nauc_mrr_at_20_max": -0.08295514249665413,
        "nauc_mrr_at_20_std": 0.07036172624055641,
        "nauc_mrr_at_3_diff1": 0.2728616618705016,
        "nauc_mrr_at_3_max": -0.17378241095328342,
        "nauc_mrr_at_3_std": 0.0635179645875859,
        "nauc_mrr_at_5_diff1": 0.16589212174245724,
        "nauc_mrr_at_5_max": -0.2120882290043692,
        "nauc_mrr_at_5_std": 0.0944963552172629,
        "nauc_ndcg_at_1000_diff1": -0.08117684844938376,
        "nauc_ndcg_at_1000_max": 0.053034909355703735,
        "nauc_ndcg_at_1000_std": -0.12292877250656209,
        "nauc_ndcg_at_100_diff1": -0.06307333782021243,
        "nauc_ndcg_at_100_max": 0.05419600761677466,
        "nauc_ndcg_at_100_std": -0.04805382244508245,
        "nauc_ndcg_at_10_diff1": 0.10139580562732034,
        "nauc_ndcg_at_10_max": -0.028859280597931452,
        "nauc_ndcg_at_10_std": 0.04597611277821936,
        "nauc_ndcg_at_1_diff1": 0.5860856720158455,
        "nauc_ndcg_at_1_max": -0.32828664900970556,
        "nauc_ndcg_at_1_std": 0.342974285490484,
        "nauc_ndcg_at_20_diff1": 0.020074759555689953,
        "nauc_ndcg_at_20_max": -0.008178137665170698,
        "nauc_ndcg_at_20_std": -0.00017343441328306167,
        "nauc_ndcg_at_3_diff1": 0.25895129778098563,
        "nauc_ndcg_at_3_max": -0.16726406251212006,
        "nauc_ndcg_at_3_std": 0.022211618492365616,
        "nauc_ndcg_at_5_diff1": 0.14901608128082208,
        "nauc_ndcg_at_5_max": -0.19863124285192632,
        "nauc_ndcg_at_5_std": 0.03614760231357675,
        "nauc_precision_at_1000_diff1": -0.036971466637618494,
        "nauc_precision_at_1000_max": 0.13355328950874895,
        "nauc_precision_at_1000_std": -0.1419108265263965,
        "nauc_precision_at_100_diff1": -0.06683950283411447,
        "nauc_precision_at_100_max": 0.08122113996977576,
        "nauc_precision_at_100_std": -0.07556422324832308,
        "nauc_precision_at_10_diff1": 0.014312893084037628,
        "nauc_precision_at_10_max": 0.02140240219969317,
        "nauc_precision_at_10_std": 0.030522306418000533,
        "nauc_precision_at_1_diff1": 0.5860856720158455,
        "nauc_precision_at_1_max": -0.32828664900970556,
        "nauc_precision_at_1_std": 0.342974285490484,
        "nauc_precision_at_20_diff1": -0.03325912003353237,
        "nauc_precision_at_20_max": 0.029841933143233548,
        "nauc_precision_at_20_std": -0.004062262587039862,
        "nauc_precision_at_3_diff1": 0.15639525612639335,
        "nauc_precision_at_3_max": -0.12557368714225237,
        "nauc_precision_at_3_std": -0.06237501214265587,
        "nauc_precision_at_5_diff1": 0.009330960930182607,
        "nauc_precision_at_5_max": -0.20316112071395273,
        "nauc_precision_at_5_std": 0.015798205007062707,
        "nauc_recall_at_1000_diff1": -0.04831949056254794,
        "nauc_recall_at_1000_max": 0.021095498899602997,
        "nauc_recall_at_1000_std": -0.09271857929540095,
        "nauc_recall_at_100_diff1": -0.06944992434507459,
        "nauc_recall_at_100_max": 0.08425836354507638,
        "nauc_recall_at_100_std": -0.06150177424200162,
        "nauc_recall_at_10_diff1": -0.09631116373592744,
        "nauc_recall_at_10_max": -0.18921927939756045,
        "nauc_recall_at_10_std": 0.09434825328646157,
        "nauc_recall_at_1_diff1": 0.6865175528293466,
        "nauc_recall_at_1_max": -0.4185881774180517,
        "nauc_recall_at_1_std": 0.5983733490180255,
        "nauc_recall_at_20_diff1": -0.04066967164043129,
        "nauc_recall_at_20_max": -0.04978214563694257,
        "nauc_recall_at_20_std": -0.007402306884685399,
        "nauc_recall_at_3_diff1": -0.04993811634598993,
        "nauc_recall_at_3_max": -0.13679318483389002,
        "nauc_recall_at_3_std": -0.2099291312891629,
        "nauc_recall_at_5_diff1": -0.19442318142209264,
        "nauc_recall_at_5_max": -0.2442312408334222,
        "nauc_recall_at_5_std": 0.009691508301814361,
        "ndcg_at_1": 0.00929,
        "ndcg_at_10": 0.01245,
        "ndcg_at_100": 0.02699,
        "ndcg_at_1000": 0.11608,
        "ndcg_at_20": 0.01483,
        "ndcg_at_3": 0.00919,
        "ndcg_at_5": 0.00952,
        "precision_at_1": 0.00929,
        "precision_at_10": 0.01486,
        "precision_at_100": 0.0143,
        "precision_at_1000": 0.01219,
        "precision_at_20": 0.01563,
        "precision_at_3": 0.00929,
        "precision_at_5": 0.01053,
        "recall_at_1": 6e-05,
        "recall_at_10": 0.00359,
        "recall_at_100": 0.0448,
        "recall_at_1000": 0.35243,
        "recall_at_20": 0.00916,
        "recall_at_3": 0.00054,
        "recall_at_5": 0.00124
      }
    ]
  },
  "task_name": "NFCorpus"
}