{
  "dataset_revision": "ec0fa4fe99da2ff19ca1214b7966684033a58814",
  "evaluation_time": 2.9799532890319824,
  "kg_co2_emissions": null,
  "mteb_version": "1.14.12",
  "scores": {
    "test": [
      {
        "hf_subset": "default",
        "languages": [
          "eng-Latn"
        ],
        "main_score": 0.0198,
        "map_at_1": 0.0002,
        "map_at_10": 0.00207,
        "map_at_100": 0.0045,
        "map_at_1000": 0.00982,
        "map_at_20": 0.00294,
        "map_at_3": 0.00094,
        "map_at_5": 0.00141,
        "mrr_at_1": 0.015479876160990712,
        "mrr_at_10": 0.05029485478401886,
        "mrr_at_100": 0.06179507305290309,
        "mrr_at_1000": 0.06340672918830823,
        "mrr_at_20": 0.055789423756024595,
        "mrr_at_3": 0.037667698658410735,
        "mrr_at_5": 0.043085655314757484,
        "nauc_map_at_1000_diff1": 0.05027461574544032,
        "nauc_map_at_1000_max": -0.12692161547359507,
        "nauc_map_at_1000_std": 0.1743077225286145,
        "nauc_map_at_100_diff1": 0.09243159246558647,
        "nauc_map_at_100_max": -0.15653648624630861,
        "nauc_map_at_100_std": 0.25431203018452064,
        "nauc_map_at_10_diff1": 0.1007955625397326,
        "nauc_map_at_10_max": -0.15216393218542001,
        "nauc_map_at_10_std": 0.2333945061877822,
        "nauc_map_at_1_diff1": 0.17548528131488825,
        "nauc_map_at_1_max": 0.5610864978654518,
        "nauc_map_at_1_std": -0.34463134641406395,
        "nauc_map_at_20_diff1": 0.07125686788471124,
        "nauc_map_at_20_max": -0.15925286535144106,
        "nauc_map_at_20_std": 0.24816782485648,
        "nauc_map_at_3_diff1": 0.22769323987463033,
        "nauc_map_at_3_max": -0.012955229659627887,
        "nauc_map_at_3_std": 0.12098945393865272,
        "nauc_map_at_5_diff1": 0.19901868825994914,
        "nauc_map_at_5_max": -0.13041678122813596,
        "nauc_map_at_5_std": 0.21898057439327648,
        "nauc_mrr_at_1000_diff1": 0.041098764821298976,
        "nauc_mrr_at_1000_max": -0.03547476878082012,
        "nauc_mrr_at_1000_std": 0.06322539393687324,
        "nauc_mrr_at_100_diff1": 0.042273848830423816,
        "nauc_mrr_at_100_max": -0.035350224027355936,
        "nauc_mrr_at_100_std": 0.06252049685468108,
        "nauc_mrr_at_10_diff1": 0.047712698896712126,
        "nauc_mrr_at_10_max": -0.04209905655799427,
        "nauc_mrr_at_10_std": 0.0776239338583844,
        "nauc_mrr_at_1_diff1": -0.06284770461172601,
        "nauc_mrr_at_1_max": 0.15472370943218,
        "nauc_mrr_at_1_std": -0.12481293352598535,
        "nauc_mrr_at_20_diff1": 0.04301290108738182,
        "nauc_mrr_at_20_max": -0.04002243145945455,
        "nauc_mrr_at_20_std": 0.0717292678611238,
        "nauc_mrr_at_3_diff1": 0.07435268069551577,
        "nauc_mrr_at_3_max": -0.027379245466721585,
        "nauc_mrr_at_3_std": 0.03985883207492333,
        "nauc_mrr_at_5_diff1": 0.0683487001005166,
        "nauc_mrr_at_5_max": -0.03228350058001228,
        "nauc_mrr_at_5_std": 0.07868320491962863,
        "nauc_ndcg_at_1000_diff1": -0.021938755264295506,
        "nauc_ndcg_at_1000_max": -0.07742090277021516,
        "nauc_ndcg_at_1000_std": 0.10678711852162295,
        "nauc_ndcg_at_100_diff1": 0.04200044600954821,
        "nauc_ndcg_at_100_max": -0.12590438423475703,
        "nauc_ndcg_at_100_std": 0.18176869339294904,
        "nauc_ndcg_at_10_diff1": 0.0008689726654339553,
        "nauc_ndcg_at_10_max": -0.07400796918835646,
        "nauc_ndcg_at_10_std": 0.10275610389309191,
        "nauc_ndcg_at_1_diff1": -0.1058075628257232,
        "nauc_ndcg_at_1_max": 0.09866250552289924,
        "nauc_ndcg_at_1_std": -0.0926370180601626,
        "nauc_ndcg_at_20_diff1": -0.007310457975781835,
        "nauc_ndcg_at_20_max": -0.09898313926525994,
        "nauc_ndcg_at_20_std": 0.1370380959331692,
        "nauc_ndcg_at_3_diff1": 0.04713564418456329,
        "nauc_ndcg_at_3_max": -0.01451625265469868,
        "nauc_ndcg_at_3_std": 0.02748701747382016,
        "nauc_ndcg_at_5_diff1": 0.06359870044631155,
        "nauc_ndcg_at_5_max": -0.07510699064028166,
        "nauc_ndcg_at_5_std": 0.11859271009555619,
        "nauc_precision_at_1000_diff1": -0.043490781435486736,
        "nauc_precision_at_1000_max": -0.05710511790464564,
        "nauc_precision_at_1000_std": 0.0013137311919479604,
        "nauc_precision_at_100_diff1": -0.0014123236508722396,
        "nauc_precision_at_100_max": -0.058596489763684735,
        "nauc_precision_at_100_std": 0.08089119609489048,
        "nauc_precision_at_10_diff1": -0.0007218844744924702,
        "nauc_precision_at_10_max": -0.07399189404653478,
        "nauc_precision_at_10_std": 0.10947214651788546,
        "nauc_precision_at_1_diff1": -0.06284770461172601,
        "nauc_precision_at_1_max": 0.15472370943218,
        "nauc_precision_at_1_std": -0.12481293352598535,
        "nauc_precision_at_20_diff1": -0.012277316662319432,
        "nauc_precision_at_20_max": -0.08775533239569254,
        "nauc_precision_at_20_std": 0.11874964780624626,
        "nauc_precision_at_3_diff1": 0.05643254825908655,
        "nauc_precision_at_3_max": -0.03573661075536138,
        "nauc_precision_at_3_std": 0.05740915697501275,
        "nauc_precision_at_5_diff1": 0.07476446472774452,
        "nauc_precision_at_5_max": -0.11090621280056201,
        "nauc_precision_at_5_std": 0.17262599288565142,
        "nauc_recall_at_1000_diff1": -0.007360032316655882,
        "nauc_recall_at_1000_max": -0.05386852399541609,
        "nauc_recall_at_1000_std": 0.14499749698413603,
        "nauc_recall_at_100_diff1": 0.057137235666332234,
        "nauc_recall_at_100_max": -0.178783788018308,
        "nauc_recall_at_100_std": 0.2494603078764812,
        "nauc_recall_at_10_diff1": 0.01984049927083165,
        "nauc_recall_at_10_max": -0.2561941963821125,
        "nauc_recall_at_10_std": 0.30670254979587,
        "nauc_recall_at_1_diff1": 0.17548528131488825,
        "nauc_recall_at_1_max": 0.5610864978654518,
        "nauc_recall_at_1_std": -0.34463134641406395,
        "nauc_recall_at_20_diff1": -0.00014784290709216825,
        "nauc_recall_at_20_max": -0.20220877878699522,
        "nauc_recall_at_20_std": 0.26674574495553344,
        "nauc_recall_at_3_diff1": 0.20706538955979567,
        "nauc_recall_at_3_max": -0.12301770519309543,
        "nauc_recall_at_3_std": 0.2350765806309188,
        "nauc_recall_at_5_diff1": 0.1850897512033066,
        "nauc_recall_at_5_max": -0.21111738817889983,
        "nauc_recall_at_5_std": 0.30623802163135766,
        "ndcg_at_1": 0.01393,
        "ndcg_at_10": 0.0198,
        "ndcg_at_100": 0.03358,
        "ndcg_at_1000": 0.12617,
        "ndcg_at_20": 0.0231,
        "ndcg_at_3": 0.0212,
        "ndcg_at_5": 0.02099,
        "precision_at_1": 0.01548,
        "precision_at_10": 0.02012,
        "precision_at_100": 0.01619,
        "precision_at_1000": 0.01277,
        "precision_at_20": 0.02136,
        "precision_at_3": 0.02477,
        "precision_at_5": 0.02353,
        "recall_at_1": 0.0002,
        "recall_at_10": 0.00799,
        "recall_at_100": 0.04919,
        "recall_at_1000": 0.37869,
        "recall_at_20": 0.01551,
        "recall_at_3": 0.0019,
        "recall_at_5": 0.00349
      }
    ]
  },
  "task_name": "NFCorpus"
}