{
  "dataset_revision": "ec0fa4fe99da2ff19ca1214b7966684033a58814",
  "evaluation_time": 2.9973270893096924,
  "kg_co2_emissions": null,
  "mteb_version": "1.14.12",
  "scores": {
    "test": [
      {
        "hf_subset": "default",
        "languages": [
          "eng-Latn"
        ],
        "main_score": 0.05818,
        "map_at_1": 0.00347,
        "map_at_10": 0.0101,
        "map_at_100": 0.0157,
        "map_at_1000": 0.02321,
        "map_at_20": 0.01202,
        "map_at_3": 0.00676,
        "map_at_5": 0.00824,
        "mrr_at_1": 0.06811145510835913,
        "mrr_at_10": 0.12159811292938232,
        "mrr_at_100": 0.13272217085981636,
        "mrr_at_1000": 0.1339680016250352,
        "mrr_at_20": 0.12676513264053646,
        "mrr_at_3": 0.10165118679050567,
        "mrr_at_5": 0.11372549019607843,
        "nauc_map_at_1000_diff1": -0.051350503763883726,
        "nauc_map_at_1000_max": 0.1665505858249431,
        "nauc_map_at_1000_std": 0.01748773794158533,
        "nauc_map_at_100_diff1": -0.05176936519090831,
        "nauc_map_at_100_max": 0.1510930561354046,
        "nauc_map_at_100_std": 0.02335365668068536,
        "nauc_map_at_10_diff1": -0.02750567386985003,
        "nauc_map_at_10_max": 0.11768978997895288,
        "nauc_map_at_10_std": 0.0020672452664966387,
        "nauc_map_at_1_diff1": -0.09749446553938394,
        "nauc_map_at_1_max": 0.1305831249296521,
        "nauc_map_at_1_std": -0.13618884335528517,
        "nauc_map_at_20_diff1": -0.03930424922816634,
        "nauc_map_at_20_max": 0.14583728209367794,
        "nauc_map_at_20_std": 0.013112423613601253,
        "nauc_map_at_3_diff1": -0.07354513771528542,
        "nauc_map_at_3_max": 0.1427985593628235,
        "nauc_map_at_3_std": -0.05310258896873552,
        "nauc_map_at_5_diff1": -0.049429187131177464,
        "nauc_map_at_5_max": 0.14190478051173183,
        "nauc_map_at_5_std": -0.0375375703600214,
        "nauc_mrr_at_1000_diff1": -0.05382040264334268,
        "nauc_mrr_at_1000_max": 0.1258984251653459,
        "nauc_mrr_at_1000_std": -0.057878225767744616,
        "nauc_mrr_at_100_diff1": -0.05449043543541404,
        "nauc_mrr_at_100_max": 0.12707420522077387,
        "nauc_mrr_at_100_std": -0.058524585418483495,
        "nauc_mrr_at_10_diff1": -0.05559543847235206,
        "nauc_mrr_at_10_max": 0.11790707913326672,
        "nauc_mrr_at_10_std": -0.052334111542830394,
        "nauc_mrr_at_1_diff1": -0.047648046732055506,
        "nauc_mrr_at_1_max": 0.03358156216480582,
        "nauc_mrr_at_1_std": 0.0014808698371605855,
        "nauc_mrr_at_20_diff1": -0.05549655543950481,
        "nauc_mrr_at_20_max": 0.1217638271833861,
        "nauc_mrr_at_20_std": -0.05388718320171462,
        "nauc_mrr_at_3_diff1": -0.04402289160678143,
        "nauc_mrr_at_3_max": 0.07591156690156621,
        "nauc_mrr_at_3_std": -0.02758531949349326,
        "nauc_mrr_at_5_diff1": -0.04662183414463736,
        "nauc_mrr_at_5_max": 0.10788955363951847,
        "nauc_mrr_at_5_std": -0.04537343278274438,
        "nauc_ndcg_at_1000_diff1": -0.12726483454132878,
        "nauc_ndcg_at_1000_max": 0.263857392453093,
        "nauc_ndcg_at_1000_std": -0.09348112058436478,
        "nauc_ndcg_at_100_diff1": -0.09686395587692233,
        "nauc_ndcg_at_100_max": 0.22408673019331607,
        "nauc_ndcg_at_100_std": -0.04497460612639489,
        "nauc_ndcg_at_10_diff1": -0.034772621859643034,
        "nauc_ndcg_at_10_max": 0.15390319997756186,
        "nauc_ndcg_at_10_std": -0.03916225970028444,
        "nauc_ndcg_at_1_diff1": -0.06789711463416558,
        "nauc_ndcg_at_1_max": 0.04669425860999827,
        "nauc_ndcg_at_1_std": 0.003086686476395053,
        "nauc_ndcg_at_20_diff1": -0.04434985074867258,
        "nauc_ndcg_at_20_max": 0.18915832197032614,
        "nauc_ndcg_at_20_std": -0.031529870769763484,
        "nauc_ndcg_at_3_diff1": -0.057806800711868236,
        "nauc_ndcg_at_3_max": 0.10071444185365874,
        "nauc_ndcg_at_3_std": -0.019871249618911027,
        "nauc_ndcg_at_5_diff1": -0.046522032247212526,
        "nauc_ndcg_at_5_max": 0.14905748919369155,
        "nauc_ndcg_at_5_std": -0.048279336885365065,
        "nauc_precision_at_1000_diff1": 0.04848502034710771,
        "nauc_precision_at_1000_max": 0.1151969538529347,
        "nauc_precision_at_1000_std": -0.05479746943073205,
        "nauc_precision_at_100_diff1": -0.029125209727483448,
        "nauc_precision_at_100_max": 0.14105158465896397,
        "nauc_precision_at_100_std": -0.02908686117342394,
        "nauc_precision_at_10_diff1": -0.018640909915629705,
        "nauc_precision_at_10_max": 0.16831312329164463,
        "nauc_precision_at_10_std": -0.05309225245714887,
        "nauc_precision_at_1_diff1": -0.047648046732055506,
        "nauc_precision_at_1_max": 0.03358156216480582,
        "nauc_precision_at_1_std": 0.0014808698371605855,
        "nauc_precision_at_20_diff1": -0.017638015926674962,
        "nauc_precision_at_20_max": 0.1722256359108304,
        "nauc_precision_at_20_std": -0.0330494784856772,
        "nauc_precision_at_3_diff1": -0.0483158178651213,
        "nauc_precision_at_3_max": 0.11465645330606243,
        "nauc_precision_at_3_std": -0.04283613202052617,
        "nauc_precision_at_5_diff1": -0.0409373475551302,
        "nauc_precision_at_5_max": 0.1757513786910006,
        "nauc_precision_at_5_std": -0.061686778648078484,
        "nauc_recall_at_1000_diff1": -0.1603921925454109,
        "nauc_recall_at_1000_max": 0.22563982611776284,
        "nauc_recall_at_1000_std": -0.08816314476574764,
        "nauc_recall_at_100_diff1": -0.17306915593474057,
        "nauc_recall_at_100_max": 0.23084164598978876,
        "nauc_recall_at_100_std": -0.021386903467954695,
        "nauc_recall_at_10_diff1": -0.02586571606053792,
        "nauc_recall_at_10_max": 0.1420119111846996,
        "nauc_recall_at_10_std": -0.002293901502554042,
        "nauc_recall_at_1_diff1": -0.09749446553938394,
        "nauc_recall_at_1_max": 0.1305831249296521,
        "nauc_recall_at_1_std": -0.13618884335528517,
        "nauc_recall_at_20_diff1": -0.09009121623026413,
        "nauc_recall_at_20_max": 0.25973406432773166,
        "nauc_recall_at_20_std": -0.01874624057652507,
        "nauc_recall_at_3_diff1": -0.06310323128090727,
        "nauc_recall_at_3_max": 0.13173478620613738,
        "nauc_recall_at_3_std": -0.042512928360919966,
        "nauc_recall_at_5_diff1": -0.011806258389839957,
        "nauc_recall_at_5_max": 0.15132232434842904,
        "nauc_recall_at_5_std": -0.03180845501194844,
        "ndcg_at_1": 0.06192,
        "ndcg_at_10": 0.05818,
        "ndcg_at_100": 0.07188,
        "ndcg_at_1000": 0.17067,
        "ndcg_at_20": 0.05657,
        "ndcg_at_3": 0.06213,
        "ndcg_at_5": 0.06219,
        "precision_at_1": 0.06811,
        "precision_at_10": 0.04985,
        "precision_at_100": 0.02632,
        "precision_at_1000": 0.0145,
        "precision_at_20": 0.0404,
        "precision_at_3": 0.06295,
        "precision_at_5": 0.05944,
        "recall_at_1": 0.00347,
        "recall_at_10": 0.02146,
        "recall_at_100": 0.10524,
        "recall_at_1000": 0.448,
        "recall_at_20": 0.03627,
        "recall_at_3": 0.01025,
        "recall_at_5": 0.0149
      }
    ]
  },
  "task_name": "NFCorpus"
}