{
  "dataset_revision": "ec0fa4fe99da2ff19ca1214b7966684033a58814",
  "evaluation_time": 2.9921958446502686,
  "kg_co2_emissions": null,
  "mteb_version": "1.14.12",
  "scores": {
    "test": [
      {
        "hf_subset": "default",
        "languages": [
          "eng-Latn"
        ],
        "main_score": 0.01406,
        "map_at_1": 9e-05,
        "map_at_10": 0.00076,
        "map_at_100": 0.0025,
        "map_at_1000": 0.00771,
        "map_at_20": 0.00118,
        "map_at_3": 0.00041,
        "map_at_5": 0.00057,
        "mrr_at_1": 0.009287925696594427,
        "mrr_at_10": 0.03402869919897783,
        "mrr_at_100": 0.04506393613761658,
        "mrr_at_1000": 0.046743066790822956,
        "mrr_at_20": 0.03895347080187824,
        "mrr_at_3": 0.024251805985552113,
        "mrr_at_5": 0.028431372549019607,
        "nauc_map_at_1000_diff1": -0.030005458847203913,
        "nauc_map_at_1000_max": 0.07202539386167223,
        "nauc_map_at_1000_std": -0.10061463674329817,
        "nauc_map_at_100_diff1": 0.05846047832382623,
        "nauc_map_at_100_max": 0.11210992784050738,
        "nauc_map_at_100_std": -0.0494759642890902,
        "nauc_map_at_10_diff1": 0.08989955560805586,
        "nauc_map_at_10_max": 0.17760331946550234,
        "nauc_map_at_10_std": -0.12004887246698599,
        "nauc_map_at_1_diff1": -0.33826922744652577,
        "nauc_map_at_1_max": 0.21403416550531645,
        "nauc_map_at_1_std": -0.32384061229075894,
        "nauc_map_at_20_diff1": 0.06381607491805283,
        "nauc_map_at_20_max": 0.15168372336959565,
        "nauc_map_at_20_std": -0.047074782315960205,
        "nauc_map_at_3_diff1": 0.10463323378058029,
        "nauc_map_at_3_max": 0.233362791796661,
        "nauc_map_at_3_std": -0.3174408877266061,
        "nauc_map_at_5_diff1": 0.14937010967831968,
        "nauc_map_at_5_max": 0.1444057153149394,
        "nauc_map_at_5_std": -0.10342327173402123,
        "nauc_mrr_at_1000_diff1": -0.10384886398776377,
        "nauc_mrr_at_1000_max": 0.02945114233948135,
        "nauc_mrr_at_1000_std": -0.13602016707934217,
        "nauc_mrr_at_100_diff1": -0.10188422429706712,
        "nauc_mrr_at_100_max": 0.028118034523789002,
        "nauc_mrr_at_100_std": -0.13369090219226307,
        "nauc_mrr_at_10_diff1": -0.092937354711938,
        "nauc_mrr_at_10_max": 0.014890002938496641,
        "nauc_mrr_at_10_std": -0.1285996209055925,
        "nauc_mrr_at_1_diff1": -0.3447652065601183,
        "nauc_mrr_at_1_max": 0.05827291897897974,
        "nauc_mrr_at_1_std": -0.10670733139603167,
        "nauc_mrr_at_20_diff1": -0.08927234034332236,
        "nauc_mrr_at_20_max": 0.02161145695909459,
        "nauc_mrr_at_20_std": -0.12018991236443392,
        "nauc_mrr_at_3_diff1": -0.11523043181063584,
        "nauc_mrr_at_3_max": -0.01836108284074626,
        "nauc_mrr_at_3_std": -0.17240156663618952,
        "nauc_mrr_at_5_diff1": -0.10252477145190453,
        "nauc_mrr_at_5_max": 0.02806991198763029,
        "nauc_mrr_at_5_std": -0.15177193189836902,
        "nauc_ndcg_at_1000_diff1": -0.129315930514511,
        "nauc_ndcg_at_1000_max": 0.1271606581493071,
        "nauc_ndcg_at_1000_std": -0.19306852538144323,
        "nauc_ndcg_at_100_diff1": -0.012111093484155193,
        "nauc_ndcg_at_100_max": 0.03987857753329071,
        "nauc_ndcg_at_100_std": -0.0828070005564057,
        "nauc_ndcg_at_10_diff1": -0.04044839805491633,
        "nauc_ndcg_at_10_max": -0.019001572841810248,
        "nauc_ndcg_at_10_std": -0.08896382901632363,
        "nauc_ndcg_at_1_diff1": -0.33083901332846394,
        "nauc_ndcg_at_1_max": -0.0619274061483656,
        "nauc_ndcg_at_1_std": -0.013278117966844569,
        "nauc_ndcg_at_20_diff1": -0.043090529243784335,
        "nauc_ndcg_at_20_max": 0.011507770602299992,
        "nauc_ndcg_at_20_std": -0.06437072259458121,
        "nauc_ndcg_at_3_diff1": -0.09013375586557833,
        "nauc_ndcg_at_3_max": -0.060053283623444254,
        "nauc_ndcg_at_3_std": -0.17715690452599556,
        "nauc_ndcg_at_5_diff1": -0.06724756913963352,
        "nauc_ndcg_at_5_max": -0.05324446486643159,
        "nauc_ndcg_at_5_std": -0.11829410953444855,
        "nauc_precision_at_1000_diff1": -0.05236387375362194,
        "nauc_precision_at_1000_max": -0.02102502683439761,
        "nauc_precision_at_1000_std": -0.09707247159413665,
        "nauc_precision_at_100_diff1": -0.012618124619643548,
        "nauc_precision_at_100_max": -0.008794545848069373,
        "nauc_precision_at_100_std": -0.08758562359130397,
        "nauc_precision_at_10_diff1": -0.045231970684868596,
        "nauc_precision_at_10_max": 0.03169739609009576,
        "nauc_precision_at_10_std": -0.10676196840638182,
        "nauc_precision_at_1_diff1": -0.3447652065601183,
        "nauc_precision_at_1_max": 0.05827291897897974,
        "nauc_precision_at_1_std": -0.10670733139603167,
        "nauc_precision_at_20_diff1": -0.05295295437800279,
        "nauc_precision_at_20_max": 0.05862377649704879,
        "nauc_precision_at_20_std": -0.08944503212303648,
        "nauc_precision_at_3_diff1": -0.031563074768673566,
        "nauc_precision_at_3_max": -0.019338543815771027,
        "nauc_precision_at_3_std": -0.21003920085469602,
        "nauc_precision_at_5_diff1": -0.041182504734520106,
        "nauc_precision_at_5_max": 0.009846085099089874,
        "nauc_precision_at_5_std": -0.1411845677936415,
        "nauc_recall_at_1000_diff1": -0.1213979115639165,
        "nauc_recall_at_1000_max": 0.09720385023964892,
        "nauc_recall_at_1000_std": -0.1304796589652349,
        "nauc_recall_at_100_diff1": -0.02022550633619479,
        "nauc_recall_at_100_max": 0.06388821074772438,
        "nauc_recall_at_100_std": -0.08862105594828817,
        "nauc_recall_at_10_diff1": 0.094401394755884,
        "nauc_recall_at_10_max": 0.19202595603104372,
        "nauc_recall_at_10_std": -0.09950846729313305,
        "nauc_recall_at_1_diff1": -0.33826922744652577,
        "nauc_recall_at_1_max": 0.21403416550531645,
        "nauc_recall_at_1_std": -0.32384061229075894,
        "nauc_recall_at_20_diff1": -0.014175404386381651,
        "nauc_recall_at_20_max": 0.1144245669205082,
        "nauc_recall_at_20_std": -0.01854390529825879,
        "nauc_recall_at_3_diff1": 0.1953114766961555,
        "nauc_recall_at_3_max": 0.2639093081713307,
        "nauc_recall_at_3_std": -0.3257181434881104,
        "nauc_recall_at_5_diff1": 0.22972791814054935,
        "nauc_recall_at_5_max": 0.13361549085563895,
        "nauc_recall_at_5_std": -0.025542653767636588,
        "ndcg_at_1": 0.00774,
        "ndcg_at_10": 0.01406,
        "ndcg_at_100": 0.02606,
        "ndcg_at_1000": 0.11427,
        "ndcg_at_20": 0.01526,
        "ndcg_at_3": 0.01375,
        "ndcg_at_5": 0.01428,
        "precision_at_1": 0.00929,
        "precision_at_10": 0.01548,
        "precision_at_100": 0.01455,
        "precision_at_1000": 0.01241,
        "precision_at_20": 0.01533,
        "precision_at_3": 0.01754,
        "precision_at_5": 0.01734,
        "recall_at_1": 9e-05,
        "recall_at_10": 0.00269,
        "recall_at_100": 0.04174,
        "recall_at_1000": 0.33829,
        "recall_at_20": 0.00713,
        "recall_at_3": 0.00097,
        "recall_at_5": 0.00158
      }
    ]
  },
  "task_name": "NFCorpus"
}