{
  "dataset_revision": "ec0fa4fe99da2ff19ca1214b7966684033a58814",
  "evaluation_time": 2.991090774536133,
  "kg_co2_emissions": null,
  "mteb_version": "1.14.12",
  "scores": {
    "test": [
      {
        "hf_subset": "default",
        "languages": [
          "eng-Latn"
        ],
        "main_score": 0.20063,
        "map_at_1": 0.01986,
        "map_at_10": 0.05934,
        "map_at_100": 0.07967,
        "map_at_1000": 0.09203,
        "map_at_20": 0.06658,
        "map_at_3": 0.04111,
        "map_at_5": 0.04853,
        "mrr_at_1": 0.28173374613003094,
        "mrr_at_10": 0.3675426310875228,
        "mrr_at_100": 0.37674298570574244,
        "mrr_at_1000": 0.3775127655852306,
        "mrr_at_20": 0.3721661406686664,
        "mrr_at_3": 0.348297213622291,
        "mrr_at_5": 0.3586687306501548,
        "nauc_map_at_1000_diff1": 0.11795074871928797,
        "nauc_map_at_1000_max": 0.42184924167649096,
        "nauc_map_at_1000_std": 0.3057765592972167,
        "nauc_map_at_100_diff1": 0.13550435951952508,
        "nauc_map_at_100_max": 0.4238301763658055,
        "nauc_map_at_100_std": 0.28088661094537176,
        "nauc_map_at_10_diff1": 0.14779173618152402,
        "nauc_map_at_10_max": 0.41174554677472686,
        "nauc_map_at_10_std": 0.21327697370771942,
        "nauc_map_at_1_diff1": 0.20567973353970867,
        "nauc_map_at_1_max": 0.4013316290909996,
        "nauc_map_at_1_std": 0.128975060028025,
        "nauc_map_at_20_diff1": 0.14999330140587272,
        "nauc_map_at_20_max": 0.4199580553218981,
        "nauc_map_at_20_std": 0.2404648278641233,
        "nauc_map_at_3_diff1": 0.17274651674794278,
        "nauc_map_at_3_max": 0.4227711949554604,
        "nauc_map_at_3_std": 0.1651465630016167,
        "nauc_map_at_5_diff1": 0.15053026652929208,
        "nauc_map_at_5_max": 0.41753609553978166,
        "nauc_map_at_5_std": 0.18674416442913125,
        "nauc_mrr_at_1000_diff1": 0.13246904272703222,
        "nauc_mrr_at_1000_max": 0.3738101033400578,
        "nauc_mrr_at_1000_std": 0.21034906544255003,
        "nauc_mrr_at_100_diff1": 0.132363039783087,
        "nauc_mrr_at_100_max": 0.37407102665144376,
        "nauc_mrr_at_100_std": 0.2109639650014924,
        "nauc_mrr_at_10_diff1": 0.1336656073845146,
        "nauc_mrr_at_10_max": 0.3730021757395879,
        "nauc_mrr_at_10_std": 0.2084501700059708,
        "nauc_mrr_at_1_diff1": 0.15247179497873103,
        "nauc_mrr_at_1_max": 0.34695006680147134,
        "nauc_mrr_at_1_std": 0.16406512834574116,
        "nauc_mrr_at_20_diff1": 0.13289300339194954,
        "nauc_mrr_at_20_max": 0.373323648809204,
        "nauc_mrr_at_20_std": 0.20823169853629112,
        "nauc_mrr_at_3_diff1": 0.1310713670733986,
        "nauc_mrr_at_3_max": 0.36107184805032155,
        "nauc_mrr_at_3_std": 0.19528793771345396,
        "nauc_mrr_at_5_diff1": 0.1346282584206678,
        "nauc_mrr_at_5_max": 0.3665997179546973,
        "nauc_mrr_at_5_std": 0.19987243821289,
        "nauc_ndcg_at_1000_diff1": 0.08265216628338454,
        "nauc_ndcg_at_1000_max": 0.46889950740176384,
        "nauc_ndcg_at_1000_std": 0.3638333074410006,
        "nauc_ndcg_at_100_diff1": 0.08277555561980708,
        "nauc_ndcg_at_100_max": 0.415270249014599,
        "nauc_ndcg_at_100_std": 0.3054310085280706,
        "nauc_ndcg_at_10_diff1": 0.07014425246664824,
        "nauc_ndcg_at_10_max": 0.3575933802785649,
        "nauc_ndcg_at_10_std": 0.27056283654980723,
        "nauc_ndcg_at_1_diff1": 0.1546053588709234,
        "nauc_ndcg_at_1_max": 0.3035542807214842,
        "nauc_ndcg_at_1_std": 0.1659196459983455,
        "nauc_ndcg_at_20_diff1": 0.05819433965861352,
        "nauc_ndcg_at_20_max": 0.3725346570520205,
        "nauc_ndcg_at_20_std": 0.27901575984792,
        "nauc_ndcg_at_3_diff1": 0.09836700273036149,
        "nauc_ndcg_at_3_max": 0.3422760995601645,
        "nauc_ndcg_at_3_std": 0.2155390262952096,
        "nauc_ndcg_at_5_diff1": 0.08070860930208376,
        "nauc_ndcg_at_5_max": 0.35488036163914205,
        "nauc_ndcg_at_5_std": 0.2448403500066533,
        "nauc_precision_at_1000_diff1": -0.11699171670777515,
        "nauc_precision_at_1000_max": 0.05225390740204017,
        "nauc_precision_at_1000_std": 0.17633638638852264,
        "nauc_precision_at_100_diff1": -0.06034454510637456,
        "nauc_precision_at_100_max": 0.21235494473443842,
        "nauc_precision_at_100_std": 0.32315592024006884,
        "nauc_precision_at_10_diff1": 0.013107080923031285,
        "nauc_precision_at_10_max": 0.31243467579786455,
        "nauc_precision_at_10_std": 0.31628429548077674,
        "nauc_precision_at_1_diff1": 0.15247179497873103,
        "nauc_precision_at_1_max": 0.34695006680147134,
        "nauc_precision_at_1_std": 0.16406512834574116,
        "nauc_precision_at_20_diff1": -0.014037146751183007,
        "nauc_precision_at_20_max": 0.29905310757973724,
        "nauc_precision_at_20_std": 0.33645936186254805,
        "nauc_precision_at_3_diff1": 0.06530238421263895,
        "nauc_precision_at_3_max": 0.3728172937210713,
        "nauc_precision_at_3_std": 0.2395855253971431,
        "nauc_precision_at_5_diff1": 0.03182187550553435,
        "nauc_precision_at_5_max": 0.3533131737272697,
        "nauc_precision_at_5_std": 0.2779563095588919,
        "nauc_recall_at_1000_diff1": -0.011556259855980239,
        "nauc_recall_at_1000_max": 0.23386629611690932,
        "nauc_recall_at_1000_std": 0.20947202499539158,
        "nauc_recall_at_100_diff1": 0.04073903843360707,
        "nauc_recall_at_100_max": 0.23916110784053699,
        "nauc_recall_at_100_std": 0.20143623384414408,
        "nauc_recall_at_10_diff1": 0.043936564914243394,
        "nauc_recall_at_10_max": 0.266896060390281,
        "nauc_recall_at_10_std": 0.12639788834682014,
        "nauc_recall_at_1_diff1": 0.20567973353970867,
        "nauc_recall_at_1_max": 0.4013316290909996,
        "nauc_recall_at_1_std": 0.128975060028025,
        "nauc_recall_at_20_diff1": 0.02343999774432429,
        "nauc_recall_at_20_max": 0.25255760450600784,
        "nauc_recall_at_20_std": 0.14104416832479574,
        "nauc_recall_at_3_diff1": 0.11287786997753035,
        "nauc_recall_at_3_max": 0.3667815789217907,
        "nauc_recall_at_3_std": 0.1211960874569809,
        "nauc_recall_at_5_diff1": 0.0647056446641632,
        "nauc_recall_at_5_max": 0.3357123216476915,
        "nauc_recall_at_5_std": 0.14033474367633544,
        "ndcg_at_1": 0.26471,
        "ndcg_at_10": 0.20063,
        "ndcg_at_100": 0.19926,
        "ndcg_at_1000": 0.29902,
        "ndcg_at_20": 0.18838,
        "ndcg_at_3": 0.23683,
        "ndcg_at_5": 0.218,
        "precision_at_1": 0.28173,
        "precision_at_10": 0.15666,
        "precision_at_100": 0.05768,
        "precision_at_1000": 0.01889,
        "precision_at_20": 0.11997,
        "precision_at_3": 0.2291,
        "precision_at_5": 0.19567,
        "recall_at_1": 0.01986,
        "recall_at_10": 0.09352,
        "recall_at_100": 0.2328,
        "recall_at_1000": 0.58237,
        "recall_at_20": 0.12216,
        "recall_at_3": 0.04961,
        "recall_at_5": 0.06476
      }
    ]
  },
  "task_name": "NFCorpus"
}