{
  "dataset_revision": "ec0fa4fe99da2ff19ca1214b7966684033a58814",
  "evaluation_time": 3.008417844772339,
  "kg_co2_emissions": null,
  "mteb_version": "1.14.12",
  "scores": {
    "test": [
      {
        "hf_subset": "default",
        "languages": [
          "eng-Latn"
        ],
        "main_score": 0.08664,
        "map_at_1": 0.00766,
        "map_at_10": 0.01805,
        "map_at_100": 0.02641,
        "map_at_1000": 0.03483,
        "map_at_20": 0.02111,
        "map_at_3": 0.01362,
        "map_at_5": 0.01517,
        "mrr_at_1": 0.13312693498452013,
        "mrr_at_10": 0.19595557521254126,
        "mrr_at_100": 0.20840647191066863,
        "mrr_at_1000": 0.209490564003065,
        "mrr_at_20": 0.20426329933106593,
        "mrr_at_3": 0.17595459236326114,
        "mrr_at_5": 0.18570691434468528,
        "nauc_map_at_1000_diff1": 0.1503926912104944,
        "nauc_map_at_1000_max": 0.3001424826099661,
        "nauc_map_at_1000_std": 0.13656392834574566,
        "nauc_map_at_100_diff1": 0.1660794475952588,
        "nauc_map_at_100_max": 0.30530867406565604,
        "nauc_map_at_100_std": 0.1654922546313272,
        "nauc_map_at_10_diff1": 0.2052751504780062,
        "nauc_map_at_10_max": 0.30222335908959314,
        "nauc_map_at_10_std": 0.1949315412859783,
        "nauc_map_at_1_diff1": 0.24634183264959875,
        "nauc_map_at_1_max": 0.18982156353548263,
        "nauc_map_at_1_std": 0.21192830166700433,
        "nauc_map_at_20_diff1": 0.18282317649478536,
        "nauc_map_at_20_max": 0.3071904559799485,
        "nauc_map_at_20_std": 0.15753854275693338,
        "nauc_map_at_3_diff1": 0.21564920805733534,
        "nauc_map_at_3_max": 0.2759571489192811,
        "nauc_map_at_3_std": 0.17068418614761607,
        "nauc_map_at_5_diff1": 0.2123268931256381,
        "nauc_map_at_5_max": 0.288271417895543,
        "nauc_map_at_5_std": 0.18163196706521584,
        "nauc_mrr_at_1000_diff1": 0.13294602226571864,
        "nauc_mrr_at_1000_max": 0.2715213029639468,
        "nauc_mrr_at_1000_std": 0.005658292534014301,
        "nauc_mrr_at_100_diff1": 0.1327820820392906,
        "nauc_mrr_at_100_max": 0.2716201690699731,
        "nauc_mrr_at_100_std": 0.0059480926794206876,
        "nauc_mrr_at_10_diff1": 0.13457190192090956,
        "nauc_mrr_at_10_max": 0.2638779921554883,
        "nauc_mrr_at_10_std": 0.015443892519004023,
        "nauc_mrr_at_1_diff1": 0.15430699915996549,
        "nauc_mrr_at_1_max": 0.2513184836841986,
        "nauc_mrr_at_1_std": 0.028351460792427372,
        "nauc_mrr_at_20_diff1": 0.13517174201814647,
        "nauc_mrr_at_20_max": 0.27283927679178355,
        "nauc_mrr_at_20_std": 0.006008791204728574,
        "nauc_mrr_at_3_diff1": 0.1335045513908443,
        "nauc_mrr_at_3_max": 0.27169036753685527,
        "nauc_mrr_at_3_std": 0.021041311299720485,
        "nauc_mrr_at_5_diff1": 0.13272105871371576,
        "nauc_mrr_at_5_max": 0.26812944087791,
        "nauc_mrr_at_5_std": 0.012343569983682346,
        "nauc_ndcg_at_1000_diff1": 0.14701722102906317,
        "nauc_ndcg_at_1000_max": 0.3241720084973449,
        "nauc_ndcg_at_1000_std": 0.008987705179210024,
        "nauc_ndcg_at_100_diff1": 0.14320144006142532,
        "nauc_ndcg_at_100_max": 0.29409408695872463,
        "nauc_ndcg_at_100_std": 0.0615862900615652,
        "nauc_ndcg_at_10_diff1": 0.13676287371363727,
        "nauc_ndcg_at_10_max": 0.28371597163437307,
        "nauc_ndcg_at_10_std": 0.06873366407938254,
        "nauc_ndcg_at_1_diff1": 0.1550921230104888,
        "nauc_ndcg_at_1_max": 0.25681266067596487,
        "nauc_ndcg_at_1_std": 0.05810894947738834,
        "nauc_ndcg_at_20_diff1": 0.11684939066246543,
        "nauc_ndcg_at_20_max": 0.2922410362781524,
        "nauc_ndcg_at_20_std": 0.038025773067726795,
        "nauc_ndcg_at_3_diff1": 0.14381276900076773,
        "nauc_ndcg_at_3_max": 0.2895050162610651,
        "nauc_ndcg_at_3_std": 0.045228426229322084,
        "nauc_ndcg_at_5_diff1": 0.13066189721181126,
        "nauc_ndcg_at_5_max": 0.2883955076181735,
        "nauc_ndcg_at_5_std": 0.04068018042980934,
        "nauc_precision_at_1000_diff1": 0.010078690055175497,
        "nauc_precision_at_1000_max": 0.09456778469796862,
        "nauc_precision_at_1000_std": -0.13381755278046775,
        "nauc_precision_at_100_diff1": 0.022248844117677826,
        "nauc_precision_at_100_max": 0.195296355453402,
        "nauc_precision_at_100_std": -0.033026575405709836,
        "nauc_precision_at_10_diff1": 0.07646316468446672,
        "nauc_precision_at_10_max": 0.2648078611571157,
        "nauc_precision_at_10_std": 0.06407371231630882,
        "nauc_precision_at_1_diff1": 0.15430699915996549,
        "nauc_precision_at_1_max": 0.2513184836841986,
        "nauc_precision_at_1_std": 0.028351460792427372,
        "nauc_precision_at_20_diff1": 0.03498954813706927,
        "nauc_precision_at_20_max": 0.24094956726088745,
        "nauc_precision_at_20_std": 0.007745195774937926,
        "nauc_precision_at_3_diff1": 0.10702429827359965,
        "nauc_precision_at_3_max": 0.3173213154797093,
        "nauc_precision_at_3_std": 0.031435313987709566,
        "nauc_precision_at_5_diff1": 0.0684786151388469,
        "nauc_precision_at_5_max": 0.295707607285071,
        "nauc_precision_at_5_std": 0.027885817892387903,
        "nauc_recall_at_1000_diff1": 0.13236223584253598,
        "nauc_recall_at_1000_max": 0.21810389522261253,
        "nauc_recall_at_1000_std": -0.035990195881939475,
        "nauc_recall_at_100_diff1": 0.09604235626962646,
        "nauc_recall_at_100_max": 0.16565378780819054,
        "nauc_recall_at_100_std": 0.042189698865861096,
        "nauc_recall_at_10_diff1": 0.17783126173814795,
        "nauc_recall_at_10_max": 0.30486083452111756,
        "nauc_recall_at_10_std": 0.13401549064988524,
        "nauc_recall_at_1_diff1": 0.24634183264959875,
        "nauc_recall_at_1_max": 0.18982156353548263,
        "nauc_recall_at_1_std": 0.21192830166700433,
        "nauc_recall_at_20_diff1": 0.127198052089481,
        "nauc_recall_at_20_max": 0.3104242085304695,
        "nauc_recall_at_20_std": -0.009571954351699054,
        "nauc_recall_at_3_diff1": 0.19039523198331018,
        "nauc_recall_at_3_max": 0.2986550424151138,
        "nauc_recall_at_3_std": 0.13860104012924904,
        "nauc_recall_at_5_diff1": 0.18952699052019584,
        "nauc_recall_at_5_max": 0.2999828516510151,
        "nauc_recall_at_5_std": 0.12215695922279617,
        "ndcg_at_1": 0.12539,
        "ndcg_at_10": 0.08664,
        "ndcg_at_100": 0.09819,
        "ndcg_at_1000": 0.19732,
        "ndcg_at_20": 0.08531,
        "ndcg_at_3": 0.10517,
        "ndcg_at_5": 0.09647,
        "precision_at_1": 0.13313,
        "precision_at_10": 0.06935,
        "precision_at_100": 0.0308,
        "precision_at_1000": 0.01547,
        "precision_at_20": 0.05743,
        "precision_at_3": 0.10217,
        "precision_at_5": 0.08669,
        "recall_at_1": 0.00766,
        "recall_at_10": 0.03144,
        "recall_at_100": 0.12964,
        "recall_at_1000": 0.4663,
        "recall_at_20": 0.05436,
        "recall_at_3": 0.01875,
        "recall_at_5": 0.02236
      }
    ]
  },
  "task_name": "NFCorpus"
}