{
  "dataset_revision": "ec0fa4fe99da2ff19ca1214b7966684033a58814",
  "evaluation_time": 2.987952709197998,
  "kg_co2_emissions": null,
  "mteb_version": "1.14.12",
  "scores": {
    "test": [
      {
        "hf_subset": "default",
        "languages": [
          "eng-Latn"
        ],
        "main_score": 0.04376,
        "map_at_1": 0.00234,
        "map_at_10": 0.00811,
        "map_at_100": 0.01303,
        "map_at_1000": 0.01982,
        "map_at_20": 0.00972,
        "map_at_3": 0.00517,
        "map_at_5": 0.00616,
        "mrr_at_1": 0.04953560371517028,
        "mrr_at_10": 0.09780210329745931,
        "mrr_at_100": 0.10942811940650786,
        "mrr_at_1000": 0.11073861028835158,
        "mrr_at_20": 0.10344507812996923,
        "mrr_at_3": 0.07791537667698657,
        "mrr_at_5": 0.08813209494324042,
        "nauc_map_at_1000_diff1": -0.09794727329617237,
        "nauc_map_at_1000_max": 0.115008973321897,
        "nauc_map_at_1000_std": -0.03883996976278659,
        "nauc_map_at_100_diff1": -0.09933899212138761,
        "nauc_map_at_100_max": 0.1227480633377123,
        "nauc_map_at_100_std": -0.0022797656185560736,
        "nauc_map_at_10_diff1": -0.10009524310843798,
        "nauc_map_at_10_max": 0.15692007990916898,
        "nauc_map_at_10_std": 0.012872961001313705,
        "nauc_map_at_1_diff1": -0.17373493450567526,
        "nauc_map_at_1_max": 0.10263559641840728,
        "nauc_map_at_1_std": -0.05057070082684069,
        "nauc_map_at_20_diff1": -0.09859148725101176,
        "nauc_map_at_20_max": 0.14022456202038633,
        "nauc_map_at_20_std": -0.007071477600471474,
        "nauc_map_at_3_diff1": -0.15592621930218017,
        "nauc_map_at_3_max": 0.17077848360905903,
        "nauc_map_at_3_std": 0.0134041756744652,
        "nauc_map_at_5_diff1": -0.1763373634237327,
        "nauc_map_at_5_max": 0.1345078309316663,
        "nauc_map_at_5_std": 0.03534001231230685,
        "nauc_mrr_at_1000_diff1": -0.07226649806145057,
        "nauc_mrr_at_1000_max": 0.06783438859712343,
        "nauc_mrr_at_1000_std": -0.01940021366507716,
        "nauc_mrr_at_100_diff1": -0.07257797967015688,
        "nauc_mrr_at_100_max": 0.06774825749544713,
        "nauc_mrr_at_100_std": -0.01950634859657011,
        "nauc_mrr_at_10_diff1": -0.07412644445144176,
        "nauc_mrr_at_10_max": 0.05538959316430553,
        "nauc_mrr_at_10_std": -0.004626139012787293,
        "nauc_mrr_at_1_diff1": -0.06466670679882801,
        "nauc_mrr_at_1_max": 0.14564531727565508,
        "nauc_mrr_at_1_std": -0.011366066953716614,
        "nauc_mrr_at_20_diff1": -0.06745323781012824,
        "nauc_mrr_at_20_max": 0.06796290613697596,
        "nauc_mrr_at_20_std": -0.015951088043193066,
        "nauc_mrr_at_3_diff1": -0.06550376190736652,
        "nauc_mrr_at_3_max": 0.056771021499503894,
        "nauc_mrr_at_3_std": 0.02406279082840719,
        "nauc_mrr_at_5_diff1": -0.07925872982183825,
        "nauc_mrr_at_5_max": 0.042182629162184876,
        "nauc_mrr_at_5_std": 0.009929284127687297,
        "nauc_ndcg_at_1000_diff1": -0.11879109911364787,
        "nauc_ndcg_at_1000_max": 0.13157447002324854,
        "nauc_ndcg_at_1000_std": -0.109789178052778,
        "nauc_ndcg_at_100_diff1": -0.08873174831866093,
        "nauc_ndcg_at_100_max": 0.09951793642835248,
        "nauc_ndcg_at_100_std": -0.057219305111528264,
        "nauc_ndcg_at_10_diff1": -0.034432628655472274,
        "nauc_ndcg_at_10_max": 0.10453060474776969,
        "nauc_ndcg_at_10_std": -0.016873313807374328,
        "nauc_ndcg_at_1_diff1": -0.06396645460223066,
        "nauc_ndcg_at_1_max": 0.16319091198634844,
        "nauc_ndcg_at_1_std": -0.02004824309483495,
        "nauc_ndcg_at_20_diff1": -0.046542732717921684,
        "nauc_ndcg_at_20_max": 0.11380415454164619,
        "nauc_ndcg_at_20_std": -0.047239976947296765,
        "nauc_ndcg_at_3_diff1": -0.05089763756725458,
        "nauc_ndcg_at_3_max": 0.10681942726000022,
        "nauc_ndcg_at_3_std": 0.012848580968657862,
        "nauc_ndcg_at_5_diff1": -0.07123022756815758,
        "nauc_ndcg_at_5_max": 0.078515693852286,
        "nauc_ndcg_at_5_std": 0.01611229493516832,
        "nauc_precision_at_1000_diff1": -0.01631669106548042,
        "nauc_precision_at_1000_max": 0.001385317192024479,
        "nauc_precision_at_1000_std": -0.15506471779981876,
        "nauc_precision_at_100_diff1": -0.024212648249488024,
        "nauc_precision_at_100_max": 0.03215017473630681,
        "nauc_precision_at_100_std": -0.11239614444690102,
        "nauc_precision_at_10_diff1": -0.027822140462147454,
        "nauc_precision_at_10_max": 0.06646689481032003,
        "nauc_precision_at_10_std": -0.04660607559686044,
        "nauc_precision_at_1_diff1": -0.06466670679882801,
        "nauc_precision_at_1_max": 0.14564531727565508,
        "nauc_precision_at_1_std": -0.011366066953716614,
        "nauc_precision_at_20_diff1": -0.01981937847003208,
        "nauc_precision_at_20_max": 0.08296769972790796,
        "nauc_precision_at_20_std": -0.10475959778765831,
        "nauc_precision_at_3_diff1": -0.05175668982988939,
        "nauc_precision_at_3_max": 0.07481372054712791,
        "nauc_precision_at_3_std": 0.016728390452160288,
        "nauc_precision_at_5_diff1": -0.07022181298336376,
        "nauc_precision_at_5_max": 0.04819291564650721,
        "nauc_precision_at_5_std": 0.011699033219169071,
        "nauc_recall_at_1000_diff1": -0.17403134321337071,
        "nauc_recall_at_1000_max": 0.08704875787378559,
        "nauc_recall_at_1000_std": -0.0732219750689101,
        "nauc_recall_at_100_diff1": -0.11335897604026901,
        "nauc_recall_at_100_max": 0.08816580822312865,
        "nauc_recall_at_100_std": -0.07644413217772847,
        "nauc_recall_at_10_diff1": -0.02457194724573572,
        "nauc_recall_at_10_max": 0.13099123548331434,
        "nauc_recall_at_10_std": 0.015353048162715209,
        "nauc_recall_at_1_diff1": -0.17373493450567526,
        "nauc_recall_at_1_max": 0.10263559641840728,
        "nauc_recall_at_1_std": -0.05057070082684069,
        "nauc_recall_at_20_diff1": -0.048047731934406285,
        "nauc_recall_at_20_max": 0.10625637546637148,
        "nauc_recall_at_20_std": -0.04233985638475544,
        "nauc_recall_at_3_diff1": -0.13905213239168565,
        "nauc_recall_at_3_max": 0.1165312452032742,
        "nauc_recall_at_3_std": 0.06096010383638142,
        "nauc_recall_at_5_diff1": -0.1968076942900985,
        "nauc_recall_at_5_max": 0.028966308054750325,
        "nauc_recall_at_5_std": 0.07486254270491183,
        "ndcg_at_1": 0.04334,
        "ndcg_at_10": 0.04376,
        "ndcg_at_100": 0.06204,
        "ndcg_at_1000": 0.15727,
        "ndcg_at_20": 0.04492,
        "ndcg_at_3": 0.04336,
        "ndcg_at_5": 0.04277,
        "precision_at_1": 0.04954,
        "precision_at_10": 0.03715,
        "precision_at_100": 0.0231,
        "precision_at_1000": 0.01397,
        "precision_at_20": 0.0322,
        "precision_at_3": 0.04438,
        "precision_at_5": 0.04025,
        "recall_at_1": 0.00234,
        "recall_at_10": 0.02128,
        "recall_at_100": 0.09266,
        "recall_at_1000": 0.41567,
        "recall_at_20": 0.034,
        "recall_at_3": 0.00751,
        "recall_at_5": 0.01113
      }
    ]
  },
  "task_name": "NFCorpus"
}