{
  "dataset_revision": "ec0fa4fe99da2ff19ca1214b7966684033a58814",
  "evaluation_time": 2.9758403301239014,
  "kg_co2_emissions": null,
  "mteb_version": "1.14.12",
  "scores": {
    "test": [
      {
        "hf_subset": "default",
        "languages": [
          "eng-Latn"
        ],
        "main_score": 0.0587,
        "map_at_1": 0.0043,
        "map_at_10": 0.01119,
        "map_at_100": 0.01742,
        "map_at_1000": 0.02563,
        "map_at_20": 0.01295,
        "map_at_3": 0.00652,
        "map_at_5": 0.00862,
        "mrr_at_1": 0.07120743034055728,
        "mrr_at_10": 0.12862425672023198,
        "mrr_at_100": 0.14117444260599532,
        "mrr_at_1000": 0.1424260842960104,
        "mrr_at_20": 0.13530236134353885,
        "mrr_at_3": 0.10990712074303406,
        "mrr_at_5": 0.1212074303405573,
        "nauc_map_at_1000_diff1": -0.03919133473238327,
        "nauc_map_at_1000_max": 0.1574167203161443,
        "nauc_map_at_1000_std": 0.1374748687393633,
        "nauc_map_at_100_diff1": -0.050774850961736305,
        "nauc_map_at_100_max": 0.15872510107868948,
        "nauc_map_at_100_std": 0.13363553996843794,
        "nauc_map_at_10_diff1": -0.02774305665901223,
        "nauc_map_at_10_max": 0.15119217724692377,
        "nauc_map_at_10_std": 0.11270302307769789,
        "nauc_map_at_1_diff1": -0.001377158907118593,
        "nauc_map_at_1_max": 0.1507949273373605,
        "nauc_map_at_1_std": -0.0033445462888302235,
        "nauc_map_at_20_diff1": -0.05043542578352798,
        "nauc_map_at_20_max": 0.15420644002731748,
        "nauc_map_at_20_std": 0.12206366685461612,
        "nauc_map_at_3_diff1": -0.03564023750442376,
        "nauc_map_at_3_max": 0.12478479236491555,
        "nauc_map_at_3_std": 0.019484779212124638,
        "nauc_map_at_5_diff1": -0.028537737253082028,
        "nauc_map_at_5_max": 0.10107091519053028,
        "nauc_map_at_5_std": 0.07713522109001268,
        "nauc_mrr_at_1000_diff1": 0.035634995347418034,
        "nauc_mrr_at_1000_max": 0.18410341869220306,
        "nauc_mrr_at_1000_std": 0.023391558430564136,
        "nauc_mrr_at_100_diff1": 0.03609915767726746,
        "nauc_mrr_at_100_max": 0.18446570414402932,
        "nauc_mrr_at_100_std": 0.022781495880113502,
        "nauc_mrr_at_10_diff1": 0.04538401145946851,
        "nauc_mrr_at_10_max": 0.17561499509988915,
        "nauc_mrr_at_10_std": 0.031248844680517515,
        "nauc_mrr_at_1_diff1": 0.04422846317881598,
        "nauc_mrr_at_1_max": 0.18771113300300993,
        "nauc_mrr_at_1_std": 0.08199075907039273,
        "nauc_mrr_at_20_diff1": 0.03833548494681437,
        "nauc_mrr_at_20_max": 0.18168262516359227,
        "nauc_mrr_at_20_std": 0.024606872611146552,
        "nauc_mrr_at_3_diff1": 0.06469451144904917,
        "nauc_mrr_at_3_max": 0.176924656836594,
        "nauc_mrr_at_3_std": 0.032422414398178015,
        "nauc_mrr_at_5_diff1": 0.05434958724330257,
        "nauc_mrr_at_5_max": 0.1723125105129685,
        "nauc_mrr_at_5_std": 0.042484579067960715,
        "nauc_ndcg_at_1000_diff1": -0.0875973853231885,
        "nauc_ndcg_at_1000_max": 0.23058613419325563,
        "nauc_ndcg_at_1000_std": 0.028468950251342908,
        "nauc_ndcg_at_100_diff1": -0.022883002302677376,
        "nauc_ndcg_at_100_max": 0.20858112300701348,
        "nauc_ndcg_at_100_std": 0.05345407606892944,
        "nauc_ndcg_at_10_diff1": 0.060710748943852866,
        "nauc_ndcg_at_10_max": 0.19603731006112687,
        "nauc_ndcg_at_10_std": 0.08810659889864272,
        "nauc_ndcg_at_1_diff1": 0.02871769908164779,
        "nauc_ndcg_at_1_max": 0.2048827907746411,
        "nauc_ndcg_at_1_std": 0.11248048057680003,
        "nauc_ndcg_at_20_diff1": 0.025477475732083938,
        "nauc_ndcg_at_20_max": 0.18895337094517792,
        "nauc_ndcg_at_20_std": 0.0946487547633381,
        "nauc_ndcg_at_3_diff1": 0.06570198877389057,
        "nauc_ndcg_at_3_max": 0.18983026717178564,
        "nauc_ndcg_at_3_std": 0.06391887804076202,
        "nauc_ndcg_at_5_diff1": 0.07315263981796945,
        "nauc_ndcg_at_5_max": 0.17484837989730237,
        "nauc_ndcg_at_5_std": 0.0908300639223086,
        "nauc_precision_at_1000_diff1": 0.09091476104398549,
        "nauc_precision_at_1000_max": 0.013087128823614026,
        "nauc_precision_at_1000_std": 0.047780708780362315,
        "nauc_precision_at_100_diff1": 0.054244747187713216,
        "nauc_precision_at_100_max": 0.11915360323169559,
        "nauc_precision_at_100_std": 0.05662762040595307,
        "nauc_precision_at_10_diff1": 0.07421108794318947,
        "nauc_precision_at_10_max": 0.1729180033073002,
        "nauc_precision_at_10_std": 0.09799270277717217,
        "nauc_precision_at_1_diff1": 0.04422846317881598,
        "nauc_precision_at_1_max": 0.18771113300300993,
        "nauc_precision_at_1_std": 0.08199075907039273,
        "nauc_precision_at_20_diff1": 0.047859235915525974,
        "nauc_precision_at_20_max": 0.14694343918215982,
        "nauc_precision_at_20_std": 0.11088787911605616,
        "nauc_precision_at_3_diff1": 0.06549170855185177,
        "nauc_precision_at_3_max": 0.1754930727820784,
        "nauc_precision_at_3_std": 0.05665191447475119,
        "nauc_precision_at_5_diff1": 0.08013056415824589,
        "nauc_precision_at_5_max": 0.17189278244337688,
        "nauc_precision_at_5_std": 0.10159606849640287,
        "nauc_recall_at_1000_diff1": -0.10282165553360612,
        "nauc_recall_at_1000_max": 0.11501813756128083,
        "nauc_recall_at_1000_std": -0.02458502233609216,
        "nauc_recall_at_100_diff1": -0.0782280918397426,
        "nauc_recall_at_100_max": 0.15191381467146747,
        "nauc_recall_at_100_std": 0.020214075305087217,
        "nauc_recall_at_10_diff1": -0.011411515446717634,
        "nauc_recall_at_10_max": 0.2399752072410705,
        "nauc_recall_at_10_std": 0.06330639390027747,
        "nauc_recall_at_1_diff1": -0.001377158907118593,
        "nauc_recall_at_1_max": 0.1507949273373605,
        "nauc_recall_at_1_std": -0.0033445462888302235,
        "nauc_recall_at_20_diff1": -0.08109498433653445,
        "nauc_recall_at_20_max": 0.21613453457284848,
        "nauc_recall_at_20_std": 0.06513158029518405,
        "nauc_recall_at_3_diff1": -0.056534440852589574,
        "nauc_recall_at_3_max": 0.10947276987113858,
        "nauc_recall_at_3_std": -0.011712922765135648,
        "nauc_recall_at_5_diff1": -0.06252423065376163,
        "nauc_recall_at_5_max": 0.053381052745415554,
        "nauc_recall_at_5_std": 0.10716677706816724,
        "ndcg_at_1": 0.06192,
        "ndcg_at_10": 0.0587,
        "ndcg_at_100": 0.07681,
        "ndcg_at_1000": 0.17768,
        "ndcg_at_20": 0.05875,
        "ndcg_at_3": 0.06449,
        "ndcg_at_5": 0.06243,
        "precision_at_1": 0.07121,
        "precision_at_10": 0.04923,
        "precision_at_100": 0.02749,
        "precision_at_1000": 0.01522,
        "precision_at_20": 0.0418,
        "precision_at_3": 0.06708,
        "precision_at_5": 0.0613,
        "recall_at_1": 0.0043,
        "recall_at_10": 0.02807,
        "recall_at_100": 0.11568,
        "recall_at_1000": 0.45543,
        "recall_at_20": 0.04246,
        "recall_at_3": 0.00845,
        "recall_at_5": 0.01501
      }
    ]
  },
  "task_name": "NFCorpus"
}