{
  "dataset_revision": "20a6d6f312dd54037fe07a32d58e5e168867909d",
  "evaluation_time": 50.81215977668762,
  "kg_co2_emissions": null,
  "mteb_version": "1.14.10",
  "scores": {
    "test": [
      {
        "cosine_pearson": 0.8391595856234412,
        "cosine_spearman": 0.7758246018904428,
        "euclidean_pearson": 0.8077605544479735,
        "euclidean_spearman": 0.7758245879663708,
        "hf_subset": "default",
        "languages": [
          "eng-Latn"
        ],
        "main_score": 0.7758246018904428,
        "manhattan_pearson": 0.8070675270709543,
        "manhattan_spearman": 0.7748238094363006,
        "pearson": [
          0.8391595865384264,
          0.0
        ],
        "spearman": [
          0.7758244727658037,
          0.0
        ]
      }
    ]
  },
  "task_name": "SICK-R"
}