{
  "dataset_revision": "ec0fa4fe99da2ff19ca1214b7966684033a58814",
  "evaluation_time": 3.224595069885254,
  "kg_co2_emissions": null,
  "mteb_version": "1.14.12",
  "scores": {
    "test": [
      {
        "hf_subset": "default",
        "languages": [
          "eng-Latn"
        ],
        "main_score": 0.30433,
        "map_at_1": 0.04521,
        "map_at_10": 0.10861,
        "map_at_100": 0.13988,
        "map_at_1000": 0.15415,
        "map_at_20": 0.12125,
        "map_at_3": 0.08025,
        "map_at_5": 0.09247,
        "mrr_at_1": 0.4241486068111455,
        "mrr_at_10": 0.5037581699346406,
        "mrr_at_100": 0.5098601926588641,
        "mrr_at_1000": 0.5102907121710698,
        "mrr_at_20": 0.5073084544473133,
        "mrr_at_3": 0.4814241486068112,
        "mrr_at_5": 0.49396284829721376,
        "nauc_map_at_1000_diff1": 0.12488779951325268,
        "nauc_map_at_1000_max": 0.28256889984850836,
        "nauc_map_at_1000_std": 0.18316384579027975,
        "nauc_map_at_100_diff1": 0.14519667451495422,
        "nauc_map_at_100_max": 0.2723283564583911,
        "nauc_map_at_100_std": 0.1439289335366357,
        "nauc_map_at_10_diff1": 0.19815384048056167,
        "nauc_map_at_10_max": 0.22035731956251778,
        "nauc_map_at_10_std": 0.017392125800266493,
        "nauc_map_at_1_diff1": 0.30162100806382436,
        "nauc_map_at_1_max": 0.048802503696366115,
        "nauc_map_at_1_std": -0.12495668281367846,
        "nauc_map_at_20_diff1": 0.1793582860396537,
        "nauc_map_at_20_max": 0.25233874724270455,
        "nauc_map_at_20_std": 0.07544388260962849,
        "nauc_map_at_3_diff1": 0.23539007431702286,
        "nauc_map_at_3_max": 0.1380921795892694,
        "nauc_map_at_3_std": -0.053632814047304814,
        "nauc_map_at_5_diff1": 0.2240003198262214,
        "nauc_map_at_5_max": 0.17369943678133945,
        "nauc_map_at_5_std": -0.035702004077093376,
        "nauc_mrr_at_1000_diff1": 0.236369014746496,
        "nauc_mrr_at_1000_max": 0.4274102056173511,
        "nauc_mrr_at_1000_std": 0.2234405483790711,
        "nauc_mrr_at_100_diff1": 0.23619833402405666,
        "nauc_mrr_at_100_max": 0.4277275370630575,
        "nauc_mrr_at_100_std": 0.22392359675555945,
        "nauc_mrr_at_10_diff1": 0.2382956624674352,
        "nauc_mrr_at_10_max": 0.42557208106394845,
        "nauc_mrr_at_10_std": 0.21655397706581692,
        "nauc_mrr_at_1_diff1": 0.25040331227941875,
        "nauc_mrr_at_1_max": 0.3542169361984065,
        "nauc_mrr_at_1_std": 0.12933809585208797,
        "nauc_mrr_at_20_diff1": 0.23692742466536088,
        "nauc_mrr_at_20_max": 0.4271755320208464,
        "nauc_mrr_at_20_std": 0.22312296872297643,
        "nauc_mrr_at_3_diff1": 0.228584901078113,
        "nauc_mrr_at_3_max": 0.4186359403813168,
        "nauc_mrr_at_3_std": 0.2139272796847157,
        "nauc_mrr_at_5_diff1": 0.23734270888849543,
        "nauc_mrr_at_5_max": 0.4297261753057426,
        "nauc_mrr_at_5_std": 0.21984572296754906,
        "nauc_ndcg_at_1000_diff1": 0.1176381025171384,
        "nauc_ndcg_at_1000_max": 0.4442397465067325,
        "nauc_ndcg_at_1000_std": 0.3628148351380349,
        "nauc_ndcg_at_100_diff1": 0.11180694680428446,
        "nauc_ndcg_at_100_max": 0.369118741894616,
        "nauc_ndcg_at_100_std": 0.28135545167888176,
        "nauc_ndcg_at_10_diff1": 0.09585875559266682,
        "nauc_ndcg_at_10_max": 0.33277886216823166,
        "nauc_ndcg_at_10_std": 0.24664101027706598,
        "nauc_ndcg_at_1_diff1": 0.25298763701533605,
        "nauc_ndcg_at_1_max": 0.3197630644062098,
        "nauc_ndcg_at_1_std": 0.13298273201908287,
        "nauc_ndcg_at_20_diff1": 0.07666505547425412,
        "nauc_ndcg_at_20_max": 0.3347084598589292,
        "nauc_ndcg_at_20_std": 0.27638040372956163,
        "nauc_ndcg_at_3_diff1": 0.13886878253302756,
        "nauc_ndcg_at_3_max": 0.3389679847883754,
        "nauc_ndcg_at_3_std": 0.21808897558200982,
        "nauc_ndcg_at_5_diff1": 0.12921248071981498,
        "nauc_ndcg_at_5_max": 0.3418507420248024,
        "nauc_ndcg_at_5_std": 0.2299390462027005,
        "nauc_precision_at_1000_diff1": -0.20845449094102741,
        "nauc_precision_at_1000_max": 0.07123517855188312,
        "nauc_precision_at_1000_std": 0.32693745061118396,
        "nauc_precision_at_100_diff1": -0.19851483014247437,
        "nauc_precision_at_100_max": 0.1870649916010217,
        "nauc_precision_at_100_std": 0.44980076587324586,
        "nauc_precision_at_10_diff1": -0.052354480094478344,
        "nauc_precision_at_10_max": 0.35102885942709766,
        "nauc_precision_at_10_std": 0.3630136870039026,
        "nauc_precision_at_1_diff1": 0.2587320087835745,
        "nauc_precision_at_1_max": 0.35236350561101565,
        "nauc_precision_at_1_std": 0.13227908961207308,
        "nauc_precision_at_20_diff1": -0.1242873833776423,
        "nauc_precision_at_20_max": 0.29987870155346896,
        "nauc_precision_at_20_std": 0.4293439400310775,
        "nauc_precision_at_3_diff1": 0.06457916733504802,
        "nauc_precision_at_3_max": 0.3825834287034914,
        "nauc_precision_at_3_std": 0.2934401238169869,
        "nauc_precision_at_5_diff1": 0.030627195482098253,
        "nauc_precision_at_5_max": 0.38288974166392586,
        "nauc_precision_at_5_std": 0.3172082700394291,
        "nauc_recall_at_1000_diff1": 0.043695565100012636,
        "nauc_recall_at_1000_max": 0.30452063663139695,
        "nauc_recall_at_1000_std": 0.3053409125677342,
        "nauc_recall_at_100_diff1": 0.0782140061465733,
        "nauc_recall_at_100_max": 0.24358982648699576,
        "nauc_recall_at_100_std": 0.18182364656134875,
        "nauc_recall_at_10_diff1": 0.14718142921958713,
        "nauc_recall_at_10_max": 0.1682277935361534,
        "nauc_recall_at_10_std": 0.007777160921786675,
        "nauc_recall_at_1_diff1": 0.30162100806382436,
        "nauc_recall_at_1_max": 0.048802503696366115,
        "nauc_recall_at_1_std": -0.12495668281367846,
        "nauc_recall_at_20_diff1": 0.12940482805031484,
        "nauc_recall_at_20_max": 0.23338027006949155,
        "nauc_recall_at_20_std": 0.09661742274709807,
        "nauc_recall_at_3_diff1": 0.1919186357798979,
        "nauc_recall_at_3_max": 0.1318606638256443,
        "nauc_recall_at_3_std": -0.03379824514912995,
        "nauc_recall_at_5_diff1": 0.18326494113132402,
        "nauc_recall_at_5_max": 0.15053593818793648,
        "nauc_recall_at_5_std": -0.026388432597247578,
        "ndcg_at_1": 0.40248,
        "ndcg_at_10": 0.30433,
        "ndcg_at_100": 0.28757,
        "ndcg_at_1000": 0.37712,
        "ndcg_at_20": 0.28689,
        "ndcg_at_3": 0.35677,
        "ndcg_at_5": 0.33104,
        "precision_at_1": 0.42105,
        "precision_at_10": 0.22693,
        "precision_at_100": 0.07632,
        "precision_at_1000": 0.02068,
        "precision_at_20": 0.17198,
        "precision_at_3": 0.33437,
        "precision_at_5": 0.28483,
        "recall_at_1": 0.04521,
        "recall_at_10": 0.14952,
        "recall_at_100": 0.30476,
        "recall_at_1000": 0.62313,
        "recall_at_20": 0.18606,
        "recall_at_3": 0.09193,
        "recall_at_5": 0.11316
      }
    ]
  },
  "task_name": "NFCorpus"
}