{
  "dataset_revision": "ec0fa4fe99da2ff19ca1214b7966684033a58814",
  "evaluation_time": 3.026623249053955,
  "kg_co2_emissions": null,
  "mteb_version": "1.14.12",
  "scores": {
    "test": [
      {
        "hf_subset": "default",
        "languages": [
          "eng-Latn"
        ],
        "main_score": 0.26583,
        "map_at_1": 0.03835,
        "map_at_10": 0.08927,
        "map_at_100": 0.11393,
        "map_at_1000": 0.12653,
        "map_at_20": 0.09861,
        "map_at_3": 0.06649,
        "map_at_5": 0.07629,
        "mrr_at_1": 0.38080495356037153,
        "mrr_at_10": 0.4583247334021327,
        "mrr_at_100": 0.4646023591900727,
        "mrr_at_1000": 0.4652191230877001,
        "mrr_at_20": 0.46110807217067223,
        "mrr_at_3": 0.43808049535603716,
        "mrr_at_5": 0.4470588235294118,
        "nauc_map_at_1000_diff1": 0.20198603295780676,
        "nauc_map_at_1000_max": 0.33031511491675875,
        "nauc_map_at_1000_std": 0.2403726829129769,
        "nauc_map_at_100_diff1": 0.21940343220011257,
        "nauc_map_at_100_max": 0.3204453897132733,
        "nauc_map_at_100_std": 0.20934688664537413,
        "nauc_map_at_10_diff1": 0.24193860873396839,
        "nauc_map_at_10_max": 0.27399753510094405,
        "nauc_map_at_10_std": 0.11017011329447286,
        "nauc_map_at_1_diff1": 0.30661722545215153,
        "nauc_map_at_1_max": 0.16450277920936193,
        "nauc_map_at_1_std": -0.04245816681413475,
        "nauc_map_at_20_diff1": 0.237304625835698,
        "nauc_map_at_20_max": 0.2995413699098487,
        "nauc_map_at_20_std": 0.15910731785203017,
        "nauc_map_at_3_diff1": 0.28027302992260056,
        "nauc_map_at_3_max": 0.21970329454851692,
        "nauc_map_at_3_std": 0.03618920626415803,
        "nauc_map_at_5_diff1": 0.2631294460433333,
        "nauc_map_at_5_max": 0.23892027850046804,
        "nauc_map_at_5_std": 0.06042799299013346,
        "nauc_mrr_at_1000_diff1": 0.29636936752508414,
        "nauc_mrr_at_1000_max": 0.39892990961943253,
        "nauc_mrr_at_1000_std": 0.1842447217479869,
        "nauc_mrr_at_100_diff1": 0.2963628202257733,
        "nauc_mrr_at_100_max": 0.3991226193862194,
        "nauc_mrr_at_100_std": 0.1845490082893302,
        "nauc_mrr_at_10_diff1": 0.29692866927309264,
        "nauc_mrr_at_10_max": 0.39644310492791157,
        "nauc_mrr_at_10_std": 0.18219894716404314,
        "nauc_mrr_at_1_diff1": 0.3158814511138071,
        "nauc_mrr_at_1_max": 0.33736202562950374,
        "nauc_mrr_at_1_std": 0.10072464036014044,
        "nauc_mrr_at_20_diff1": 0.2954843061371224,
        "nauc_mrr_at_20_max": 0.39962837741356183,
        "nauc_mrr_at_20_std": 0.18513799145061063,
        "nauc_mrr_at_3_diff1": 0.2939948059155571,
        "nauc_mrr_at_3_max": 0.3855210405158613,
        "nauc_mrr_at_3_std": 0.16691608904532765,
        "nauc_mrr_at_5_diff1": 0.29854234404911634,
        "nauc_mrr_at_5_max": 0.3878191281569064,
        "nauc_mrr_at_5_std": 0.16815638024701882,
        "nauc_ndcg_at_1000_diff1": 0.2131560869186806,
        "nauc_ndcg_at_1000_max": 0.4740078175771098,
        "nauc_ndcg_at_1000_std": 0.37853253625204675,
        "nauc_ndcg_at_100_diff1": 0.20246845302601202,
        "nauc_ndcg_at_100_max": 0.3905070494350893,
        "nauc_ndcg_at_100_std": 0.2894097994117871,
        "nauc_ndcg_at_10_diff1": 0.1784820816016645,
        "nauc_ndcg_at_10_max": 0.36078166183134763,
        "nauc_ndcg_at_10_std": 0.2528444744466359,
        "nauc_ndcg_at_1_diff1": 0.32781794875612297,
        "nauc_ndcg_at_1_max": 0.30989999310956295,
        "nauc_ndcg_at_1_std": 0.10182148093066509,
        "nauc_ndcg_at_20_diff1": 0.17262237132100808,
        "nauc_ndcg_at_20_max": 0.35993117712846395,
        "nauc_ndcg_at_20_std": 0.2669693810149468,
        "nauc_ndcg_at_3_diff1": 0.21995736130684201,
        "nauc_ndcg_at_3_max": 0.352501439084762,
        "nauc_ndcg_at_3_std": 0.1910480049652116,
        "nauc_ndcg_at_5_diff1": 0.21550451329775083,
        "nauc_ndcg_at_5_max": 0.3542020990367703,
        "nauc_ndcg_at_5_std": 0.2133287258720524,
        "nauc_precision_at_1000_diff1": -0.1484703858545548,
        "nauc_precision_at_1000_max": 0.05647609253456516,
        "nauc_precision_at_1000_std": 0.22104014584019546,
        "nauc_precision_at_100_diff1": -0.10573030233336408,
        "nauc_precision_at_100_max": 0.1928294824365954,
        "nauc_precision_at_100_std": 0.3554134058914879,
        "nauc_precision_at_10_diff1": 0.03291285824252084,
        "nauc_precision_at_10_max": 0.36107164814935333,
        "nauc_precision_at_10_std": 0.35752397517495077,
        "nauc_precision_at_1_diff1": 0.32496843936428266,
        "nauc_precision_at_1_max": 0.33637707835349817,
        "nauc_precision_at_1_std": 0.10396036627948868,
        "nauc_precision_at_20_diff1": -0.019094920136843312,
        "nauc_precision_at_20_max": 0.3207048793791117,
        "nauc_precision_at_20_std": 0.37925345630300694,
        "nauc_precision_at_3_diff1": 0.14461244970489526,
        "nauc_precision_at_3_max": 0.37524326603329744,
        "nauc_precision_at_3_std": 0.2542420860112546,
        "nauc_precision_at_5_diff1": 0.11659718001249116,
        "nauc_precision_at_5_max": 0.36155395828528925,
        "nauc_precision_at_5_std": 0.2865383426389663,
        "nauc_recall_at_1000_diff1": 0.09882448840047516,
        "nauc_recall_at_1000_max": 0.29255806694130465,
        "nauc_recall_at_1000_std": 0.3054338543088664,
        "nauc_recall_at_100_diff1": 0.1706798181765644,
        "nauc_recall_at_100_max": 0.26679554257877125,
        "nauc_recall_at_100_std": 0.21818965807297577,
        "nauc_recall_at_10_diff1": 0.19842581563311074,
        "nauc_recall_at_10_max": 0.20095481177435207,
        "nauc_recall_at_10_std": 0.08222428513803964,
        "nauc_recall_at_1_diff1": 0.30661722545215153,
        "nauc_recall_at_1_max": 0.16450277920936193,
        "nauc_recall_at_1_std": -0.04245816681413475,
        "nauc_recall_at_20_diff1": 0.18835697945010538,
        "nauc_recall_at_20_max": 0.22582759715282266,
        "nauc_recall_at_20_std": 0.15202869585453874,
        "nauc_recall_at_3_diff1": 0.26761747303112715,
        "nauc_recall_at_3_max": 0.20090068361111774,
        "nauc_recall_at_3_std": 0.02470099735367372,
        "nauc_recall_at_5_diff1": 0.23875171196064932,
        "nauc_recall_at_5_max": 0.19344999624365636,
        "nauc_recall_at_5_std": 0.038236998049774595,
        "ndcg_at_1": 0.35913,
        "ndcg_at_10": 0.26583,
        "ndcg_at_100": 0.25097,
        "ndcg_at_1000": 0.34086,
        "ndcg_at_20": 0.24574,
        "ndcg_at_3": 0.31672,
        "ndcg_at_5": 0.2907,
        "precision_at_1": 0.37771,
        "precision_at_10": 0.19567,
        "precision_at_100": 0.06718,
        "precision_at_1000": 0.01931,
        "precision_at_20": 0.1435,
        "precision_at_3": 0.29928,
        "precision_at_5": 0.2483,
        "recall_at_1": 0.03835,
        "recall_at_10": 0.12732,
        "recall_at_100": 0.26546,
        "recall_at_1000": 0.58337,
        "recall_at_20": 0.15605,
        "recall_at_3": 0.0759,
        "recall_at_5": 0.09467
      }
    ]
  },
  "task_name": "NFCorpus"
}