{
  "dataset_revision": "ec0fa4fe99da2ff19ca1214b7966684033a58814",
  "evaluation_time": 3.341862916946411,
  "kg_co2_emissions": null,
  "mteb_version": "1.14.12",
  "scores": {
    "test": [
      {
        "hf_subset": "default",
        "languages": [
          "eng-Latn"
        ],
        "main_score": 0.01241,
        "map_at_1": 0.00071,
        "map_at_10": 0.00182,
        "map_at_100": 0.00327,
        "map_at_1000": 0.00729,
        "map_at_20": 0.00232,
        "map_at_3": 0.00138,
        "map_at_5": 0.00157,
        "mrr_at_1": 0.015479876160990712,
        "mrr_at_10": 0.034463610005405675,
        "mrr_at_100": 0.04619714363080541,
        "mrr_at_1000": 0.04805095336066618,
        "mrr_at_20": 0.03946921797723109,
        "mrr_at_3": 0.02631578947368421,
        "mrr_at_5": 0.029721362229102165,
        "nauc_map_at_1000_diff1": 0.011572281480927498,
        "nauc_map_at_1000_max": -0.051988924626624626,
        "nauc_map_at_1000_std": 0.10677552348560869,
        "nauc_map_at_100_diff1": 0.08957104869896332,
        "nauc_map_at_100_max": -0.144236553264145,
        "nauc_map_at_100_std": 0.17314205785221623,
        "nauc_map_at_10_diff1": 0.1050768210987982,
        "nauc_map_at_10_max": -0.20572945018148717,
        "nauc_map_at_10_std": 0.14816446576600423,
        "nauc_map_at_1_diff1": 0.14026166532507306,
        "nauc_map_at_1_max": -0.2991559432893334,
        "nauc_map_at_1_std": 0.032003378131201396,
        "nauc_map_at_20_diff1": 0.0368259088027779,
        "nauc_map_at_20_max": -0.2102612417986005,
        "nauc_map_at_20_std": 0.16070922129700896,
        "nauc_map_at_3_diff1": -0.014837940356587108,
        "nauc_map_at_3_max": -0.17629200681141335,
        "nauc_map_at_3_std": 0.03680781515257702,
        "nauc_map_at_5_diff1": 0.05731201734565899,
        "nauc_map_at_5_max": -0.19107468776913691,
        "nauc_map_at_5_std": 0.10032762441432383,
        "nauc_mrr_at_1000_diff1": 0.088377351460842,
        "nauc_mrr_at_1000_max": 0.014486419351815447,
        "nauc_mrr_at_1000_std": -0.018688141729577206,
        "nauc_mrr_at_100_diff1": 0.09126134032649738,
        "nauc_mrr_at_100_max": 0.014722426514009016,
        "nauc_mrr_at_100_std": -0.014452317392528828,
        "nauc_mrr_at_10_diff1": 0.10039744985266474,
        "nauc_mrr_at_10_max": 0.018217651336556756,
        "nauc_mrr_at_10_std": -0.00816238731450717,
        "nauc_mrr_at_1_diff1": 0.2789123962547522,
        "nauc_mrr_at_1_max": 0.11081038587226301,
        "nauc_mrr_at_1_std": 0.034421551488171366,
        "nauc_mrr_at_20_diff1": 0.09165297884509131,
        "nauc_mrr_at_20_max": 0.007376353505319671,
        "nauc_mrr_at_20_std": -0.011718532312595491,
        "nauc_mrr_at_3_diff1": 0.12371160798641082,
        "nauc_mrr_at_3_max": -0.02459056114179336,
        "nauc_mrr_at_3_std": -0.028715517444868527,
        "nauc_mrr_at_5_diff1": 0.08013163431682796,
        "nauc_mrr_at_5_max": 0.003937909685974183,
        "nauc_mrr_at_5_std": -0.024954212728640342,
        "nauc_ndcg_at_1000_diff1": -0.012898693406476808,
        "nauc_ndcg_at_1000_max": 0.015421796175692663,
        "nauc_ndcg_at_1000_std": -0.013606553138586774,
        "nauc_ndcg_at_100_diff1": 0.06798525994350442,
        "nauc_ndcg_at_100_max": 0.001803722872143004,
        "nauc_ndcg_at_100_std": 0.08276205338734374,
        "nauc_ndcg_at_10_diff1": 0.014050539768371076,
        "nauc_ndcg_at_10_max": -0.08728708471148278,
        "nauc_ndcg_at_10_std": 0.018658761363703574,
        "nauc_ndcg_at_1_diff1": 0.2262086876239107,
        "nauc_ndcg_at_1_max": -0.2202563814554558,
        "nauc_ndcg_at_1_std": 0.10570278151872639,
        "nauc_ndcg_at_20_diff1": 0.0005837658780113983,
        "nauc_ndcg_at_20_max": -0.07703911125962812,
        "nauc_ndcg_at_20_std": 0.037583170468540816,
        "nauc_ndcg_at_3_diff1": 0.08182040496653444,
        "nauc_ndcg_at_3_max": -0.21512556083614645,
        "nauc_ndcg_at_3_std": 0.0155373900772459,
        "nauc_ndcg_at_5_diff1": 0.015563652647398474,
        "nauc_ndcg_at_5_max": -0.10349315534982419,
        "nauc_ndcg_at_5_std": 0.014704461379911845,
        "nauc_precision_at_1000_diff1": -0.09647026266314027,
        "nauc_precision_at_1000_max": 0.07284420279006038,
        "nauc_precision_at_1000_std": -0.07278895678179348,
        "nauc_precision_at_100_diff1": -0.014225179054373191,
        "nauc_precision_at_100_max": 0.0914160454205189,
        "nauc_precision_at_100_std": -0.024261293210621315,
        "nauc_precision_at_10_diff1": 0.005361457098376911,
        "nauc_precision_at_10_max": -0.022743841908214178,
        "nauc_precision_at_10_std": 0.018624754367915865,
        "nauc_precision_at_1_diff1": 0.23952733282728958,
        "nauc_precision_at_1_max": -0.09675543258872207,
        "nauc_precision_at_1_std": 0.09310433982235504,
        "nauc_precision_at_20_diff1": 0.02275512287798419,
        "nauc_precision_at_20_max": 0.0015424763919057681,
        "nauc_precision_at_20_std": -0.010447649480494458,
        "nauc_precision_at_3_diff1": 0.047220730086704285,
        "nauc_precision_at_3_max": -0.14340981011721532,
        "nauc_precision_at_3_std": -0.01165144462498378,
        "nauc_precision_at_5_diff1": -0.015493025501241833,
        "nauc_precision_at_5_max": -0.02201625812403784,
        "nauc_precision_at_5_std": 0.023629941422079154,
        "nauc_recall_at_1000_diff1": -0.06740358527977322,
        "nauc_recall_at_1000_max": -0.0029797419692426594,
        "nauc_recall_at_1000_std": -0.03560384556063052,
        "nauc_recall_at_100_diff1": 0.09411624342207771,
        "nauc_recall_at_100_max": 0.0696826908451633,
        "nauc_recall_at_100_std": 0.10574086149564739,
        "nauc_recall_at_10_diff1": 0.10646437795224696,
        "nauc_recall_at_10_max": -0.15791537311933998,
        "nauc_recall_at_10_std": 0.168946571949035,
        "nauc_recall_at_1_diff1": 0.14026166532507306,
        "nauc_recall_at_1_max": -0.2991559432893334,
        "nauc_recall_at_1_std": 0.032003378131201396,
        "nauc_recall_at_20_diff1": -0.16139871568819453,
        "nauc_recall_at_20_max": -0.1930188711003442,
        "nauc_recall_at_20_std": 0.1669189150211879,
        "nauc_recall_at_3_diff1": -0.06882766154223868,
        "nauc_recall_at_3_max": -0.13364924916124055,
        "nauc_recall_at_3_std": 0.03783978532259379,
        "nauc_recall_at_5_diff1": 0.05122448008502822,
        "nauc_recall_at_5_max": -0.1489645252755008,
        "nauc_recall_at_5_std": 0.13482949144291,
        "ndcg_at_1": 0.01238,
        "ndcg_at_10": 0.01241,
        "ndcg_at_100": 0.02389,
        "ndcg_at_1000": 0.10443,
        "ndcg_at_20": 0.01413,
        "ndcg_at_3": 0.01093,
        "ndcg_at_5": 0.01182,
        "precision_at_1": 0.01548,
        "precision_at_10": 0.013,
        "precision_at_100": 0.0126,
        "precision_at_1000": 0.01136,
        "precision_at_20": 0.01285,
        "precision_at_3": 0.01135,
        "precision_at_5": 0.01238,
        "recall_at_1": 0.00071,
        "recall_at_10": 0.00382,
        "recall_at_100": 0.03785,
        "recall_at_1000": 0.31366,
        "recall_at_20": 0.00993,
        "recall_at_3": 0.00206,
        "recall_at_5": 0.00262
      }
    ]
  },
  "task_name": "NFCorpus"
}