{
  "dataset_revision": "ec0fa4fe99da2ff19ca1214b7966684033a58814",
  "evaluation_time": 2.975982904434204,
  "kg_co2_emissions": null,
  "mteb_version": "1.14.12",
  "scores": {
    "test": [
      {
        "hf_subset": "default",
        "languages": [
          "eng-Latn"
        ],
        "main_score": 0.20935,
        "map_at_1": 0.02857,
        "map_at_10": 0.06847,
        "map_at_100": 0.08905,
        "map_at_1000": 0.10182,
        "map_at_20": 0.07637,
        "map_at_3": 0.04811,
        "map_at_5": 0.05774,
        "mrr_at_1": 0.2724458204334365,
        "mrr_at_10": 0.36199444690156757,
        "mrr_at_100": 0.37263387849353724,
        "mrr_at_1000": 0.3733366065601696,
        "mrr_at_20": 0.3684552119717558,
        "mrr_at_3": 0.3410732714138286,
        "mrr_at_5": 0.35361197110423115,
        "nauc_map_at_1000_diff1": 0.13615137951663883,
        "nauc_map_at_1000_max": 0.301865984609395,
        "nauc_map_at_1000_std": 0.20056534801575435,
        "nauc_map_at_100_diff1": 0.16017013263183846,
        "nauc_map_at_100_max": 0.29274780286083457,
        "nauc_map_at_100_std": 0.16336171540981181,
        "nauc_map_at_10_diff1": 0.18737351407166386,
        "nauc_map_at_10_max": 0.25343039620216007,
        "nauc_map_at_10_std": 0.08590247394821696,
        "nauc_map_at_1_diff1": 0.30633424277365784,
        "nauc_map_at_1_max": 0.1792938357521412,
        "nauc_map_at_1_std": -0.005693769643585324,
        "nauc_map_at_20_diff1": 0.1834209822605879,
        "nauc_map_at_20_max": 0.2718121883516947,
        "nauc_map_at_20_std": 0.112882586014063,
        "nauc_map_at_3_diff1": 0.20855991196512477,
        "nauc_map_at_3_max": 0.18802832369605157,
        "nauc_map_at_3_std": 0.0005914362545590894,
        "nauc_map_at_5_diff1": 0.20932780055570235,
        "nauc_map_at_5_max": 0.2206635056180156,
        "nauc_map_at_5_std": 0.044127555978907836,
        "nauc_mrr_at_1000_diff1": 0.28166913867096016,
        "nauc_mrr_at_1000_max": 0.3808227502818408,
        "nauc_mrr_at_1000_std": 0.2037238988166165,
        "nauc_mrr_at_100_diff1": 0.28146031146334977,
        "nauc_mrr_at_100_max": 0.3810635230319397,
        "nauc_mrr_at_100_std": 0.20407421583559476,
        "nauc_mrr_at_10_diff1": 0.2784108586130396,
        "nauc_mrr_at_10_max": 0.37581815042919864,
        "nauc_mrr_at_10_std": 0.198964290617133,
        "nauc_mrr_at_1_diff1": 0.36534790099438713,
        "nauc_mrr_at_1_max": 0.36745421518968835,
        "nauc_mrr_at_1_std": 0.1771211538730765,
        "nauc_mrr_at_20_diff1": 0.28145826673841273,
        "nauc_mrr_at_20_max": 0.3796259846641055,
        "nauc_mrr_at_20_std": 0.20287957038190071,
        "nauc_mrr_at_3_diff1": 0.29336397137397413,
        "nauc_mrr_at_3_max": 0.363341112715138,
        "nauc_mrr_at_3_std": 0.18316949890848333,
        "nauc_mrr_at_5_diff1": 0.28039976018573354,
        "nauc_mrr_at_5_max": 0.36528841808201135,
        "nauc_mrr_at_5_std": 0.18912409031384286,
        "nauc_ndcg_at_1000_diff1": 0.10564198312844096,
        "nauc_ndcg_at_1000_max": 0.42942730650122474,
        "nauc_ndcg_at_1000_std": 0.3244450861206131,
        "nauc_ndcg_at_100_diff1": 0.1380591798261447,
        "nauc_ndcg_at_100_max": 0.37494411179428383,
        "nauc_ndcg_at_100_std": 0.25704112685993824,
        "nauc_ndcg_at_10_diff1": 0.1313109785732642,
        "nauc_ndcg_at_10_max": 0.33321158913660415,
        "nauc_ndcg_at_10_std": 0.24767454155362806,
        "nauc_ndcg_at_1_diff1": 0.37148768160561324,
        "nauc_ndcg_at_1_max": 0.3465746309755329,
        "nauc_ndcg_at_1_std": 0.20038713925764007,
        "nauc_ndcg_at_20_diff1": 0.12958407215280468,
        "nauc_ndcg_at_20_max": 0.34003445758238937,
        "nauc_ndcg_at_20_std": 0.25454365533913514,
        "nauc_ndcg_at_3_diff1": 0.19475520317510292,
        "nauc_ndcg_at_3_max": 0.30924808516007146,
        "nauc_ndcg_at_3_std": 0.1892869835298201,
        "nauc_ndcg_at_5_diff1": 0.17950465785516734,
        "nauc_ndcg_at_5_max": 0.3296248544787154,
        "nauc_ndcg_at_5_std": 0.2298155902582833,
        "nauc_precision_at_1000_diff1": -0.12634708165827235,
        "nauc_precision_at_1000_max": 0.09062101585663677,
        "nauc_precision_at_1000_std": 0.2531196850644096,
        "nauc_precision_at_100_diff1": -0.06831728510383904,
        "nauc_precision_at_100_max": 0.2348514686609306,
        "nauc_precision_at_100_std": 0.37807267682336543,
        "nauc_precision_at_10_diff1": 0.013574476004542865,
        "nauc_precision_at_10_max": 0.3345689871350133,
        "nauc_precision_at_10_std": 0.33836769863033717,
        "nauc_precision_at_1_diff1": 0.36534790099438713,
        "nauc_precision_at_1_max": 0.36745421518968835,
        "nauc_precision_at_1_std": 0.1771211538730765,
        "nauc_precision_at_20_diff1": -0.002618873654508528,
        "nauc_precision_at_20_max": 0.3192582261189146,
        "nauc_precision_at_20_std": 0.3700191792924319,
        "nauc_precision_at_3_diff1": 0.10551925331051819,
        "nauc_precision_at_3_max": 0.33268035097678483,
        "nauc_precision_at_3_std": 0.21842367252877867,
        "nauc_precision_at_5_diff1": 0.08654043331187934,
        "nauc_precision_at_5_max": 0.3502143174030521,
        "nauc_precision_at_5_std": 0.28823233615757443,
        "nauc_recall_at_1000_diff1": -0.01955287764019811,
        "nauc_recall_at_1000_max": 0.22679834731645798,
        "nauc_recall_at_1000_std": 0.18480834054997056,
        "nauc_recall_at_100_diff1": 0.06785032217325451,
        "nauc_recall_at_100_max": 0.21011924414978803,
        "nauc_recall_at_100_std": 0.12692381393623486,
        "nauc_recall_at_10_diff1": 0.10326896428287173,
        "nauc_recall_at_10_max": 0.20369523125733902,
        "nauc_recall_at_10_std": 0.057557412974421525,
        "nauc_recall_at_1_diff1": 0.30633424277365784,
        "nauc_recall_at_1_max": 0.1792938357521412,
        "nauc_recall_at_1_std": -0.005693769643585324,
        "nauc_recall_at_20_diff1": 0.12177661877130945,
        "nauc_recall_at_20_max": 0.21173775163706943,
        "nauc_recall_at_20_std": 0.08041460068015112,
        "nauc_recall_at_3_diff1": 0.1649453443829296,
        "nauc_recall_at_3_max": 0.16202869742388257,
        "nauc_recall_at_3_std": -0.016454281341664885,
        "nauc_recall_at_5_diff1": 0.13814650812004384,
        "nauc_recall_at_5_max": 0.17699700967800752,
        "nauc_recall_at_5_std": 0.022439005296259844,
        "ndcg_at_1": 0.25542,
        "ndcg_at_10": 0.20935,
        "ndcg_at_100": 0.21181,
        "ndcg_at_1000": 0.31129,
        "ndcg_at_20": 0.20102,
        "ndcg_at_3": 0.2389,
        "ndcg_at_5": 0.22458,
        "precision_at_1": 0.27245,
        "precision_at_10": 0.15851,
        "precision_at_100": 0.05876,
        "precision_at_1000": 0.01924,
        "precision_at_20": 0.12399,
        "precision_at_3": 0.2322,
        "precision_at_5": 0.19876,
        "recall_at_1": 0.02857,
        "recall_at_10": 0.103,
        "recall_at_100": 0.24963,
        "recall_at_1000": 0.5939,
        "recall_at_20": 0.13413,
        "recall_at_3": 0.05811,
        "recall_at_5": 0.0781
      }
    ]
  },
  "task_name": "NFCorpus"
}