{
  "dataset_revision": "ec0fa4fe99da2ff19ca1214b7966684033a58814",
  "evaluation_time": 3.0093374252319336,
  "kg_co2_emissions": null,
  "mteb_version": "1.14.12",
  "scores": {
    "test": [
      {
        "hf_subset": "default",
        "languages": [
          "eng-Latn"
        ],
        "main_score": 0.05168,
        "map_at_1": 0.00362,
        "map_at_10": 0.00918,
        "map_at_100": 0.01416,
        "map_at_1000": 0.02107,
        "map_at_20": 0.01068,
        "map_at_3": 0.00662,
        "map_at_5": 0.00803,
        "mrr_at_1": 0.08359133126934984,
        "mrr_at_10": 0.1316772322964274,
        "mrr_at_100": 0.14233256207457948,
        "mrr_at_1000": 0.14370636619748056,
        "mrr_at_20": 0.13651720498103104,
        "mrr_at_3": 0.11351909184726523,
        "mrr_at_5": 0.12280701754385967,
        "nauc_map_at_1000_diff1": 0.11307101704889116,
        "nauc_map_at_1000_max": -0.07676565751045124,
        "nauc_map_at_1000_std": 0.28364371783305536,
        "nauc_map_at_100_diff1": 0.19066304392830974,
        "nauc_map_at_100_max": -0.1158850027627693,
        "nauc_map_at_100_std": 0.3434334653093467,
        "nauc_map_at_10_diff1": 0.23863544027593625,
        "nauc_map_at_10_max": -0.13636875593218506,
        "nauc_map_at_10_std": 0.3830594157322001,
        "nauc_map_at_1_diff1": 0.32083195248491264,
        "nauc_map_at_1_max": -0.17474845313537515,
        "nauc_map_at_1_std": 0.43331003872528556,
        "nauc_map_at_20_diff1": 0.23076102770666976,
        "nauc_map_at_20_max": -0.12567169317464563,
        "nauc_map_at_20_std": 0.3675973413028047,
        "nauc_map_at_3_diff1": 0.27805168727051277,
        "nauc_map_at_3_max": -0.15598757205882702,
        "nauc_map_at_3_std": 0.39928344297463897,
        "nauc_map_at_5_diff1": 0.23955122390534456,
        "nauc_map_at_5_max": -0.1575020340887923,
        "nauc_map_at_5_std": 0.3965622238045367,
        "nauc_mrr_at_1000_diff1": 0.009259802152566393,
        "nauc_mrr_at_1000_max": 0.04325052063261147,
        "nauc_mrr_at_1000_std": 0.17646171198073846,
        "nauc_mrr_at_100_diff1": 0.009286316935472562,
        "nauc_mrr_at_100_max": 0.043307646480695856,
        "nauc_mrr_at_100_std": 0.17621861533289568,
        "nauc_mrr_at_10_diff1": 0.006389733003073164,
        "nauc_mrr_at_10_max": 0.046540910175463635,
        "nauc_mrr_at_10_std": 0.17789858403851225,
        "nauc_mrr_at_1_diff1": 0.07300438213434533,
        "nauc_mrr_at_1_max": 0.022994862744726643,
        "nauc_mrr_at_1_std": 0.28005444002187013,
        "nauc_mrr_at_20_diff1": 0.009347150973494468,
        "nauc_mrr_at_20_max": 0.04325986549810793,
        "nauc_mrr_at_20_std": 0.1776604586929379,
        "nauc_mrr_at_3_diff1": 0.02166382871524931,
        "nauc_mrr_at_3_max": 0.038901604518312205,
        "nauc_mrr_at_3_std": 0.1970882568591821,
        "nauc_mrr_at_5_diff1": 0.016626448091262208,
        "nauc_mrr_at_5_max": 0.03539896115323843,
        "nauc_mrr_at_5_std": 0.19179839808205784,
        "nauc_ndcg_at_1000_diff1": 0.023367932980920443,
        "nauc_ndcg_at_1000_max": 0.027490448012351443,
        "nauc_ndcg_at_1000_std": 0.17909181570723418,
        "nauc_ndcg_at_100_diff1": 0.05260686169114845,
        "nauc_ndcg_at_100_max": -0.029654620322543918,
        "nauc_ndcg_at_100_std": 0.2154990076780333,
        "nauc_ndcg_at_10_diff1": -0.014982080812627856,
        "nauc_ndcg_at_10_max": 0.08495647957184149,
        "nauc_ndcg_at_10_std": 0.16811113120731205,
        "nauc_ndcg_at_1_diff1": 0.12466497552226337,
        "nauc_ndcg_at_1_max": 0.027340159052097572,
        "nauc_ndcg_at_1_std": 0.28713586969708343,
        "nauc_ndcg_at_20_diff1": 0.0008451558155079603,
        "nauc_ndcg_at_20_max": 0.046477777075576314,
        "nauc_ndcg_at_20_std": 0.17428907030293442,
        "nauc_ndcg_at_3_diff1": 0.024632327958500753,
        "nauc_ndcg_at_3_max": 0.07738869616355273,
        "nauc_ndcg_at_3_std": 0.18750280528981117,
        "nauc_ndcg_at_5_diff1": -0.0019390686147148484,
        "nauc_ndcg_at_5_max": 0.07472460038339455,
        "nauc_ndcg_at_5_std": 0.17762556658690168,
        "nauc_precision_at_1000_diff1": -0.2201301744848948,
        "nauc_precision_at_1000_max": 0.07776339328892201,
        "nauc_precision_at_1000_std": -0.06344165651041507,
        "nauc_precision_at_100_diff1": -0.14963821601491006,
        "nauc_precision_at_100_max": 0.044285631969072696,
        "nauc_precision_at_100_std": 0.03668614672645198,
        "nauc_precision_at_10_diff1": -0.06763037394657156,
        "nauc_precision_at_10_max": 0.13551203833876466,
        "nauc_precision_at_10_std": 0.0911306611316849,
        "nauc_precision_at_1_diff1": 0.07300438213434533,
        "nauc_precision_at_1_max": 0.022994862744726643,
        "nauc_precision_at_1_std": 0.28005444002187013,
        "nauc_precision_at_20_diff1": -0.07775457704369161,
        "nauc_precision_at_20_max": 0.08601590635492065,
        "nauc_precision_at_20_std": 0.07495093297313937,
        "nauc_precision_at_3_diff1": -0.023799870054376473,
        "nauc_precision_at_3_max": 0.09381454685014265,
        "nauc_precision_at_3_std": 0.15318262428277954,
        "nauc_precision_at_5_diff1": -0.031434059675453305,
        "nauc_precision_at_5_max": 0.09821836844452633,
        "nauc_precision_at_5_std": 0.14471141150249206,
        "nauc_recall_at_1000_diff1": 0.03992666536524838,
        "nauc_recall_at_1000_max": 0.00759377263469612,
        "nauc_recall_at_1000_std": 0.0921655989583206,
        "nauc_recall_at_100_diff1": 0.08780085327979967,
        "nauc_recall_at_100_max": -0.075956385051974,
        "nauc_recall_at_100_std": 0.164054410317033,
        "nauc_recall_at_10_diff1": 0.16127422825654159,
        "nauc_recall_at_10_max": -0.10167054329791912,
        "nauc_recall_at_10_std": 0.2869432806785408,
        "nauc_recall_at_1_diff1": 0.32083195248491264,
        "nauc_recall_at_1_max": -0.17474845313537515,
        "nauc_recall_at_1_std": 0.43331003872528556,
        "nauc_recall_at_20_diff1": 0.1448383167516513,
        "nauc_recall_at_20_max": -0.06409464867444638,
        "nauc_recall_at_20_std": 0.20110752834786408,
        "nauc_recall_at_3_diff1": 0.2037079983929098,
        "nauc_recall_at_3_max": -0.1583190399210863,
        "nauc_recall_at_3_std": 0.33556789680824434,
        "nauc_recall_at_5_diff1": 0.14478678257559097,
        "nauc_recall_at_5_max": -0.1678330509922677,
        "nauc_recall_at_5_std": 0.33017807977021996,
        "ndcg_at_1": 0.0743,
        "ndcg_at_10": 0.05168,
        "ndcg_at_100": 0.06537,
        "ndcg_at_1000": 0.16138,
        "ndcg_at_20": 0.04967,
        "ndcg_at_3": 0.06504,
        "ndcg_at_5": 0.06054,
        "precision_at_1": 0.08359,
        "precision_at_10": 0.04396,
        "precision_at_100": 0.02437,
        "precision_at_1000": 0.01403,
        "precision_at_20": 0.03467,
        "precision_at_3": 0.06914,
        "precision_at_5": 0.05882,
        "recall_at_1": 0.00362,
        "recall_at_10": 0.01808,
        "recall_at_100": 0.0889,
        "recall_at_1000": 0.42937,
        "recall_at_20": 0.03054,
        "recall_at_3": 0.00846,
        "recall_at_5": 0.01262
      }
    ]
  },
  "task_name": "NFCorpus"
}