{
  "dataset_revision": "ec0fa4fe99da2ff19ca1214b7966684033a58814",
  "evaluation_time": 2.989934206008911,
  "kg_co2_emissions": null,
  "mteb_version": "1.14.12",
  "scores": {
    "test": [
      {
        "hf_subset": "default",
        "languages": [
          "eng-Latn"
        ],
        "main_score": 0.19746,
        "map_at_1": 0.03159,
        "map_at_10": 0.06421,
        "map_at_100": 0.08056,
        "map_at_1000": 0.09155,
        "map_at_20": 0.07011,
        "map_at_3": 0.04852,
        "map_at_5": 0.05457,
        "mrr_at_1": 0.30340557275541796,
        "mrr_at_10": 0.36934370239323794,
        "mrr_at_100": 0.37768691248054304,
        "mrr_at_1000": 0.3783871421592802,
        "mrr_at_20": 0.37408819603355636,
        "mrr_at_3": 0.34984520123839,
        "mrr_at_5": 0.3616099071207429,
        "nauc_map_at_1000_diff1": 0.09726017583981682,
        "nauc_map_at_1000_max": 0.40390403200170094,
        "nauc_map_at_1000_std": -0.03952316578744008,
        "nauc_map_at_100_diff1": 0.10699254676139543,
        "nauc_map_at_100_max": 0.4045770467264016,
        "nauc_map_at_100_std": -0.047990446653173986,
        "nauc_map_at_10_diff1": 0.11272577368365916,
        "nauc_map_at_10_max": 0.3670990400242987,
        "nauc_map_at_10_std": -0.08957480725129152,
        "nauc_map_at_1_diff1": 0.1983182328989187,
        "nauc_map_at_1_max": 0.2009019378284482,
        "nauc_map_at_1_std": -0.18571986984265687,
        "nauc_map_at_20_diff1": 0.11747241519311169,
        "nauc_map_at_20_max": 0.38961597486652366,
        "nauc_map_at_20_std": -0.06637801463580345,
        "nauc_map_at_3_diff1": 0.14572088233211122,
        "nauc_map_at_3_max": 0.2681462327436139,
        "nauc_map_at_3_std": -0.14040514165204704,
        "nauc_map_at_5_diff1": 0.13306863041593095,
        "nauc_map_at_5_max": 0.316344147288491,
        "nauc_map_at_5_std": -0.1151440581807407,
        "nauc_mrr_at_1000_diff1": 0.24233778097757994,
        "nauc_mrr_at_1000_max": 0.45638688454900556,
        "nauc_mrr_at_1000_std": -0.07083105400777696,
        "nauc_mrr_at_100_diff1": 0.24246448408513752,
        "nauc_mrr_at_100_max": 0.456499838803606,
        "nauc_mrr_at_100_std": -0.07055551554550046,
        "nauc_mrr_at_10_diff1": 0.23782500526828368,
        "nauc_mrr_at_10_max": 0.45186546127256305,
        "nauc_mrr_at_10_std": -0.06937986623532591,
        "nauc_mrr_at_1_diff1": 0.26215669884609016,
        "nauc_mrr_at_1_max": 0.41762527841327934,
        "nauc_mrr_at_1_std": -0.05001606742595818,
        "nauc_mrr_at_20_diff1": 0.24087772358253198,
        "nauc_mrr_at_20_max": 0.45568487237655686,
        "nauc_mrr_at_20_std": -0.070112663138011,
        "nauc_mrr_at_3_diff1": 0.2597934289486423,
        "nauc_mrr_at_3_max": 0.45004396100816446,
        "nauc_mrr_at_3_std": -0.07147469545406714,
        "nauc_mrr_at_5_diff1": 0.24469924815573674,
        "nauc_mrr_at_5_max": 0.4510957658862011,
        "nauc_mrr_at_5_std": -0.06973791100465619,
        "nauc_ndcg_at_1000_diff1": 0.13432586660260912,
        "nauc_ndcg_at_1000_max": 0.5079899318014711,
        "nauc_ndcg_at_1000_std": -0.04578313589329568,
        "nauc_ndcg_at_100_diff1": 0.13212224764944394,
        "nauc_ndcg_at_100_max": 0.46132081857922475,
        "nauc_ndcg_at_100_std": -0.05448041646233126,
        "nauc_ndcg_at_10_diff1": 0.10721680574883553,
        "nauc_ndcg_at_10_max": 0.4225026399440263,
        "nauc_ndcg_at_10_std": -0.029938693274464353,
        "nauc_ndcg_at_1_diff1": 0.2639152070814859,
        "nauc_ndcg_at_1_max": 0.3876774171523862,
        "nauc_ndcg_at_1_std": -0.029800245121549416,
        "nauc_ndcg_at_20_diff1": 0.11787032744519135,
        "nauc_ndcg_at_20_max": 0.42628753959782245,
        "nauc_ndcg_at_20_std": -0.030941173375645045,
        "nauc_ndcg_at_3_diff1": 0.18061903068287882,
        "nauc_ndcg_at_3_max": 0.40415010596184,
        "nauc_ndcg_at_3_std": -0.047182917008315485,
        "nauc_ndcg_at_5_diff1": 0.1543471581219624,
        "nauc_ndcg_at_5_max": 0.4305359645523969,
        "nauc_ndcg_at_5_std": -0.025493616030456443,
        "nauc_precision_at_1000_diff1": -0.08168082904074546,
        "nauc_precision_at_1000_max": 0.03199443006133244,
        "nauc_precision_at_1000_std": -0.03412512312416694,
        "nauc_precision_at_100_diff1": -0.037350112279249746,
        "nauc_precision_at_100_max": 0.21978317823105048,
        "nauc_precision_at_100_std": 0.042663659211265116,
        "nauc_precision_at_10_diff1": -0.020084601586194715,
        "nauc_precision_at_10_max": 0.41594348191717345,
        "nauc_precision_at_10_std": 0.061346130616401116,
        "nauc_precision_at_1_diff1": 0.26215669884609016,
        "nauc_precision_at_1_max": 0.41762527841327934,
        "nauc_precision_at_1_std": -0.05001606742595818,
        "nauc_precision_at_20_diff1": -0.004642775127606997,
        "nauc_precision_at_20_max": 0.3802526252950199,
        "nauc_precision_at_20_std": 0.08511056225447396,
        "nauc_precision_at_3_diff1": 0.1298995431364747,
        "nauc_precision_at_3_max": 0.4434887301082064,
        "nauc_precision_at_3_std": -0.018653272025555126,
        "nauc_precision_at_5_diff1": 0.05724397490097536,
        "nauc_precision_at_5_max": 0.4658885826816003,
        "nauc_precision_at_5_std": 0.03862479105658749,
        "nauc_recall_at_1000_diff1": 0.06536152484594154,
        "nauc_recall_at_1000_max": 0.36255787620960456,
        "nauc_recall_at_1000_std": -0.060255633805745966,
        "nauc_recall_at_100_diff1": 0.1005772233102336,
        "nauc_recall_at_100_max": 0.3559716141439992,
        "nauc_recall_at_100_std": -0.06607714059798862,
        "nauc_recall_at_10_diff1": 0.07665877961523881,
        "nauc_recall_at_10_max": 0.37096839641371565,
        "nauc_recall_at_10_std": -0.1018793228891336,
        "nauc_recall_at_1_diff1": 0.1983182328989187,
        "nauc_recall_at_1_max": 0.2009019378284482,
        "nauc_recall_at_1_std": -0.18571986984265687,
        "nauc_recall_at_20_diff1": 0.10061058769410951,
        "nauc_recall_at_20_max": 0.38767591548110175,
        "nauc_recall_at_20_std": -0.07645029216437392,
        "nauc_recall_at_3_diff1": 0.13040482917037513,
        "nauc_recall_at_3_max": 0.26009917525156007,
        "nauc_recall_at_3_std": -0.13775016890372327,
        "nauc_recall_at_5_diff1": 0.1044882343996622,
        "nauc_recall_at_5_max": 0.3116914855923376,
        "nauc_recall_at_5_std": -0.11299948182854164,
        "ndcg_at_1": 0.28483,
        "ndcg_at_10": 0.19746,
        "ndcg_at_100": 0.19273,
        "ndcg_at_1000": 0.28234,
        "ndcg_at_20": 0.18302,
        "ndcg_at_3": 0.23825,
        "ndcg_at_5": 0.21591,
        "precision_at_1": 0.30341,
        "precision_at_10": 0.14675,
        "precision_at_100": 0.05313,
        "precision_at_1000": 0.0177,
        "precision_at_20": 0.10882,
        "precision_at_3": 0.22394,
        "precision_at_5": 0.18576,
        "recall_at_1": 0.03159,
        "recall_at_10": 0.08766,
        "recall_at_100": 0.20457,
        "recall_at_1000": 0.51656,
        "recall_at_20": 0.10924,
        "recall_at_3": 0.05569,
        "recall_at_5": 0.06551
      }
    ]
  },
  "task_name": "NFCorpus"
}