{
  "dataset_revision": "ec0fa4fe99da2ff19ca1214b7966684033a58814",
  "evaluation_time": 3.019331693649292,
  "kg_co2_emissions": null,
  "mteb_version": "1.14.12",
  "scores": {
    "test": [
      {
        "hf_subset": "default",
        "languages": [
          "eng-Latn"
        ],
        "main_score": 0.06057,
        "map_at_1": 0.00564,
        "map_at_10": 0.01324,
        "map_at_100": 0.0208,
        "map_at_1000": 0.02848,
        "map_at_20": 0.01613,
        "map_at_3": 0.00845,
        "map_at_5": 0.01061,
        "mrr_at_1": 0.08359133126934984,
        "mrr_at_10": 0.12633667502088555,
        "mrr_at_100": 0.139346722073558,
        "mrr_at_1000": 0.1405861812784119,
        "mrr_at_20": 0.13372765118935895,
        "mrr_at_3": 0.10423116615067078,
        "mrr_at_5": 0.11460268317853453,
        "nauc_map_at_1000_diff1": 0.047089820018473935,
        "nauc_map_at_1000_max": 0.027568716864951267,
        "nauc_map_at_1000_std": 0.17570093402347203,
        "nauc_map_at_100_diff1": 0.05960321439742114,
        "nauc_map_at_100_max": 0.009439659478201906,
        "nauc_map_at_100_std": 0.20688492576055198,
        "nauc_map_at_10_diff1": 0.06966307537382942,
        "nauc_map_at_10_max": -0.005409644673417161,
        "nauc_map_at_10_std": 0.18692506120809896,
        "nauc_map_at_1_diff1": 0.05630635070289051,
        "nauc_map_at_1_max": -0.14142470494440004,
        "nauc_map_at_1_std": 0.12310487959100375,
        "nauc_map_at_20_diff1": 0.06724676387656252,
        "nauc_map_at_20_max": -0.002343815656241873,
        "nauc_map_at_20_std": 0.19199442887413978,
        "nauc_map_at_3_diff1": 0.06154091479223363,
        "nauc_map_at_3_max": -0.039896000468624924,
        "nauc_map_at_3_std": 0.15331978451318506,
        "nauc_map_at_5_diff1": 0.06275670221168185,
        "nauc_map_at_5_max": -0.04035983456607397,
        "nauc_map_at_5_std": 0.1697310215974582,
        "nauc_mrr_at_1000_diff1": 0.10232707890140028,
        "nauc_mrr_at_1000_max": 0.10546961880903145,
        "nauc_mrr_at_1000_std": 0.09973979668046003,
        "nauc_mrr_at_100_diff1": 0.10206838288458606,
        "nauc_mrr_at_100_max": 0.10539871931725925,
        "nauc_mrr_at_100_std": 0.09968689102893405,
        "nauc_mrr_at_10_diff1": 0.10802798409700777,
        "nauc_mrr_at_10_max": 0.10579890480598068,
        "nauc_mrr_at_10_std": 0.10666839352314537,
        "nauc_mrr_at_1_diff1": 0.1734774416786898,
        "nauc_mrr_at_1_max": 0.0803472343907037,
        "nauc_mrr_at_1_std": 0.2015890034287359,
        "nauc_mrr_at_20_diff1": 0.10200085812378902,
        "nauc_mrr_at_20_max": 0.10064636276426528,
        "nauc_mrr_at_20_std": 0.10092373897006804,
        "nauc_mrr_at_3_diff1": 0.12646883869812217,
        "nauc_mrr_at_3_max": 0.09357118912761776,
        "nauc_mrr_at_3_std": 0.13491155574320138,
        "nauc_mrr_at_5_diff1": 0.10937769348469008,
        "nauc_mrr_at_5_max": 0.09245728183819328,
        "nauc_mrr_at_5_std": 0.127221978717077,
        "nauc_ndcg_at_1000_diff1": 0.005073674038585024,
        "nauc_ndcg_at_1000_max": 0.15109349116571033,
        "nauc_ndcg_at_1000_std": 0.0308789890436614,
        "nauc_ndcg_at_100_diff1": 0.025051613556718425,
        "nauc_ndcg_at_100_max": 0.0769670205100992,
        "nauc_ndcg_at_100_std": 0.12221804190682128,
        "nauc_ndcg_at_10_diff1": 0.08372813831131555,
        "nauc_ndcg_at_10_max": 0.11711481956845388,
        "nauc_ndcg_at_10_std": 0.15887898822702254,
        "nauc_ndcg_at_1_diff1": 0.1640615746980906,
        "nauc_ndcg_at_1_max": 0.07086889306474412,
        "nauc_ndcg_at_1_std": 0.21972408194784,
        "nauc_ndcg_at_20_diff1": 0.037365118860677705,
        "nauc_ndcg_at_20_max": 0.08673384811781308,
        "nauc_ndcg_at_20_std": 0.12920114584180833,
        "nauc_ndcg_at_3_diff1": 0.11323715837162214,
        "nauc_ndcg_at_3_max": 0.10242261641163009,
        "nauc_ndcg_at_3_std": 0.18469999449947633,
        "nauc_ndcg_at_5_diff1": 0.09020088206919145,
        "nauc_ndcg_at_5_max": 0.09814575857339888,
        "nauc_ndcg_at_5_std": 0.19106324219044146,
        "nauc_precision_at_1000_diff1": -0.05944147907269264,
        "nauc_precision_at_1000_max": 0.09529384215909252,
        "nauc_precision_at_1000_std": -0.10202786728391405,
        "nauc_precision_at_100_diff1": -0.005170989081116104,
        "nauc_precision_at_100_max": 0.09452763082964614,
        "nauc_precision_at_100_std": 0.06028520112307631,
        "nauc_precision_at_10_diff1": 0.07206272988458255,
        "nauc_precision_at_10_max": 0.14897127294570453,
        "nauc_precision_at_10_std": 0.13929273821111177,
        "nauc_precision_at_1_diff1": 0.1734774416786898,
        "nauc_precision_at_1_max": 0.0803472343907037,
        "nauc_precision_at_1_std": 0.2015890034287359,
        "nauc_precision_at_20_diff1": 0.049045882939031116,
        "nauc_precision_at_20_max": 0.10625573516142718,
        "nauc_precision_at_20_std": 0.11633657946656276,
        "nauc_precision_at_3_diff1": 0.10502687132255455,
        "nauc_precision_at_3_max": 0.12110407703068216,
        "nauc_precision_at_3_std": 0.17023897108771097,
        "nauc_precision_at_5_diff1": 0.04679918519468771,
        "nauc_precision_at_5_max": 0.11709873941577191,
        "nauc_precision_at_5_std": 0.17189529027697467,
        "nauc_recall_at_1000_diff1": -0.05804644127834616,
        "nauc_recall_at_1000_max": 0.1386251377873785,
        "nauc_recall_at_1000_std": -0.0493472934318301,
        "nauc_recall_at_100_diff1": -0.06190931397882306,
        "nauc_recall_at_100_max": 0.0462742192486746,
        "nauc_recall_at_100_std": 0.06454098123442412,
        "nauc_recall_at_10_diff1": -0.005884949919827586,
        "nauc_recall_at_10_max": 0.1003493845230666,
        "nauc_recall_at_10_std": 0.057502259442676576,
        "nauc_recall_at_1_diff1": 0.05630635070289051,
        "nauc_recall_at_1_max": -0.14142470494440004,
        "nauc_recall_at_1_std": 0.12310487959100375,
        "nauc_recall_at_20_diff1": -0.060159191284936034,
        "nauc_recall_at_20_max": 0.07248658763896244,
        "nauc_recall_at_20_std": 0.03424799644499323,
        "nauc_recall_at_3_diff1": -0.00029324732072245647,
        "nauc_recall_at_3_max": 0.07445868478918165,
        "nauc_recall_at_3_std": 0.0820713059721076,
        "nauc_recall_at_5_diff1": 0.012102915369120231,
        "nauc_recall_at_5_max": 0.041169089924230504,
        "nauc_recall_at_5_std": 0.09527005084912636,
        "ndcg_at_1": 0.07895,
        "ndcg_at_10": 0.06057,
        "ndcg_at_100": 0.07968,
        "ndcg_at_1000": 0.17763,
        "ndcg_at_20": 0.06297,
        "ndcg_at_3": 0.06465,
        "ndcg_at_5": 0.06176,
        "precision_at_1": 0.08359,
        "precision_at_10": 0.0517,
        "precision_at_100": 0.02833,
        "precision_at_1000": 0.01526,
        "precision_at_20": 0.04567,
        "precision_at_3": 0.06295,
        "precision_at_5": 0.05759,
        "recall_at_1": 0.00564,
        "recall_at_10": 0.02673,
        "recall_at_100": 0.12016,
        "recall_at_1000": 0.44537,
        "recall_at_20": 0.04656,
        "recall_at_3": 0.01056,
        "recall_at_5": 0.01567
      }
    ]
  },
  "task_name": "NFCorpus"
}