{
  "dataset_revision": "ec0fa4fe99da2ff19ca1214b7966684033a58814",
  "evaluation_time": 3.0298666954040527,
  "kg_co2_emissions": null,
  "mteb_version": "1.14.12",
  "scores": {
    "test": [
      {
        "hf_subset": "default",
        "languages": [
          "eng-Latn"
        ],
        "main_score": 0.01269,
        "map_at_1": 0.00023,
        "map_at_10": 0.00084,
        "map_at_100": 0.00195,
        "map_at_1000": 0.00603,
        "map_at_20": 0.00119,
        "map_at_3": 0.00044,
        "map_at_5": 0.00053,
        "mrr_at_1": 0.006191950464396285,
        "mrr_at_10": 0.031045751633986925,
        "mrr_at_100": 0.040389614614780696,
        "mrr_at_1000": 0.04220186707797301,
        "mrr_at_20": 0.034406882651737865,
        "mrr_at_3": 0.017543859649122806,
        "mrr_at_5": 0.023581011351909185,
        "nauc_map_at_1000_diff1": 0.09799012835084366,
        "nauc_map_at_1000_max": -0.16422732050138314,
        "nauc_map_at_1000_std": 0.19813509468164564,
        "nauc_map_at_100_diff1": 0.13988239900891017,
        "nauc_map_at_100_max": -0.15530149299798168,
        "nauc_map_at_100_std": 0.2825067086066107,
        "nauc_map_at_10_diff1": -0.05233201081338198,
        "nauc_map_at_10_max": -0.10077384930552744,
        "nauc_map_at_10_std": 0.14858099831632654,
        "nauc_map_at_1_diff1": -0.4446586463789871,
        "nauc_map_at_1_max": -0.22221720202770742,
        "nauc_map_at_1_std": 0.08595071896851617,
        "nauc_map_at_20_diff1": 0.03216406293879589,
        "nauc_map_at_20_max": -0.11862152297464724,
        "nauc_map_at_20_std": 0.22459326276732963,
        "nauc_map_at_3_diff1": -0.16131770719271626,
        "nauc_map_at_3_max": -0.047657776998451036,
        "nauc_map_at_3_std": 0.1914209842934183,
        "nauc_map_at_5_diff1": -0.15447311304798597,
        "nauc_map_at_5_max": -0.06267402388490047,
        "nauc_map_at_5_std": 0.11374307512133526,
        "nauc_mrr_at_1000_diff1": -0.004358638542677669,
        "nauc_mrr_at_1000_max": -0.03603829293453405,
        "nauc_mrr_at_1000_std": 0.009647118794523648,
        "nauc_mrr_at_100_diff1": -0.0008090590180855013,
        "nauc_mrr_at_100_max": -0.03736900466047737,
        "nauc_mrr_at_100_std": 0.01260929717508386,
        "nauc_mrr_at_10_diff1": -0.019645783351513808,
        "nauc_mrr_at_10_max": -0.03277788390846198,
        "nauc_mrr_at_10_std": -0.009716128765627706,
        "nauc_mrr_at_1_diff1": 0.3410462259076076,
        "nauc_mrr_at_1_max": -0.38967833639277094,
        "nauc_mrr_at_1_std": 0.04271057303687016,
        "nauc_mrr_at_20_diff1": -0.01541332615774685,
        "nauc_mrr_at_20_max": -0.02869538758631916,
        "nauc_mrr_at_20_std": 0.005308048299353189,
        "nauc_mrr_at_3_diff1": -0.03475545879619076,
        "nauc_mrr_at_3_max": 0.015090731026048859,
        "nauc_mrr_at_3_std": -0.017555619193094278,
        "nauc_mrr_at_5_diff1": -0.06416198534408081,
        "nauc_mrr_at_5_max": 0.011177532689309015,
        "nauc_mrr_at_5_std": -0.020318111794331198,
        "nauc_ndcg_at_1000_diff1": 0.0885555892530285,
        "nauc_ndcg_at_1000_max": -0.09734258053326668,
        "nauc_ndcg_at_1000_std": 0.09820767516186034,
        "nauc_ndcg_at_100_diff1": 0.1196500285886917,
        "nauc_ndcg_at_100_max": -0.1492314064393966,
        "nauc_ndcg_at_100_std": 0.18065544364293187,
        "nauc_ndcg_at_10_diff1": -0.07073115755351705,
        "nauc_ndcg_at_10_max": -0.06064827321981376,
        "nauc_ndcg_at_10_std": -0.039214189856340204,
        "nauc_ndcg_at_1_diff1": -0.11640358631717979,
        "nauc_ndcg_at_1_max": -0.22146936889932178,
        "nauc_ndcg_at_1_std": -0.005274914184501312,
        "nauc_ndcg_at_20_diff1": -0.02956518876587355,
        "nauc_ndcg_at_20_max": -0.07390356821977652,
        "nauc_ndcg_at_20_std": 0.05030315158574481,
        "nauc_ndcg_at_3_diff1": -0.14829753347387709,
        "nauc_ndcg_at_3_max": -0.02739391143766316,
        "nauc_ndcg_at_3_std": -0.07679357898463814,
        "nauc_ndcg_at_5_diff1": -0.13800083953353182,
        "nauc_ndcg_at_5_max": -0.009814146366888234,
        "nauc_ndcg_at_5_std": -0.06288457797252957,
        "nauc_precision_at_1000_diff1": -0.03606826289797345,
        "nauc_precision_at_1000_max": -0.12031275504698973,
        "nauc_precision_at_1000_std": 0.02764674577127971,
        "nauc_precision_at_100_diff1": 0.06117370019092708,
        "nauc_precision_at_100_max": -0.13567374268332447,
        "nauc_precision_at_100_std": 0.09156549863149822,
        "nauc_precision_at_10_diff1": -0.05644561965175793,
        "nauc_precision_at_10_max": -0.03732580107151811,
        "nauc_precision_at_10_std": -0.05857261816931971,
        "nauc_precision_at_1_diff1": -0.11640358631717979,
        "nauc_precision_at_1_max": -0.22146936889932178,
        "nauc_precision_at_1_std": -0.005274914184501312,
        "nauc_precision_at_20_diff1": -0.0035092701938783354,
        "nauc_precision_at_20_max": -0.05197126028414597,
        "nauc_precision_at_20_std": 0.04245751198074835,
        "nauc_precision_at_3_diff1": -0.12140449658075901,
        "nauc_precision_at_3_max": 0.06944796898903001,
        "nauc_precision_at_3_std": -0.07519314310550465,
        "nauc_precision_at_5_diff1": -0.1255197175815078,
        "nauc_precision_at_5_max": 0.046354830829306505,
        "nauc_precision_at_5_std": -0.08215597473360317,
        "nauc_recall_at_1000_diff1": 0.027663292124074354,
        "nauc_recall_at_1000_max": -0.012347315207212153,
        "nauc_recall_at_1000_std": 0.015046855337627493,
        "nauc_recall_at_100_diff1": 0.2266988160656819,
        "nauc_recall_at_100_max": -0.1591371328976664,
        "nauc_recall_at_100_std": 0.2652814098068856,
        "nauc_recall_at_10_diff1": 0.06975916259234921,
        "nauc_recall_at_10_max": -0.11281982038224168,
        "nauc_recall_at_10_std": 0.18842568998736212,
        "nauc_recall_at_1_diff1": -0.4446586463789871,
        "nauc_recall_at_1_max": -0.22221720202770742,
        "nauc_recall_at_1_std": 0.08595071896851617,
        "nauc_recall_at_20_diff1": 0.09129731153475609,
        "nauc_recall_at_20_max": -0.11319522902201926,
        "nauc_recall_at_20_std": 0.2555906095880021,
        "nauc_recall_at_3_diff1": 0.004811258915292698,
        "nauc_recall_at_3_max": 0.05693568528092665,
        "nauc_recall_at_3_std": 0.2791265886527846,
        "nauc_recall_at_5_diff1": -0.026627747559204117,
        "nauc_recall_at_5_max": -0.0019400233207007983,
        "nauc_recall_at_5_std": 0.1195094723242573,
        "ndcg_at_1": 0.01238,
        "ndcg_at_10": 0.01269,
        "ndcg_at_100": 0.01963,
        "ndcg_at_1000": 0.10239,
        "ndcg_at_20": 0.01321,
        "ndcg_at_3": 0.01122,
        "ndcg_at_5": 0.01144,
        "precision_at_1": 0.01238,
        "precision_at_10": 0.01424,
        "precision_at_100": 0.01189,
        "precision_at_1000": 0.01137,
        "precision_at_20": 0.01331,
        "precision_at_3": 0.01238,
        "precision_at_5": 0.013,
        "recall_at_1": 0.00023,
        "recall_at_10": 0.00357,
        "recall_at_100": 0.02687,
        "recall_at_1000": 0.3161,
        "recall_at_20": 0.00741,
        "recall_at_3": 0.00082,
        "recall_at_5": 0.00122
      }
    ]
  },
  "task_name": "NFCorpus"
}