{
  "dataset_revision": "ec0fa4fe99da2ff19ca1214b7966684033a58814",
  "evaluation_time": 3.006211042404175,
  "kg_co2_emissions": null,
  "mteb_version": "1.14.12",
  "scores": {
    "test": [
      {
        "hf_subset": "default",
        "languages": [
          "eng-Latn"
        ],
        "main_score": 0.01245,
        "map_at_1": 6e-05,
        "map_at_10": 0.00081,
        "map_at_100": 0.00257,
        "map_at_1000": 0.00736,
        "map_at_20": 0.00127,
        "map_at_3": 0.00029,
        "map_at_5": 0.00046,
        "mrr_at_1": 0.009287925696594427,
        "mrr_at_10": 0.031032237456386065,
        "mrr_at_100": 0.043111808855860134,
        "mrr_at_1000": 0.04464844259366771,
        "mrr_at_20": 0.03612627260498417,
        "mrr_at_3": 0.016511867905056758,
        "mrr_at_5": 0.02131062951496388,
        "nauc_map_at_1000_diff1": -0.052597083208158875,
        "nauc_map_at_1000_max": 0.031062863097156085,
        "nauc_map_at_1000_std": -0.07026950008447452,
        "nauc_map_at_100_diff1": -0.08101335281879397,
        "nauc_map_at_100_max": -0.04556494370659374,
        "nauc_map_at_100_std": 0.015052973746721774,
        "nauc_map_at_10_diff1": -0.06723901177726768,
        "nauc_map_at_10_max": -0.21332651833856914,
        "nauc_map_at_10_std": 0.0721639131664653,
        "nauc_map_at_1_diff1": 0.6865175528293466,
        "nauc_map_at_1_max": -0.4185881774180517,
        "nauc_map_at_1_std": 0.5983733490180255,
        "nauc_map_at_20_diff1": -0.035233151096195424,
        "nauc_map_at_20_max": -0.15223434915810102,
        "nauc_map_at_20_std": 0.06462919319904843,
        "nauc_map_at_3_diff1": 0.02547370870419315,
        "nauc_map_at_3_max": -0.15632403905839112,
        "nauc_map_at_3_std": -0.1413087711093479,
        "nauc_map_at_5_diff1": -0.08133310422025566,
        "nauc_map_at_5_max": -0.2238284718938661,
        "nauc_map_at_5_std": -0.016969693146020544,
        "nauc_mrr_at_1000_diff1": 0.07332568419436118,
        "nauc_mrr_at_1000_max": -0.06179069906115832,
        "nauc_mrr_at_1000_std": 0.04443098692258642,
        "nauc_mrr_at_100_diff1": 0.07294702488612083,
        "nauc_mrr_at_100_max": -0.060316643437752525,
        "nauc_mrr_at_100_std": 0.045169381168994584,
        "nauc_mrr_at_10_diff1": 0.10985534732603186,
        "nauc_mrr_at_10_max": -0.10396738662971583,
        "nauc_mrr_at_10_std": 0.06651713302153374,
        "nauc_mrr_at_1_diff1": 0.5860856720158455,
        "nauc_mrr_at_1_max": -0.32828664900970556,
        "nauc_mrr_at_1_std": 0.342974285490484,
        "nauc_mrr_at_20_diff1": 0.09421077799000684,
        "nauc_mrr_at_20_max": -0.080376153906963,
        "nauc_mrr_at_20_std": 0.07036172624055641,
        "nauc_mrr_at_3_diff1": 0.2728616618705016,
        "nauc_mrr_at_3_max": -0.17378241095328342,
        "nauc_mrr_at_3_std": 0.0635179645875859,
        "nauc_mrr_at_5_diff1": 0.16589212174245724,
        "nauc_mrr_at_5_max": -0.2120882290043692,
        "nauc_mrr_at_5_std": 0.0944963552172629,
        "nauc_ndcg_at_1000_diff1": -0.08043044965353054,
        "nauc_ndcg_at_1000_max": 0.05493704971553245,
        "nauc_ndcg_at_1000_std": -0.12278389405113715,
        "nauc_ndcg_at_100_diff1": -0.06388860897928661,
        "nauc_ndcg_at_100_max": 0.05613822871871301,
        "nauc_ndcg_at_100_std": -0.048083836598863304,
        "nauc_ndcg_at_10_diff1": 0.10139580562732034,
        "nauc_ndcg_at_10_max": -0.025627506120019513,
        "nauc_ndcg_at_10_std": 0.04597611277821936,
        "nauc_ndcg_at_1_diff1": 0.5860856720158455,
        "nauc_ndcg_at_1_max": -0.32828664900970556,
        "nauc_ndcg_at_1_std": 0.342974285490484,
        "nauc_ndcg_at_20_diff1": 0.019484068465824133,
        "nauc_ndcg_at_20_max": -0.006131994570351502,
        "nauc_ndcg_at_20_std": -0.0002007674172820788,
        "nauc_ndcg_at_3_diff1": 0.25895129778098563,
        "nauc_ndcg_at_3_max": -0.16726406251212006,
        "nauc_ndcg_at_3_std": 0.022211618492365616,
        "nauc_ndcg_at_5_diff1": 0.14901608128082208,
        "nauc_ndcg_at_5_max": -0.19863124285192632,
        "nauc_ndcg_at_5_std": 0.03614760231357675,
        "nauc_precision_at_1000_diff1": -0.037518618514377836,
        "nauc_precision_at_1000_max": 0.13421134219184946,
        "nauc_precision_at_1000_std": -0.14175175080431793,
        "nauc_precision_at_100_diff1": -0.06843132663637808,
        "nauc_precision_at_100_max": 0.08258556037171609,
        "nauc_precision_at_100_std": -0.07556422324832308,
        "nauc_precision_at_10_diff1": 0.014312893084037628,
        "nauc_precision_at_10_max": 0.026258258817815402,
        "nauc_precision_at_10_std": 0.030522306418000533,
        "nauc_precision_at_1_diff1": 0.5860856720158455,
        "nauc_precision_at_1_max": -0.32828664900970556,
        "nauc_precision_at_1_std": 0.342974285490484,
        "nauc_precision_at_20_diff1": -0.034087716286301174,
        "nauc_precision_at_20_max": 0.032327721901540304,
        "nauc_precision_at_20_std": -0.004062262587039862,
        "nauc_precision_at_3_diff1": 0.15639525612639335,
        "nauc_precision_at_3_max": -0.12557368714225237,
        "nauc_precision_at_3_std": -0.06237501214265587,
        "nauc_precision_at_5_diff1": 0.009330960930182607,
        "nauc_precision_at_5_max": -0.20316112071395273,
        "nauc_precision_at_5_std": 0.015798205007062707,
        "nauc_recall_at_1000_diff1": -0.04575428310911529,
        "nauc_recall_at_1000_max": 0.0220704224800208,
        "nauc_recall_at_1000_std": -0.09250720816068889,
        "nauc_recall_at_100_diff1": -0.0699668943916928,
        "nauc_recall_at_100_max": 0.08572523421922468,
        "nauc_recall_at_100_std": -0.06150177424200162,
        "nauc_recall_at_10_diff1": -0.09631116373592744,
        "nauc_recall_at_10_max": -0.1825061341278779,
        "nauc_recall_at_10_std": 0.09434825328646157,
        "nauc_recall_at_1_diff1": 0.6865175528293466,
        "nauc_recall_at_1_max": -0.4185881774180517,
        "nauc_recall_at_1_std": 0.5983733490180255,
        "nauc_recall_at_20_diff1": -0.040946057445034066,
        "nauc_recall_at_20_max": -0.04703734868088677,
        "nauc_recall_at_20_std": -0.007402306884685399,
        "nauc_recall_at_3_diff1": -0.04993811634598993,
        "nauc_recall_at_3_max": -0.13679318483389002,
        "nauc_recall_at_3_std": -0.2099291312891629,
        "nauc_recall_at_5_diff1": -0.19442318142209264,
        "nauc_recall_at_5_max": -0.2442312408334222,
        "nauc_recall_at_5_std": 0.009691508301814361,
        "ndcg_at_1": 0.00929,
        "ndcg_at_10": 0.01245,
        "ndcg_at_100": 0.02698,
        "ndcg_at_1000": 0.11606,
        "ndcg_at_20": 0.01483,
        "ndcg_at_3": 0.00919,
        "ndcg_at_5": 0.00952,
        "precision_at_1": 0.00929,
        "precision_at_10": 0.01486,
        "precision_at_100": 0.0143,
        "precision_at_1000": 0.01219,
        "precision_at_20": 0.01563,
        "precision_at_3": 0.00929,
        "precision_at_5": 0.01053,
        "recall_at_1": 6e-05,
        "recall_at_10": 0.00359,
        "recall_at_100": 0.0448,
        "recall_at_1000": 0.35238,
        "recall_at_20": 0.00916,
        "recall_at_3": 0.00054,
        "recall_at_5": 0.00124
      }
    ]
  },
  "task_name": "NFCorpus"
}