{
  "dataset_revision": "ec0fa4fe99da2ff19ca1214b7966684033a58814",
  "evaluation_time": 3.0004167556762695,
  "kg_co2_emissions": null,
  "mteb_version": "1.14.12",
  "scores": {
    "test": [
      {
        "hf_subset": "default",
        "languages": [
          "eng-Latn"
        ],
        "main_score": 0.06454,
        "map_at_1": 0.00379,
        "map_at_10": 0.01369,
        "map_at_100": 0.02083,
        "map_at_1000": 0.02846,
        "map_at_20": 0.01635,
        "map_at_3": 0.00848,
        "map_at_5": 0.01003,
        "mrr_at_1": 0.07430340557275542,
        "mrr_at_10": 0.12959482038429407,
        "mrr_at_100": 0.14363059922212812,
        "mrr_at_1000": 0.14478285128149437,
        "mrr_at_20": 0.13797948727917872,
        "mrr_at_3": 0.10835913312693496,
        "mrr_at_5": 0.11857585139318887,
        "nauc_map_at_1000_diff1": 0.0838109692740714,
        "nauc_map_at_1000_max": 0.033118533954096946,
        "nauc_map_at_1000_std": 0.06281062511007429,
        "nauc_map_at_100_diff1": 0.13640498495655934,
        "nauc_map_at_100_max": 0.0003878371532995745,
        "nauc_map_at_100_std": 0.10530707969630664,
        "nauc_map_at_10_diff1": 0.17484188516252527,
        "nauc_map_at_10_max": 0.018785138600770163,
        "nauc_map_at_10_std": 0.07733964197781272,
        "nauc_map_at_1_diff1": 0.5271230006875698,
        "nauc_map_at_1_max": -0.19028600167088652,
        "nauc_map_at_1_std": 0.2160247262246894,
        "nauc_map_at_20_diff1": 0.15277342864173055,
        "nauc_map_at_20_max": -0.006896547470400939,
        "nauc_map_at_20_std": 0.09660821816597781,
        "nauc_map_at_3_diff1": 0.180507459876713,
        "nauc_map_at_3_max": 0.0885597719550288,
        "nauc_map_at_3_std": 0.023679500359668627,
        "nauc_map_at_5_diff1": 0.15796789429319094,
        "nauc_map_at_5_max": 0.07420257463480903,
        "nauc_map_at_5_std": 0.03634682456817855,
        "nauc_mrr_at_1000_diff1": 0.09513924177592965,
        "nauc_mrr_at_1000_max": 0.06092025509636704,
        "nauc_mrr_at_1000_std": 0.033311515832921856,
        "nauc_mrr_at_100_diff1": 0.094808674676595,
        "nauc_mrr_at_100_max": 0.06149550234042543,
        "nauc_mrr_at_100_std": 0.03269973183824832,
        "nauc_mrr_at_10_diff1": 0.10779641017423852,
        "nauc_mrr_at_10_max": 0.04706391336926314,
        "nauc_mrr_at_10_std": 0.050432704856542374,
        "nauc_mrr_at_1_diff1": 0.22509890232325436,
        "nauc_mrr_at_1_max": -0.0072955824318876985,
        "nauc_mrr_at_1_std": 0.12921134437150636,
        "nauc_mrr_at_20_diff1": 0.09567976277622975,
        "nauc_mrr_at_20_max": 0.05001336978679337,
        "nauc_mrr_at_20_std": 0.042149947670277674,
        "nauc_mrr_at_3_diff1": 0.12209969123551995,
        "nauc_mrr_at_3_max": 0.04107367563773401,
        "nauc_mrr_at_3_std": 0.06984111703551985,
        "nauc_mrr_at_5_diff1": 0.12673456360358143,
        "nauc_mrr_at_5_max": 0.03519567158126249,
        "nauc_mrr_at_5_std": 0.07198331030632585,
        "nauc_ndcg_at_1000_diff1": -0.05233913527483236,
        "nauc_ndcg_at_1000_max": 0.1576739534112868,
        "nauc_ndcg_at_1000_std": -0.08218776301112231,
        "nauc_ndcg_at_100_diff1": 0.024494499405813736,
        "nauc_ndcg_at_100_max": 0.07659987692175231,
        "nauc_ndcg_at_100_std": -0.0001149824085576962,
        "nauc_ndcg_at_10_diff1": 0.07759651391805326,
        "nauc_ndcg_at_10_max": 0.04816759309079615,
        "nauc_ndcg_at_10_std": 0.054946290645122124,
        "nauc_ndcg_at_1_diff1": 0.22569508306022024,
        "nauc_ndcg_at_1_max": -0.0045667114523882096,
        "nauc_ndcg_at_1_std": 0.1342004711600186,
        "nauc_ndcg_at_20_diff1": 0.042888108874374865,
        "nauc_ndcg_at_20_max": 0.0358387014725649,
        "nauc_ndcg_at_20_std": 0.03996897020492534,
        "nauc_ndcg_at_3_diff1": 0.08392320821225122,
        "nauc_ndcg_at_3_max": 0.032110108848420665,
        "nauc_ndcg_at_3_std": 0.0980770609807972,
        "nauc_ndcg_at_5_diff1": 0.08747680145158372,
        "nauc_ndcg_at_5_max": 0.028387786533807666,
        "nauc_ndcg_at_5_std": 0.09299809600890757,
        "nauc_precision_at_1000_diff1": -0.1541338367485567,
        "nauc_precision_at_1000_max": 0.18145808078298267,
        "nauc_precision_at_1000_std": -0.19198791024761983,
        "nauc_precision_at_100_diff1": -0.10079170105754101,
        "nauc_precision_at_100_max": 0.10598124823665998,
        "nauc_precision_at_100_std": -0.07629727102905935,
        "nauc_precision_at_10_diff1": 0.015826422008042493,
        "nauc_precision_at_10_max": 0.04141039943930049,
        "nauc_precision_at_10_std": 0.02805910856563251,
        "nauc_precision_at_1_diff1": 0.22509890232325436,
        "nauc_precision_at_1_max": -0.0072955824318876985,
        "nauc_precision_at_1_std": 0.12921134437150636,
        "nauc_precision_at_20_diff1": -0.033296741591903406,
        "nauc_precision_at_20_max": 0.035790271151630804,
        "nauc_precision_at_20_std": 0.01888769100279391,
        "nauc_precision_at_3_diff1": 0.033004752880385,
        "nauc_precision_at_3_max": 0.05404048550819815,
        "nauc_precision_at_3_std": 0.05990138869842383,
        "nauc_precision_at_5_diff1": 0.03323065637466548,
        "nauc_precision_at_5_max": 0.02524480605184729,
        "nauc_precision_at_5_std": 0.07114157626907176,
        "nauc_recall_at_1000_diff1": -0.05665518470144446,
        "nauc_recall_at_1000_max": 0.15937300038959346,
        "nauc_recall_at_1000_std": -0.09733418488457246,
        "nauc_recall_at_100_diff1": -0.01949710194220542,
        "nauc_recall_at_100_max": 0.04319137158725381,
        "nauc_recall_at_100_std": -0.02148353667973975,
        "nauc_recall_at_10_diff1": 0.10249782738321707,
        "nauc_recall_at_10_max": 0.04801738814153749,
        "nauc_recall_at_10_std": 0.009593699384317913,
        "nauc_recall_at_1_diff1": 0.5271230006875698,
        "nauc_recall_at_1_max": -0.19028600167088652,
        "nauc_recall_at_1_std": 0.2160247262246894,
        "nauc_recall_at_20_diff1": 0.03833540764397037,
        "nauc_recall_at_20_max": -0.03149352456883385,
        "nauc_recall_at_20_std": 0.030877817488914626,
        "nauc_recall_at_3_diff1": 0.0610784973833929,
        "nauc_recall_at_3_max": 0.18923900802751834,
        "nauc_recall_at_3_std": -0.05489403808651578,
        "nauc_recall_at_5_diff1": 0.03744445663393592,
        "nauc_recall_at_5_max": 0.16038955178484549,
        "nauc_recall_at_5_std": -0.0520459898494692,
        "ndcg_at_1": 0.07121,
        "ndcg_at_10": 0.06454,
        "ndcg_at_100": 0.08068,
        "ndcg_at_1000": 0.17601,
        "ndcg_at_20": 0.06574,
        "ndcg_at_3": 0.0682,
        "ndcg_at_5": 0.06485,
        "precision_at_1": 0.0743,
        "precision_at_10": 0.05511,
        "precision_at_100": 0.0287,
        "precision_at_1000": 0.01482,
        "precision_at_20": 0.04644,
        "precision_at_3": 0.06914,
        "precision_at_5": 0.0613,
        "recall_at_1": 0.00379,
        "recall_at_10": 0.02863,
        "recall_at_100": 0.11561,
        "recall_at_1000": 0.43724,
        "recall_at_20": 0.0486,
        "recall_at_3": 0.01224,
        "recall_at_5": 0.0162
      }
    ]
  },
  "task_name": "NFCorpus"
}