{
  "dataset_revision": "ec0fa4fe99da2ff19ca1214b7966684033a58814",
  "evaluation_time": 3.0057952404022217,
  "kg_co2_emissions": null,
  "mteb_version": "1.14.12",
  "scores": {
    "test": [
      {
        "hf_subset": "default",
        "languages": [
          "eng-Latn"
        ],
        "main_score": 0.01139,
        "map_at_1": 6e-05,
        "map_at_10": 0.00064,
        "map_at_100": 0.00235,
        "map_at_1000": 0.00717,
        "map_at_20": 0.00105,
        "map_at_3": 0.00013,
        "map_at_5": 0.00027,
        "mrr_at_1": 0.009287925696594427,
        "mrr_at_10": 0.02677281438891346,
        "mrr_at_100": 0.0391075067640022,
        "mrr_at_1000": 0.04075462468560628,
        "mrr_at_20": 0.03189891545010926,
        "mrr_at_3": 0.012899896800825594,
        "mrr_at_5": 0.015841073271413826,
        "nauc_map_at_1000_diff1": 0.02479266567566745,
        "nauc_map_at_1000_max": 0.03286973267364209,
        "nauc_map_at_1000_std": -0.07253585804840722,
        "nauc_map_at_100_diff1": 0.004850743274255758,
        "nauc_map_at_100_max": -0.05249662927991374,
        "nauc_map_at_100_std": 0.013141770430471477,
        "nauc_map_at_10_diff1": 0.17849154661769442,
        "nauc_map_at_10_max": -0.22233514740523994,
        "nauc_map_at_10_std": 0.1582999275554096,
        "nauc_map_at_1_diff1": 0.8617880506784135,
        "nauc_map_at_1_max": -0.4339555557316508,
        "nauc_map_at_1_std": 0.5808790599979948,
        "nauc_map_at_20_diff1": 0.06307941760223393,
        "nauc_map_at_20_max": -0.13553678023307647,
        "nauc_map_at_20_std": 0.07189599870266987,
        "nauc_map_at_3_diff1": 0.18797564571551126,
        "nauc_map_at_3_max": 0.094713661358914,
        "nauc_map_at_3_std": -0.03948825385473311,
        "nauc_map_at_5_diff1": 0.169109751174319,
        "nauc_map_at_5_max": -0.2031841290188153,
        "nauc_map_at_5_std": 0.09161572509435005,
        "nauc_mrr_at_1000_diff1": 0.174500499479919,
        "nauc_mrr_at_1000_max": -0.05809619531377608,
        "nauc_mrr_at_1000_std": 0.052521526303204794,
        "nauc_mrr_at_100_diff1": 0.17247855303979207,
        "nauc_mrr_at_100_max": -0.05665081179297886,
        "nauc_mrr_at_100_std": 0.051528045214822106,
        "nauc_mrr_at_10_diff1": 0.24088640241541817,
        "nauc_mrr_at_10_max": -0.09997722745101786,
        "nauc_mrr_at_10_std": 0.08480769233447774,
        "nauc_mrr_at_1_diff1": 0.6433134616798741,
        "nauc_mrr_at_1_max": -0.3206068538957098,
        "nauc_mrr_at_1_std": 0.29782639906275155,
        "nauc_mrr_at_20_diff1": 0.1996717003304779,
        "nauc_mrr_at_20_max": -0.0705702431659597,
        "nauc_mrr_at_20_std": 0.07778786625163964,
        "nauc_mrr_at_3_diff1": 0.4513538857963776,
        "nauc_mrr_at_3_max": -0.13132145120339808,
        "nauc_mrr_at_3_std": 0.08322406567730183,
        "nauc_mrr_at_5_diff1": 0.3561187541012702,
        "nauc_mrr_at_5_max": -0.2035911305161127,
        "nauc_mrr_at_5_std": 0.12359226670053979,
        "nauc_ndcg_at_1000_diff1": -0.037222968657783316,
        "nauc_ndcg_at_1000_max": 0.036968532443213,
        "nauc_ndcg_at_1000_std": -0.12282958874613797,
        "nauc_ndcg_at_100_diff1": -0.014715014441998861,
        "nauc_ndcg_at_100_max": 0.030992201997469816,
        "nauc_ndcg_at_100_std": -0.06790554073831512,
        "nauc_ndcg_at_10_diff1": 0.25063914636805534,
        "nauc_ndcg_at_10_max": -0.03914022901840476,
        "nauc_ndcg_at_10_std": 0.0687589861831849,
        "nauc_ndcg_at_1_diff1": 0.6433134616798741,
        "nauc_ndcg_at_1_max": -0.3206068538957098,
        "nauc_ndcg_at_1_std": 0.29782639906275155,
        "nauc_ndcg_at_20_diff1": 0.12594004867428757,
        "nauc_ndcg_at_20_max": 0.019766946317506612,
        "nauc_ndcg_at_20_std": -0.007601179642971342,
        "nauc_ndcg_at_3_diff1": 0.43838837816639886,
        "nauc_ndcg_at_3_max": -0.1081775066224292,
        "nauc_ndcg_at_3_std": 0.05020084361126888,
        "nauc_ndcg_at_5_diff1": 0.36442286696615356,
        "nauc_ndcg_at_5_max": -0.1551637077489722,
        "nauc_ndcg_at_5_std": 0.033063393702833954,
        "nauc_precision_at_1000_diff1": 0.019317017071038896,
        "nauc_precision_at_1000_max": 0.14783084549274722,
        "nauc_precision_at_1000_std": -0.1415906706910395,
        "nauc_precision_at_100_diff1": 0.011163658194556702,
        "nauc_precision_at_100_max": 0.09027774687862934,
        "nauc_precision_at_100_std": -0.08945538544337887,
        "nauc_precision_at_10_diff1": 0.17695462286711822,
        "nauc_precision_at_10_max": -0.007602023846485894,
        "nauc_precision_at_10_std": 0.059294348745241754,
        "nauc_precision_at_1_diff1": 0.6433134616798741,
        "nauc_precision_at_1_max": -0.3206068538957098,
        "nauc_precision_at_1_std": 0.29782639906275155,
        "nauc_precision_at_20_diff1": 0.07436282652742332,
        "nauc_precision_at_20_max": 0.06406059378750072,
        "nauc_precision_at_20_std": -0.01701198256088803,
        "nauc_precision_at_3_diff1": 0.31413240658287683,
        "nauc_precision_at_3_max": 0.02003791227910953,
        "nauc_precision_at_3_std": -0.08286649424216504,
        "nauc_precision_at_5_diff1": 0.25284173360482487,
        "nauc_precision_at_5_max": -0.14523564743154171,
        "nauc_precision_at_5_std": -0.002638396068493968,
        "nauc_recall_at_1000_diff1": -0.060216950321035606,
        "nauc_recall_at_1000_max": 0.018866881349358367,
        "nauc_recall_at_1000_std": -0.08869850824138482,
        "nauc_recall_at_100_diff1": -0.11148316034330333,
        "nauc_recall_at_100_max": 0.023965569323343112,
        "nauc_recall_at_100_std": -0.10388443764144699,
        "nauc_recall_at_10_diff1": 0.14501216579085496,
        "nauc_recall_at_10_max": -0.22505735103885627,
        "nauc_recall_at_10_std": 0.126678324343495,
        "nauc_recall_at_1_diff1": 0.8617880506784135,
        "nauc_recall_at_1_max": -0.4339555557316508,
        "nauc_recall_at_1_std": 0.5808790599979948,
        "nauc_recall_at_20_diff1": -0.06930928370792373,
        "nauc_recall_at_20_max": -0.07127010906781633,
        "nauc_recall_at_20_std": -0.021241430503195578,
        "nauc_recall_at_3_diff1": -0.08548911659969925,
        "nauc_recall_at_3_max": 0.3175537342680495,
        "nauc_recall_at_3_std": -0.2811599650192029,
        "nauc_recall_at_5_diff1": 0.08519279112553119,
        "nauc_recall_at_5_max": -0.2511254391212832,
        "nauc_recall_at_5_std": 0.05448936904051171,
        "ndcg_at_1": 0.00929,
        "ndcg_at_10": 0.01139,
        "ndcg_at_100": 0.02578,
        "ndcg_at_1000": 0.11532,
        "ndcg_at_20": 0.01374,
        "ndcg_at_3": 0.0065,
        "ndcg_at_5": 0.0069,
        "precision_at_1": 0.00929,
        "precision_at_10": 0.01424,
        "precision_at_100": 0.01421,
        "precision_at_1000": 0.0122,
        "precision_at_20": 0.01517,
        "precision_at_3": 0.00619,
        "precision_at_5": 0.00743,
        "recall_at_1": 6e-05,
        "recall_at_10": 0.00332,
        "recall_at_100": 0.0412,
        "recall_at_1000": 0.34921,
        "recall_at_20": 0.00819,
        "recall_at_3": 0.00024,
        "recall_at_5": 0.00086
      }
    ]
  },
  "task_name": "NFCorpus"
}