{
  "dataset_revision": "ec0fa4fe99da2ff19ca1214b7966684033a58814",
  "evaluation_time": 2.988744020462036,
  "kg_co2_emissions": null,
  "mteb_version": "1.14.12",
  "scores": {
    "test": [
      {
        "hf_subset": "default",
        "languages": [
          "eng-Latn"
        ],
        "main_score": 0.13154,
        "map_at_1": 0.0118,
        "map_at_10": 0.03306,
        "map_at_100": 0.04395,
        "map_at_1000": 0.05314,
        "map_at_20": 0.03662,
        "map_at_3": 0.02277,
        "map_at_5": 0.027,
        "mrr_at_1": 0.18885448916408668,
        "mrr_at_10": 0.26215784559437816,
        "mrr_at_100": 0.27085602404000453,
        "mrr_at_1000": 0.2718429529041613,
        "mrr_at_20": 0.2658976167225312,
        "mrr_at_3": 0.239422084623323,
        "mrr_at_5": 0.2513415892672859,
        "nauc_map_at_1000_diff1": 0.22097467369001159,
        "nauc_map_at_1000_max": 0.3947275080254002,
        "nauc_map_at_1000_std": 0.21394327841352384,
        "nauc_map_at_100_diff1": 0.23003087662999797,
        "nauc_map_at_100_max": 0.38682791626233115,
        "nauc_map_at_100_std": 0.22339058380032412,
        "nauc_map_at_10_diff1": 0.25720681421796315,
        "nauc_map_at_10_max": 0.3827914587745084,
        "nauc_map_at_10_std": 0.19641540607703792,
        "nauc_map_at_1_diff1": 0.33669832397997257,
        "nauc_map_at_1_max": 0.3024694487601416,
        "nauc_map_at_1_std": 0.12375196942905078,
        "nauc_map_at_20_diff1": 0.2529080064482863,
        "nauc_map_at_20_max": 0.38632867043845737,
        "nauc_map_at_20_std": 0.22131323579121912,
        "nauc_map_at_3_diff1": 0.3152957691507664,
        "nauc_map_at_3_max": 0.3403781891812519,
        "nauc_map_at_3_std": 0.205037324292818,
        "nauc_map_at_5_diff1": 0.28699602898582494,
        "nauc_map_at_5_max": 0.33701068992364924,
        "nauc_map_at_5_std": 0.18820830585448214,
        "nauc_mrr_at_1000_diff1": 0.21083732624234272,
        "nauc_mrr_at_1000_max": 0.40974935714777916,
        "nauc_mrr_at_1000_std": 0.07443993186089552,
        "nauc_mrr_at_100_diff1": 0.21014648356926297,
        "nauc_mrr_at_100_max": 0.40989133312946846,
        "nauc_mrr_at_100_std": 0.07380747423255357,
        "nauc_mrr_at_10_diff1": 0.20934727691033536,
        "nauc_mrr_at_10_max": 0.4096070561133937,
        "nauc_mrr_at_10_std": 0.07670314218018066,
        "nauc_mrr_at_1_diff1": 0.26123150914246734,
        "nauc_mrr_at_1_max": 0.3839822211064955,
        "nauc_mrr_at_1_std": 0.06327119785660253,
        "nauc_mrr_at_20_diff1": 0.211068345137005,
        "nauc_mrr_at_20_max": 0.409704948045978,
        "nauc_mrr_at_20_std": 0.07578506728957232,
        "nauc_mrr_at_3_diff1": 0.22208684604223855,
        "nauc_mrr_at_3_max": 0.41756277163439776,
        "nauc_mrr_at_3_std": 0.07734193053356443,
        "nauc_mrr_at_5_diff1": 0.2173701577471673,
        "nauc_mrr_at_5_max": 0.41083926212917926,
        "nauc_mrr_at_5_std": 0.07545110270643668,
        "nauc_ndcg_at_1000_diff1": 0.17532276951061207,
        "nauc_ndcg_at_1000_max": 0.4301215215377859,
        "nauc_ndcg_at_1000_std": 0.15306137542810289,
        "nauc_ndcg_at_100_diff1": 0.1852343913867705,
        "nauc_ndcg_at_100_max": 0.4171121037746149,
        "nauc_ndcg_at_100_std": 0.1482448331305878,
        "nauc_ndcg_at_10_diff1": 0.2038273782275237,
        "nauc_ndcg_at_10_max": 0.42707965795687464,
        "nauc_ndcg_at_10_std": 0.12641446793685857,
        "nauc_ndcg_at_1_diff1": 0.2728820788930988,
        "nauc_ndcg_at_1_max": 0.37214045458788925,
        "nauc_ndcg_at_1_std": 0.0781888208658175,
        "nauc_ndcg_at_20_diff1": 0.212734420316699,
        "nauc_ndcg_at_20_max": 0.4105542716630814,
        "nauc_ndcg_at_20_std": 0.14624221863774048,
        "nauc_ndcg_at_3_diff1": 0.22542007970910322,
        "nauc_ndcg_at_3_max": 0.41100454077350845,
        "nauc_ndcg_at_3_std": 0.12717677558300755,
        "nauc_ndcg_at_5_diff1": 0.22348148595423883,
        "nauc_ndcg_at_5_max": 0.4159671964138069,
        "nauc_ndcg_at_5_std": 0.12175012471447358,
        "nauc_precision_at_1000_diff1": 0.03317958934694169,
        "nauc_precision_at_1000_max": 0.2010541891307044,
        "nauc_precision_at_1000_std": -0.07555716310988722,
        "nauc_precision_at_100_diff1": 0.07781607043261975,
        "nauc_precision_at_100_max": 0.32649206478777015,
        "nauc_precision_at_100_std": 0.07962373316164745,
        "nauc_precision_at_10_diff1": 0.12683397632176566,
        "nauc_precision_at_10_max": 0.4280847766057465,
        "nauc_precision_at_10_std": 0.13207141667941333,
        "nauc_precision_at_1_diff1": 0.26123150914246734,
        "nauc_precision_at_1_max": 0.3839822211064955,
        "nauc_precision_at_1_std": 0.06327119785660253,
        "nauc_precision_at_20_diff1": 0.12048918262073216,
        "nauc_precision_at_20_max": 0.37298758458756665,
        "nauc_precision_at_20_std": 0.1501199513062745,
        "nauc_precision_at_3_diff1": 0.18235374969662585,
        "nauc_precision_at_3_max": 0.4389314158098701,
        "nauc_precision_at_3_std": 0.13605405017877634,
        "nauc_precision_at_5_diff1": 0.16087762934505015,
        "nauc_precision_at_5_max": 0.42642135613049115,
        "nauc_precision_at_5_std": 0.12542967669950536,
        "nauc_recall_at_1000_diff1": 0.08873548444068952,
        "nauc_recall_at_1000_max": 0.1826607139930325,
        "nauc_recall_at_1000_std": 0.06139484897772089,
        "nauc_recall_at_100_diff1": 0.05971011529817748,
        "nauc_recall_at_100_max": 0.2321660941702001,
        "nauc_recall_at_100_std": 0.07270071709068038,
        "nauc_recall_at_10_diff1": 0.1409123297119858,
        "nauc_recall_at_10_max": 0.2955967563857014,
        "nauc_recall_at_10_std": 0.0827555496493754,
        "nauc_recall_at_1_diff1": 0.33669832397997257,
        "nauc_recall_at_1_max": 0.3024694487601416,
        "nauc_recall_at_1_std": 0.12375196942905078,
        "nauc_recall_at_20_diff1": 0.15330570673031416,
        "nauc_recall_at_20_max": 0.2797600464983035,
        "nauc_recall_at_20_std": 0.13103655022627234,
        "nauc_recall_at_3_diff1": 0.31279028632263134,
        "nauc_recall_at_3_max": 0.34221962274755124,
        "nauc_recall_at_3_std": 0.1907461090376746,
        "nauc_recall_at_5_diff1": 0.229942759425472,
        "nauc_recall_at_5_max": 0.2793612983179578,
        "nauc_recall_at_5_std": 0.12186175862552946,
        "ndcg_at_1": 0.17957,
        "ndcg_at_10": 0.13154,
        "ndcg_at_100": 0.13141,
        "ndcg_at_1000": 0.2291,
        "ndcg_at_20": 0.11977,
        "ndcg_at_3": 0.15888,
        "ndcg_at_5": 0.14471,
        "precision_at_1": 0.18885,
        "precision_at_10": 0.10495,
        "precision_at_100": 0.03978,
        "precision_at_1000": 0.01629,
        "precision_at_20": 0.0774,
        "precision_at_3": 0.15686,
        "precision_at_5": 0.13065,
        "recall_at_1": 0.0118,
        "recall_at_10": 0.05671,
        "recall_at_100": 0.15781,
        "recall_at_1000": 0.5037,
        "recall_at_20": 0.07082,
        "recall_at_3": 0.02762,
        "recall_at_5": 0.03764
      }
    ]
  },
  "task_name": "NFCorpus"
}