{
  "dataset_revision": "ec0fa4fe99da2ff19ca1214b7966684033a58814",
  "evaluation_time": 3.013439655303955,
  "kg_co2_emissions": null,
  "mteb_version": "1.14.12",
  "scores": {
    "test": [
      {
        "hf_subset": "default",
        "languages": [
          "eng-Latn"
        ],
        "main_score": 0.2971,
        "map_at_1": 0.04221,
        "map_at_10": 0.1051,
        "map_at_100": 0.13441,
        "map_at_1000": 0.14821,
        "map_at_20": 0.1169,
        "map_at_3": 0.07646,
        "map_at_5": 0.08949,
        "mrr_at_1": 0.4024767801857585,
        "mrr_at_10": 0.4887046046488771,
        "mrr_at_100": 0.4949921183998019,
        "mrr_at_1000": 0.49556608866631235,
        "mrr_at_20": 0.4920661975109924,
        "mrr_at_3": 0.4674922600619195,
        "mrr_at_5": 0.481733746130031,
        "nauc_map_at_1000_diff1": 0.09559555183838021,
        "nauc_map_at_1000_max": 0.26531360968927303,
        "nauc_map_at_1000_std": 0.1677811923592185,
        "nauc_map_at_100_diff1": 0.11467860119532648,
        "nauc_map_at_100_max": 0.25470957103419795,
        "nauc_map_at_100_std": 0.12827270185211023,
        "nauc_map_at_10_diff1": 0.15762234512290857,
        "nauc_map_at_10_max": 0.20764435568528286,
        "nauc_map_at_10_std": 0.00987531934729318,
        "nauc_map_at_1_diff1": 0.28876568089066446,
        "nauc_map_at_1_max": 0.08730573038906803,
        "nauc_map_at_1_std": -0.1188450301351217,
        "nauc_map_at_20_diff1": 0.13864380986752178,
        "nauc_map_at_20_max": 0.2268528865881334,
        "nauc_map_at_20_std": 0.05531005588527299,
        "nauc_map_at_3_diff1": 0.1816610765536069,
        "nauc_map_at_3_max": 0.13663709589189046,
        "nauc_map_at_3_std": -0.056919551467071616,
        "nauc_map_at_5_diff1": 0.17859932264398967,
        "nauc_map_at_5_max": 0.1676631185004662,
        "nauc_map_at_5_std": -0.04117650720233366,
        "nauc_mrr_at_1000_diff1": 0.273309679550015,
        "nauc_mrr_at_1000_max": 0.4129592504747767,
        "nauc_mrr_at_1000_std": 0.21331759007077641,
        "nauc_mrr_at_100_diff1": 0.27376238132595054,
        "nauc_mrr_at_100_max": 0.4133774889270981,
        "nauc_mrr_at_100_std": 0.21399625108927023,
        "nauc_mrr_at_10_diff1": 0.2746336731521196,
        "nauc_mrr_at_10_max": 0.4118361659294588,
        "nauc_mrr_at_10_std": 0.21120188184226035,
        "nauc_mrr_at_1_diff1": 0.2858504771021457,
        "nauc_mrr_at_1_max": 0.36531157804013037,
        "nauc_mrr_at_1_std": 0.13639700944979008,
        "nauc_mrr_at_20_diff1": 0.2722969515880127,
        "nauc_mrr_at_20_max": 0.4111052339822068,
        "nauc_mrr_at_20_std": 0.21214688445794302,
        "nauc_mrr_at_3_diff1": 0.2708912209466391,
        "nauc_mrr_at_3_max": 0.4043683382455392,
        "nauc_mrr_at_3_std": 0.20004247426248267,
        "nauc_mrr_at_5_diff1": 0.26894011694869185,
        "nauc_mrr_at_5_max": 0.4060509475966574,
        "nauc_mrr_at_5_std": 0.20492816381098072,
        "nauc_ndcg_at_1000_diff1": 0.1189732366521857,
        "nauc_ndcg_at_1000_max": 0.42305255749089393,
        "nauc_ndcg_at_1000_std": 0.34856565543622103,
        "nauc_ndcg_at_100_diff1": 0.11966365164936345,
        "nauc_ndcg_at_100_max": 0.34915451160685596,
        "nauc_ndcg_at_100_std": 0.2614752216248961,
        "nauc_ndcg_at_10_diff1": 0.10376387352087084,
        "nauc_ndcg_at_10_max": 0.32219920784613687,
        "nauc_ndcg_at_10_std": 0.24799005777013258,
        "nauc_ndcg_at_1_diff1": 0.29199631764378203,
        "nauc_ndcg_at_1_max": 0.34177361874951623,
        "nauc_ndcg_at_1_std": 0.14078716062895733,
        "nauc_ndcg_at_20_diff1": 0.07769388063908565,
        "nauc_ndcg_at_20_max": 0.3062788874545605,
        "nauc_ndcg_at_20_std": 0.25167800761985804,
        "nauc_ndcg_at_3_diff1": 0.17001914045878025,
        "nauc_ndcg_at_3_max": 0.323916832145626,
        "nauc_ndcg_at_3_std": 0.19990294790199215,
        "nauc_ndcg_at_5_diff1": 0.14135455346707013,
        "nauc_ndcg_at_5_max": 0.32385891718141674,
        "nauc_ndcg_at_5_std": 0.21806163684325428,
        "nauc_precision_at_1000_diff1": -0.17646814691579576,
        "nauc_precision_at_1000_max": 0.07725156865728114,
        "nauc_precision_at_1000_std": 0.3167949345345747,
        "nauc_precision_at_100_diff1": -0.14800203565521272,
        "nauc_precision_at_100_max": 0.1892388177957166,
        "nauc_precision_at_100_std": 0.4337949391238776,
        "nauc_precision_at_10_diff1": -0.02020092578775062,
        "nauc_precision_at_10_max": 0.34040360106804574,
        "nauc_precision_at_10_std": 0.3757643371631897,
        "nauc_precision_at_1_diff1": 0.29408155942790476,
        "nauc_precision_at_1_max": 0.3634601043296974,
        "nauc_precision_at_1_std": 0.139309217233365,
        "nauc_precision_at_20_diff1": -0.09326932145631367,
        "nauc_precision_at_20_max": 0.27647625552001887,
        "nauc_precision_at_20_std": 0.41707293314258626,
        "nauc_precision_at_3_diff1": 0.1017921051132118,
        "nauc_precision_at_3_max": 0.35316669128249484,
        "nauc_precision_at_3_std": 0.2593176212918583,
        "nauc_precision_at_5_diff1": 0.05021399342937405,
        "nauc_precision_at_5_max": 0.356092895301107,
        "nauc_precision_at_5_std": 0.2968813643017089,
        "nauc_recall_at_1000_diff1": 0.048703633962334555,
        "nauc_recall_at_1000_max": 0.25718579134847264,
        "nauc_recall_at_1000_std": 0.2665342883277635,
        "nauc_recall_at_100_diff1": 0.10190206546940254,
        "nauc_recall_at_100_max": 0.23653838193998505,
        "nauc_recall_at_100_std": 0.17014636689627358,
        "nauc_recall_at_10_diff1": 0.11511545779161088,
        "nauc_recall_at_10_max": 0.14022239300547865,
        "nauc_recall_at_10_std": -0.016416161075712154,
        "nauc_recall_at_1_diff1": 0.28876568089066446,
        "nauc_recall_at_1_max": 0.08730573038906803,
        "nauc_recall_at_1_std": -0.1188450301351217,
        "nauc_recall_at_20_diff1": 0.09004911902967694,
        "nauc_recall_at_20_max": 0.15825266163363377,
        "nauc_recall_at_20_std": 0.0263338565718263,
        "nauc_recall_at_3_diff1": 0.13767948475336775,
        "nauc_recall_at_3_max": 0.09710932495350445,
        "nauc_recall_at_3_std": -0.07436679039898804,
        "nauc_recall_at_5_diff1": 0.14126003749625224,
        "nauc_recall_at_5_max": 0.1168644955314496,
        "nauc_recall_at_5_std": -0.05782008911863644,
        "ndcg_at_1": 0.3808,
        "ndcg_at_10": 0.2971,
        "ndcg_at_100": 0.27816,
        "ndcg_at_1000": 0.36973,
        "ndcg_at_20": 0.27912,
        "ndcg_at_3": 0.34332,
        "ndcg_at_5": 0.3245,
        "precision_at_1": 0.39938,
        "precision_at_10": 0.22291,
        "precision_at_100": 0.07402,
        "precision_at_1000": 0.02037,
        "precision_at_20": 0.16579,
        "precision_at_3": 0.32508,
        "precision_at_5": 0.28545,
        "recall_at_1": 0.04221,
        "recall_at_10": 0.14676,
        "recall_at_100": 0.29074,
        "recall_at_1000": 0.61862,
        "recall_at_20": 0.1856,
        "recall_at_3": 0.09134,
        "recall_at_5": 0.1137
      }
    ]
  },
  "task_name": "NFCorpus"
}