{
  "dataset_revision": "ec0fa4fe99da2ff19ca1214b7966684033a58814",
  "evaluation_time": 3.1641786098480225,
  "kg_co2_emissions": null,
  "mteb_version": "1.14.12",
  "scores": {
    "test": [
      {
        "hf_subset": "default",
        "languages": [
          "eng-Latn"
        ],
        "main_score": 0.20134,
        "map_at_1": 0.02732,
        "map_at_10": 0.05965,
        "map_at_100": 0.07797,
        "map_at_1000": 0.08884,
        "map_at_20": 0.06734,
        "map_at_3": 0.0433,
        "map_at_5": 0.05072,
        "mrr_at_1": 0.3065015479876161,
        "mrr_at_10": 0.37137451471816796,
        "mrr_at_100": 0.38129168757068865,
        "mrr_at_1000": 0.3819679978210651,
        "mrr_at_20": 0.37765792220306305,
        "mrr_at_3": 0.348297213622291,
        "mrr_at_5": 0.3595975232198142,
        "nauc_map_at_1000_diff1": 0.12364675013267289,
        "nauc_map_at_1000_max": 0.3868098056093088,
        "nauc_map_at_1000_std": 0.2637442543912286,
        "nauc_map_at_100_diff1": 0.13034342663823384,
        "nauc_map_at_100_max": 0.37624136482332654,
        "nauc_map_at_100_std": 0.2470077512630434,
        "nauc_map_at_10_diff1": 0.13595282118511198,
        "nauc_map_at_10_max": 0.33736130900161826,
        "nauc_map_at_10_std": 0.18567354686663098,
        "nauc_map_at_1_diff1": 0.12879342557427217,
        "nauc_map_at_1_max": 0.1871705876305269,
        "nauc_map_at_1_std": 0.009083113957180044,
        "nauc_map_at_20_diff1": 0.13882833999106367,
        "nauc_map_at_20_max": 0.358916942320259,
        "nauc_map_at_20_std": 0.21230837134195896,
        "nauc_map_at_3_diff1": 0.12770631559340495,
        "nauc_map_at_3_max": 0.28252083515175536,
        "nauc_map_at_3_std": 0.09276776063191806,
        "nauc_map_at_5_diff1": 0.1324208921204458,
        "nauc_map_at_5_max": 0.3202633166824301,
        "nauc_map_at_5_std": 0.14027310801779544,
        "nauc_mrr_at_1000_diff1": 0.2662111562492224,
        "nauc_mrr_at_1000_max": 0.46192290754823717,
        "nauc_mrr_at_1000_std": 0.22034331494361822,
        "nauc_mrr_at_100_diff1": 0.2660160577010235,
        "nauc_mrr_at_100_max": 0.4621427727356095,
        "nauc_mrr_at_100_std": 0.2208379150494812,
        "nauc_mrr_at_10_diff1": 0.2668316389464145,
        "nauc_mrr_at_10_max": 0.45983230072584236,
        "nauc_mrr_at_10_std": 0.2192680096474207,
        "nauc_mrr_at_1_diff1": 0.2782393418097181,
        "nauc_mrr_at_1_max": 0.435749557842063,
        "nauc_mrr_at_1_std": 0.175592706212029,
        "nauc_mrr_at_20_diff1": 0.26667876608949664,
        "nauc_mrr_at_20_max": 0.4602107137245193,
        "nauc_mrr_at_20_std": 0.22077089043683232,
        "nauc_mrr_at_3_diff1": 0.27445128329597823,
        "nauc_mrr_at_3_max": 0.4563677365286,
        "nauc_mrr_at_3_std": 0.20791298393808058,
        "nauc_mrr_at_5_diff1": 0.27226028643112055,
        "nauc_mrr_at_5_max": 0.4615667903426585,
        "nauc_mrr_at_5_std": 0.2139745742618,
        "nauc_ndcg_at_1000_diff1": 0.17530307865904618,
        "nauc_ndcg_at_1000_max": 0.4908886756443198,
        "nauc_ndcg_at_1000_std": 0.3221999464228693,
        "nauc_ndcg_at_100_diff1": 0.1666773070719617,
        "nauc_ndcg_at_100_max": 0.42857008922071527,
        "nauc_ndcg_at_100_std": 0.284813340188109,
        "nauc_ndcg_at_10_diff1": 0.15366094083127127,
        "nauc_ndcg_at_10_max": 0.4062775417922795,
        "nauc_ndcg_at_10_std": 0.2614965787386677,
        "nauc_ndcg_at_1_diff1": 0.2819769630825718,
        "nauc_ndcg_at_1_max": 0.40947908324574595,
        "nauc_ndcg_at_1_std": 0.15677205157397064,
        "nauc_ndcg_at_20_diff1": 0.13425827948598826,
        "nauc_ndcg_at_20_max": 0.395362419343296,
        "nauc_ndcg_at_20_std": 0.26206966724465475,
        "nauc_ndcg_at_3_diff1": 0.21921685181284858,
        "nauc_ndcg_at_3_max": 0.41755112394497146,
        "nauc_ndcg_at_3_std": 0.20849850702850986,
        "nauc_ndcg_at_5_diff1": 0.194028782769891,
        "nauc_ndcg_at_5_max": 0.42478588523653676,
        "nauc_ndcg_at_5_std": 0.24119146861997348,
        "nauc_precision_at_1000_diff1": -0.06425591412794544,
        "nauc_precision_at_1000_max": 0.10364679165217698,
        "nauc_precision_at_1000_std": 0.11371364579166866,
        "nauc_precision_at_100_diff1": 0.004167496223555762,
        "nauc_precision_at_100_max": 0.2730037904518782,
        "nauc_precision_at_100_std": 0.2887490872327911,
        "nauc_precision_at_10_diff1": 0.10944670764145258,
        "nauc_precision_at_10_max": 0.40452826867335234,
        "nauc_precision_at_10_std": 0.32555490891070965,
        "nauc_precision_at_1_diff1": 0.2782393418097181,
        "nauc_precision_at_1_max": 0.435749557842063,
        "nauc_precision_at_1_std": 0.175592706212029,
        "nauc_precision_at_20_diff1": 0.06749916856639496,
        "nauc_precision_at_20_max": 0.36071546681706235,
        "nauc_precision_at_20_std": 0.32658198552204515,
        "nauc_precision_at_3_diff1": 0.1898606771365545,
        "nauc_precision_at_3_max": 0.43823941266472255,
        "nauc_precision_at_3_std": 0.25787818148677133,
        "nauc_precision_at_5_diff1": 0.15707806476386654,
        "nauc_precision_at_5_max": 0.43483986116615714,
        "nauc_precision_at_5_std": 0.2957820135635224,
        "nauc_recall_at_1000_diff1": 0.08777209834426566,
        "nauc_recall_at_1000_max": 0.2951006347484465,
        "nauc_recall_at_1000_std": 0.2172484321596747,
        "nauc_recall_at_100_diff1": 0.05331725549981516,
        "nauc_recall_at_100_max": 0.2298326604122265,
        "nauc_recall_at_100_std": 0.22330325606756168,
        "nauc_recall_at_10_diff1": 0.04644747784223675,
        "nauc_recall_at_10_max": 0.22627292708085525,
        "nauc_recall_at_10_std": 0.1689622610254434,
        "nauc_recall_at_1_diff1": 0.12879342557427217,
        "nauc_recall_at_1_max": 0.1871705876305269,
        "nauc_recall_at_1_std": 0.009083113957180044,
        "nauc_recall_at_20_diff1": 0.06081532500276899,
        "nauc_recall_at_20_max": 0.24820191916240186,
        "nauc_recall_at_20_std": 0.18950035991948136,
        "nauc_recall_at_3_diff1": 0.10747681203740711,
        "nauc_recall_at_3_max": 0.2778105988889686,
        "nauc_recall_at_3_std": 0.1308854196747428,
        "nauc_recall_at_5_diff1": 0.1017848856526843,
        "nauc_recall_at_5_max": 0.307959156078484,
        "nauc_recall_at_5_std": 0.18387672076941206,
        "ndcg_at_1": 0.28793,
        "ndcg_at_10": 0.20134,
        "ndcg_at_100": 0.19351,
        "ndcg_at_1000": 0.2887,
        "ndcg_at_20": 0.18982,
        "ndcg_at_3": 0.23683,
        "ndcg_at_5": 0.22147,
        "precision_at_1": 0.3065,
        "precision_at_10": 0.15325,
        "precision_at_100": 0.0522,
        "precision_at_1000": 0.01788,
        "precision_at_20": 0.11718,
        "precision_at_3": 0.22497,
        "precision_at_5": 0.19505,
        "recall_at_1": 0.02732,
        "recall_at_10": 0.08964,
        "recall_at_100": 0.21502,
        "recall_at_1000": 0.54516,
        "recall_at_20": 0.1206,
        "recall_at_3": 0.048,
        "recall_at_5": 0.06081
      }
    ]
  },
  "task_name": "NFCorpus"
}