{
  "dataset_revision": "ec0fa4fe99da2ff19ca1214b7966684033a58814",
  "evaluation_time": 244.66891813278198,
  "kg_co2_emissions": null,
  "mteb_version": "1.14.10",
  "scores": {
    "test": [
      {
        "hf_subset": "default",
        "languages": [
          "eng-Latn"
        ],
        "main_score": 0.06928,
        "map_at_1": 0.00587,
        "map_at_10": 0.01526,
        "map_at_100": 0.02395,
        "map_at_1000": 0.0331,
        "map_at_20": 0.0178,
        "map_at_3": 0.00992,
        "map_at_5": 0.01203,
        "mrr_at_1": 0.08668730650154799,
        "mrr_at_10": 0.14570617720772525,
        "mrr_at_100": 0.15685080839637303,
        "mrr_at_1000": 0.15805941189192615,
        "mrr_at_20": 0.15136822897740299,
        "mrr_at_3": 0.1191950464396285,
        "mrr_at_5": 0.13560371517027867,
        "nauc_map_at_1000_diff1": -0.11658769189174446,
        "nauc_map_at_1000_max": 0.29886193945462614,
        "nauc_map_at_1000_std": 0.26370082092762887,
        "nauc_map_at_100_diff1": -0.1368213162238267,
        "nauc_map_at_100_max": 0.303772192287029,
        "nauc_map_at_100_std": 0.2673186799027818,
        "nauc_map_at_10_diff1": -0.1251627401137997,
        "nauc_map_at_10_max": 0.275562696346225,
        "nauc_map_at_10_std": 0.24550429443337698,
        "nauc_map_at_1_diff1": -0.1242057377826467,
        "nauc_map_at_1_max": 0.3381206490869959,
        "nauc_map_at_1_std": 0.049523820629833966,
        "nauc_map_at_20_diff1": -0.1364915035910686,
        "nauc_map_at_20_max": 0.3015969137544685,
        "nauc_map_at_20_std": 0.26518615514525723,
        "nauc_map_at_3_diff1": -0.0925222320438432,
        "nauc_map_at_3_max": 0.27484139449436146,
        "nauc_map_at_3_std": 0.2353636115405815,
        "nauc_map_at_5_diff1": -0.09918521083892015,
        "nauc_map_at_5_max": 0.26235582896155524,
        "nauc_map_at_5_std": 0.22916407564793576,
        "nauc_mrr_at_1000_diff1": 0.05956997645474738,
        "nauc_mrr_at_1000_max": 0.2741584082834345,
        "nauc_mrr_at_1000_std": 0.19357334120604244,
        "nauc_mrr_at_100_diff1": 0.05888107044273556,
        "nauc_mrr_at_100_max": 0.2739401163135805,
        "nauc_mrr_at_100_std": 0.19319392493514287,
        "nauc_mrr_at_10_diff1": 0.0623426091428892,
        "nauc_mrr_at_10_max": 0.267424128065719,
        "nauc_mrr_at_10_std": 0.19653081675141174,
        "nauc_mrr_at_1_diff1": 0.1210676608757155,
        "nauc_mrr_at_1_max": 0.32213692701108065,
        "nauc_mrr_at_1_std": 0.1799003210562058,
        "nauc_mrr_at_20_diff1": 0.06125348839640697,
        "nauc_mrr_at_20_max": 0.2724493243447703,
        "nauc_mrr_at_20_std": 0.19822365713366227,
        "nauc_mrr_at_3_diff1": 0.06196446396439022,
        "nauc_mrr_at_3_max": 0.2773904623263363,
        "nauc_mrr_at_3_std": 0.21812061546394731,
        "nauc_mrr_at_5_diff1": 0.06616515644352006,
        "nauc_mrr_at_5_max": 0.2541993854303716,
        "nauc_mrr_at_5_std": 0.20861691676249328,
        "nauc_ndcg_at_1000_diff1": -0.0542689502706991,
        "nauc_ndcg_at_1000_max": 0.3283025423220533,
        "nauc_ndcg_at_1000_std": 0.18091580071257327,
        "nauc_ndcg_at_100_diff1": -0.09395764682270938,
        "nauc_ndcg_at_100_max": 0.2824408365116881,
        "nauc_ndcg_at_100_std": 0.20054042535225966,
        "nauc_ndcg_at_10_diff1": -0.008123551243532817,
        "nauc_ndcg_at_10_max": 0.30518858804646326,
        "nauc_ndcg_at_10_std": 0.2630271910262099,
        "nauc_ndcg_at_1_diff1": 0.13744887424835092,
        "nauc_ndcg_at_1_max": 0.34499724007888927,
        "nauc_ndcg_at_1_std": 0.18678489098510528,
        "nauc_ndcg_at_20_diff1": -0.039020125616171505,
        "nauc_ndcg_at_20_max": 0.2999127704670439,
        "nauc_ndcg_at_20_std": 0.2750379709843395,
        "nauc_ndcg_at_3_diff1": 0.0519603760736332,
        "nauc_ndcg_at_3_max": 0.3274557606774873,
        "nauc_ndcg_at_3_std": 0.30043503347923756,
        "nauc_ndcg_at_5_diff1": 0.029228227072876194,
        "nauc_ndcg_at_5_max": 0.2981767608638962,
        "nauc_ndcg_at_5_std": 0.30452875684791175,
        "nauc_precision_at_1000_diff1": 0.03982571010457841,
        "nauc_precision_at_1000_max": 0.15713245268218728,
        "nauc_precision_at_1000_std": 0.07904234692362701,
        "nauc_precision_at_100_diff1": -0.013718179470104406,
        "nauc_precision_at_100_max": 0.2203989908983551,
        "nauc_precision_at_100_std": 0.18854051580880837,
        "nauc_precision_at_10_diff1": -0.036657511530853004,
        "nauc_precision_at_10_max": 0.3083551052149609,
        "nauc_precision_at_10_std": 0.2314172267237832,
        "nauc_precision_at_1_diff1": 0.1210676608757155,
        "nauc_precision_at_1_max": 0.32213692701108065,
        "nauc_precision_at_1_std": 0.1799003210562058,
        "nauc_precision_at_20_diff1": -0.04606432443949083,
        "nauc_precision_at_20_max": 0.2892357303697253,
        "nauc_precision_at_20_std": 0.25496676383742334,
        "nauc_precision_at_3_diff1": 0.020330538865320873,
        "nauc_precision_at_3_max": 0.3119783963873747,
        "nauc_precision_at_3_std": 0.3173159261986363,
        "nauc_precision_at_5_diff1": -0.009161506088155942,
        "nauc_precision_at_5_max": 0.25669467137578966,
        "nauc_precision_at_5_std": 0.30177283856487286,
        "nauc_recall_at_1000_diff1": -0.0826423007544008,
        "nauc_recall_at_1000_max": 0.25181577567111385,
        "nauc_recall_at_1000_std": 0.04737089478492909,
        "nauc_recall_at_100_diff1": -0.1669149853107811,
        "nauc_recall_at_100_max": 0.17091449780978005,
        "nauc_recall_at_100_std": 0.0657371288272455,
        "nauc_recall_at_10_diff1": -0.11704726469646926,
        "nauc_recall_at_10_max": 0.1495150124936679,
        "nauc_recall_at_10_std": 0.1887466001442517,
        "nauc_recall_at_1_diff1": -0.1242057377826467,
        "nauc_recall_at_1_max": 0.3381206490869959,
        "nauc_recall_at_1_std": 0.049523820629833966,
        "nauc_recall_at_20_diff1": -0.1464280078383111,
        "nauc_recall_at_20_max": 0.20192398300983136,
        "nauc_recall_at_20_std": 0.20518638829353733,
        "nauc_recall_at_3_diff1": -0.06844923777185906,
        "nauc_recall_at_3_max": 0.21471232530639514,
        "nauc_recall_at_3_std": 0.3041783177183338,
        "nauc_recall_at_5_diff1": -0.06678586131537699,
        "nauc_recall_at_5_max": 0.16120509241518574,
        "nauc_recall_at_5_std": 0.2286310595377099,
        "ndcg_at_1": 0.08204,
        "ndcg_at_10": 0.06928,
        "ndcg_at_100": 0.0908,
        "ndcg_at_1000": 0.19129,
        "ndcg_at_20": 0.06974,
        "ndcg_at_3": 0.07271,
        "ndcg_at_5": 0.07416,
        "precision_at_1": 0.08669,
        "precision_at_10": 0.05944,
        "precision_at_100": 0.03307,
        "precision_at_1000": 0.01604,
        "precision_at_20": 0.05263,
        "precision_at_3": 0.07121,
        "precision_at_5": 0.07245,
        "recall_at_1": 0.00587,
        "recall_at_10": 0.03173,
        "recall_at_100": 0.12863,
        "recall_at_1000": 0.46529,
        "recall_at_20": 0.04485,
        "recall_at_3": 0.01344,
        "recall_at_5": 0.01937
      }
    ]
  },
  "task_name": "NFCorpus"
}