{
  "dataset_revision": "ec0fa4fe99da2ff19ca1214b7966684033a58814",
  "evaluation_time": 2.9962902069091797,
  "kg_co2_emissions": null,
  "mteb_version": "1.14.12",
  "scores": {
    "test": [
      {
        "hf_subset": "default",
        "languages": [
          "eng-Latn"
        ],
        "main_score": 0.02235,
        "map_at_1": 0.00046,
        "map_at_10": 0.00256,
        "map_at_100": 0.00481,
        "map_at_1000": 0.01015,
        "map_at_20": 0.00317,
        "map_at_3": 0.00105,
        "map_at_5": 0.00152,
        "mrr_at_1": 0.021671826625386997,
        "mrr_at_10": 0.05474101921470342,
        "mrr_at_100": 0.06601969895197002,
        "mrr_at_1000": 0.06758198167837912,
        "mrr_at_20": 0.059866703915098886,
        "mrr_at_3": 0.038183694530443756,
        "mrr_at_5": 0.045768833849329206,
        "nauc_map_at_1000_diff1": 0.06839264669376088,
        "nauc_map_at_1000_max": -0.11640027831749568,
        "nauc_map_at_1000_std": 0.19138616663272398,
        "nauc_map_at_100_diff1": 0.05284796196605089,
        "nauc_map_at_100_max": -0.16536556448245188,
        "nauc_map_at_100_std": 0.2873733526211553,
        "nauc_map_at_10_diff1": 0.04503262489127113,
        "nauc_map_at_10_max": -0.1910228546016241,
        "nauc_map_at_10_std": 0.32390705127244984,
        "nauc_map_at_1_diff1": -0.16259995988224307,
        "nauc_map_at_1_max": 0.21043818718241633,
        "nauc_map_at_1_std": 0.04080937076206801,
        "nauc_map_at_20_diff1": 0.062286359793439244,
        "nauc_map_at_20_max": -0.1807644912763216,
        "nauc_map_at_20_std": 0.3203047588236081,
        "nauc_map_at_3_diff1": 0.007990592436742903,
        "nauc_map_at_3_max": -0.0640323377092957,
        "nauc_map_at_3_std": 0.21789564590635976,
        "nauc_map_at_5_diff1": 0.07933186026037342,
        "nauc_map_at_5_max": -0.08421300487857235,
        "nauc_map_at_5_std": 0.27000957616632687,
        "nauc_mrr_at_1000_diff1": 0.024544927821035813,
        "nauc_mrr_at_1000_max": -0.015087824997989345,
        "nauc_mrr_at_1000_std": 0.08620605390440218,
        "nauc_mrr_at_100_diff1": 0.02443265316786789,
        "nauc_mrr_at_100_max": -0.015421259656831169,
        "nauc_mrr_at_100_std": 0.08559238441879201,
        "nauc_mrr_at_10_diff1": 0.025958360164641335,
        "nauc_mrr_at_10_max": -0.018162054345516043,
        "nauc_mrr_at_10_std": 0.09728999166024582,
        "nauc_mrr_at_1_diff1": -0.06582138011452747,
        "nauc_mrr_at_1_max": 0.2011435175495785,
        "nauc_mrr_at_1_std": -0.0662439055612448,
        "nauc_mrr_at_20_diff1": 0.030179164699929945,
        "nauc_mrr_at_20_max": -0.01501726422154063,
        "nauc_mrr_at_20_std": 0.0918787333902863,
        "nauc_mrr_at_3_diff1": 0.02779735716770008,
        "nauc_mrr_at_3_max": 0.00363448415758697,
        "nauc_mrr_at_3_std": 0.06808933137175621,
        "nauc_mrr_at_5_diff1": 0.0258587896129362,
        "nauc_mrr_at_5_max": 0.005848592916813336,
        "nauc_mrr_at_5_std": 0.10511136345201798,
        "nauc_ndcg_at_1000_diff1": 0.003370532215858778,
        "nauc_ndcg_at_1000_max": -0.07566008179693581,
        "nauc_ndcg_at_1000_std": 0.10166936717868359,
        "nauc_ndcg_at_100_diff1": 0.028068458028267015,
        "nauc_ndcg_at_100_max": -0.1289011141029387,
        "nauc_ndcg_at_100_std": 0.18097830154091382,
        "nauc_ndcg_at_10_diff1": 0.0319013223938866,
        "nauc_ndcg_at_10_max": -0.06463784509636297,
        "nauc_ndcg_at_10_std": 0.10601656054879141,
        "nauc_ndcg_at_1_diff1": -0.12159798970916084,
        "nauc_ndcg_at_1_max": 0.139693018899546,
        "nauc_ndcg_at_1_std": -0.039462961933772,
        "nauc_ndcg_at_20_diff1": 0.040382027773386196,
        "nauc_ndcg_at_20_max": -0.08059139705543222,
        "nauc_ndcg_at_20_std": 0.1289681040788406,
        "nauc_ndcg_at_3_diff1": -0.0026594374669680555,
        "nauc_ndcg_at_3_max": -0.007828677203681,
        "nauc_ndcg_at_3_std": 0.06055674343040234,
        "nauc_ndcg_at_5_diff1": 0.06238157349000078,
        "nauc_ndcg_at_5_max": -0.013146188365426666,
        "nauc_ndcg_at_5_std": 0.0927252398625033,
        "nauc_precision_at_1000_diff1": 0.052105206098434914,
        "nauc_precision_at_1000_max": -0.008722352386457702,
        "nauc_precision_at_1000_std": -0.03128309555478656,
        "nauc_precision_at_100_diff1": 0.04820607173825102,
        "nauc_precision_at_100_max": -0.025520127039034564,
        "nauc_precision_at_100_std": 0.042950999496301184,
        "nauc_precision_at_10_diff1": 0.044066717360153475,
        "nauc_precision_at_10_max": -0.07407736488732265,
        "nauc_precision_at_10_std": 0.11008385329015759,
        "nauc_precision_at_1_diff1": -0.06582138011452747,
        "nauc_precision_at_1_max": 0.2011435175495785,
        "nauc_precision_at_1_std": -0.0662439055612448,
        "nauc_precision_at_20_diff1": 0.06098468586477698,
        "nauc_precision_at_20_max": -0.05580585840581999,
        "nauc_precision_at_20_std": 0.08045945636319334,
        "nauc_precision_at_3_diff1": 0.03514862893312931,
        "nauc_precision_at_3_max": -0.03211359883726432,
        "nauc_precision_at_3_std": 0.08995961344580049,
        "nauc_precision_at_5_diff1": 0.10538932285667821,
        "nauc_precision_at_5_max": -0.04238352492754938,
        "nauc_precision_at_5_std": 0.13895371493238556,
        "nauc_recall_at_1000_diff1": 0.03132514414261561,
        "nauc_recall_at_1000_max": -0.05694175257237133,
        "nauc_recall_at_1000_std": 0.12187904505902193,
        "nauc_recall_at_100_diff1": 0.019116296727459788,
        "nauc_recall_at_100_max": -0.19192637609417004,
        "nauc_recall_at_100_std": 0.23906850762753395,
        "nauc_recall_at_10_diff1": 0.038713835961987256,
        "nauc_recall_at_10_max": -0.28229204970208965,
        "nauc_recall_at_10_std": 0.342879405569462,
        "nauc_recall_at_1_diff1": -0.16259995988224307,
        "nauc_recall_at_1_max": 0.21043818718241633,
        "nauc_recall_at_1_std": 0.04080937076206801,
        "nauc_recall_at_20_diff1": 0.07226007401287772,
        "nauc_recall_at_20_max": -0.22071918361930587,
        "nauc_recall_at_20_std": 0.31625785754083235,
        "nauc_recall_at_3_diff1": 0.0037268585875117957,
        "nauc_recall_at_3_max": -0.18663407072118507,
        "nauc_recall_at_3_std": 0.30766200588584736,
        "nauc_recall_at_5_diff1": 0.09128321221611363,
        "nauc_recall_at_5_max": -0.16850605795276774,
        "nauc_recall_at_5_std": 0.37661355974968774,
        "ndcg_at_1": 0.02012,
        "ndcg_at_10": 0.02235,
        "ndcg_at_100": 0.03479,
        "ndcg_at_1000": 0.1271,
        "ndcg_at_20": 0.02286,
        "ndcg_at_3": 0.02093,
        "ndcg_at_5": 0.02176,
        "precision_at_1": 0.02167,
        "precision_at_10": 0.02198,
        "precision_at_100": 0.01659,
        "precision_at_1000": 0.01273,
        "precision_at_20": 0.01997,
        "precision_at_3": 0.02167,
        "precision_at_5": 0.02291,
        "recall_at_1": 0.00046,
        "recall_at_10": 0.00974,
        "recall_at_100": 0.05042,
        "recall_at_1000": 0.37762,
        "recall_at_20": 0.01486,
        "recall_at_3": 0.00179,
        "recall_at_5": 0.00317
      }
    ]
  },
  "task_name": "NFCorpus"
}