{
  "dataset_revision": "ec0fa4fe99da2ff19ca1214b7966684033a58814",
  "evaluation_time": 3.3005430698394775,
  "kg_co2_emissions": null,
  "mteb_version": "1.14.12",
  "scores": {
    "test": [
      {
        "hf_subset": "default",
        "languages": [
          "eng-Latn"
        ],
        "main_score": 0.01365,
        "map_at_1": 0.00023,
        "map_at_10": 0.00079,
        "map_at_100": 0.0022,
        "map_at_1000": 0.00671,
        "map_at_20": 0.00132,
        "map_at_3": 0.00051,
        "map_at_5": 0.00054,
        "mrr_at_1": 0.015479876160990712,
        "mrr_at_10": 0.03816403754484248,
        "mrr_at_100": 0.048520234268246726,
        "mrr_at_1000": 0.05011800563962241,
        "mrr_at_20": 0.04225920214715276,
        "mrr_at_3": 0.028379772961816308,
        "mrr_at_5": 0.03178534571723426,
        "nauc_map_at_1000_diff1": 0.1092413807477227,
        "nauc_map_at_1000_max": 0.05156655064746776,
        "nauc_map_at_1000_std": 0.010341914369424944,
        "nauc_map_at_100_diff1": 0.018680942993592294,
        "nauc_map_at_100_max": 0.1304158109469912,
        "nauc_map_at_100_std": -0.09631427190486247,
        "nauc_map_at_10_diff1": 0.15285765899520704,
        "nauc_map_at_10_max": 0.005590747039551853,
        "nauc_map_at_10_std": -0.18582140599413524,
        "nauc_map_at_1_diff1": 0.8059664379140302,
        "nauc_map_at_1_max": -0.12749296822084266,
        "nauc_map_at_1_std": -0.05429271146232305,
        "nauc_map_at_20_diff1": 0.02518113166540299,
        "nauc_map_at_20_max": 0.15786358793345717,
        "nauc_map_at_20_std": -0.08132309192085302,
        "nauc_map_at_3_diff1": 0.1490965583825026,
        "nauc_map_at_3_max": 0.06126390545986541,
        "nauc_map_at_3_std": -0.2025175560331445,
        "nauc_map_at_5_diff1": 0.12168544400757811,
        "nauc_map_at_5_max": 0.05566028820818506,
        "nauc_map_at_5_std": -0.20198533660576032,
        "nauc_mrr_at_1000_diff1": 0.18583768427597497,
        "nauc_mrr_at_1000_max": 0.10750692922230998,
        "nauc_mrr_at_1000_std": 0.030526667615689628,
        "nauc_mrr_at_100_diff1": 0.18479343114029184,
        "nauc_mrr_at_100_max": 0.11045292226853287,
        "nauc_mrr_at_100_std": 0.028517568576565126,
        "nauc_mrr_at_10_diff1": 0.20564788526621272,
        "nauc_mrr_at_10_max": 0.1038943997435743,
        "nauc_mrr_at_10_std": 0.029882637563696305,
        "nauc_mrr_at_1_diff1": 0.7171207654563221,
        "nauc_mrr_at_1_max": 0.009103426122842836,
        "nauc_mrr_at_1_std": 0.30600112811139174,
        "nauc_mrr_at_20_diff1": 0.19463585866013483,
        "nauc_mrr_at_20_max": 0.11662076998454371,
        "nauc_mrr_at_20_std": 0.029083059207189822,
        "nauc_mrr_at_3_diff1": 0.27023632635148015,
        "nauc_mrr_at_3_max": 0.13766205945649457,
        "nauc_mrr_at_3_std": 0.09278443678052896,
        "nauc_mrr_at_5_diff1": 0.22093872384714924,
        "nauc_mrr_at_5_max": 0.12115960717938265,
        "nauc_mrr_at_5_std": 0.07195550431083657,
        "nauc_ndcg_at_1000_diff1": 0.07176255770190029,
        "nauc_ndcg_at_1000_max": 0.018457210126106936,
        "nauc_ndcg_at_1000_std": -0.035823472316852276,
        "nauc_ndcg_at_100_diff1": 0.05284327418170487,
        "nauc_ndcg_at_100_max": 0.1126405514840183,
        "nauc_ndcg_at_100_std": -0.0600566277873548,
        "nauc_ndcg_at_10_diff1": 0.16571089519741933,
        "nauc_ndcg_at_10_max": 0.09735537838737332,
        "nauc_ndcg_at_10_std": 0.0400409767829829,
        "nauc_ndcg_at_1_diff1": 0.7171207654563221,
        "nauc_ndcg_at_1_max": 0.009103426122842836,
        "nauc_ndcg_at_1_std": 0.30600112811139174,
        "nauc_ndcg_at_20_diff1": 0.11529677889330378,
        "nauc_ndcg_at_20_max": 0.15199416174765815,
        "nauc_ndcg_at_20_std": 0.03514817946726507,
        "nauc_ndcg_at_3_diff1": 0.1973058081294786,
        "nauc_ndcg_at_3_max": 0.1147579941940438,
        "nauc_ndcg_at_3_std": 0.06550702634347767,
        "nauc_ndcg_at_5_diff1": 0.13475021065440726,
        "nauc_ndcg_at_5_max": 0.09956528711468397,
        "nauc_ndcg_at_5_std": 0.03958531017932831,
        "nauc_precision_at_1000_diff1": 0.15425316195453084,
        "nauc_precision_at_1000_max": 0.02531356022627702,
        "nauc_precision_at_1000_std": 0.10541626824262312,
        "nauc_precision_at_100_diff1": 0.10162503654866138,
        "nauc_precision_at_100_max": 0.1004963578837462,
        "nauc_precision_at_100_std": 0.002522285484072286,
        "nauc_precision_at_10_diff1": 0.10347881446432089,
        "nauc_precision_at_10_max": 0.1135612303989954,
        "nauc_precision_at_10_std": -0.004712025499572737,
        "nauc_precision_at_1_diff1": 0.7171207654563221,
        "nauc_precision_at_1_max": 0.009103426122842836,
        "nauc_precision_at_1_std": 0.30600112811139174,
        "nauc_precision_at_20_diff1": 0.1038574076857874,
        "nauc_precision_at_20_max": 0.15099465133459408,
        "nauc_precision_at_20_std": 0.008372514122151118,
        "nauc_precision_at_3_diff1": 0.003821961124148354,
        "nauc_precision_at_3_max": 0.17631748548772797,
        "nauc_precision_at_3_std": -0.046173502108211806,
        "nauc_precision_at_5_diff1": -0.044732263800924474,
        "nauc_precision_at_5_max": 0.13265840383067537,
        "nauc_precision_at_5_std": -0.05690135846480492,
        "nauc_recall_at_1000_diff1": 0.00114243398125741,
        "nauc_recall_at_1000_max": -0.021766872588963725,
        "nauc_recall_at_1000_std": -0.07777134823670784,
        "nauc_recall_at_100_diff1": -0.06140281575585944,
        "nauc_recall_at_100_max": 0.13923059439787572,
        "nauc_recall_at_100_std": -0.0879583551957028,
        "nauc_recall_at_10_diff1": 0.07083588936763273,
        "nauc_recall_at_10_max": -0.007278921672100885,
        "nauc_recall_at_10_std": -0.21928404400664187,
        "nauc_recall_at_1_diff1": 0.8059664379140302,
        "nauc_recall_at_1_max": -0.12749296822084266,
        "nauc_recall_at_1_std": -0.05429271146232305,
        "nauc_recall_at_20_diff1": -0.08184945953393456,
        "nauc_recall_at_20_max": 0.24510176133846107,
        "nauc_recall_at_20_std": -0.013194735117252812,
        "nauc_recall_at_3_diff1": -0.1373101881705127,
        "nauc_recall_at_3_max": 0.1341497906193283,
        "nauc_recall_at_3_std": -0.2751832758378587,
        "nauc_recall_at_5_diff1": -0.15117621169928952,
        "nauc_recall_at_5_max": 0.11238986090117001,
        "nauc_recall_at_5_std": -0.263159638845765,
        "ndcg_at_1": 0.01548,
        "ndcg_at_10": 0.01365,
        "ndcg_at_100": 0.02215,
        "ndcg_at_1000": 0.1084,
        "ndcg_at_20": 0.01425,
        "ndcg_at_3": 0.01511,
        "ndcg_at_5": 0.01293,
        "precision_at_1": 0.01548,
        "precision_at_10": 0.01424,
        "precision_at_100": 0.01207,
        "precision_at_1000": 0.01168,
        "precision_at_20": 0.013,
        "precision_at_3": 0.01651,
        "precision_at_5": 0.013,
        "recall_at_1": 0.00023,
        "recall_at_10": 0.00277,
        "recall_at_100": 0.03473,
        "recall_at_1000": 0.32855,
        "recall_at_20": 0.00849,
        "recall_at_3": 0.00098,
        "recall_at_5": 0.00115
      }
    ]
  },
  "task_name": "NFCorpus"
}